2006-04-03,49.73,,,
2006-04-04,50.04,,,
2006-04-05,50.66,,,
2006-04-06,50.66,,,
2006-04-07,49.92,,,
2006-04-08,49.92,,,
2006-04-09,49.92,,,
2006-04-10,50.2,,,
2006-04-11,50.2,,,
2006-04-12,48.98,,,
2006-04-13,48.21,,,
2006-04-14,48.21,,,
2006-04-15,48.21,,,
2006-04-16,48.21,,,
2006-04-17,49.57,,,
2006-04-18,50.23,,,
2006-04-19,50.54,,,
2006-04-20,51.11,,,
2006-04-21,51.19,,,
2006-04-22,51.19,,,
2006-04-23,51.19,,,
2006-04-24,50.86,,,
2006-04-25,49.9,,,
2006-04-26,51.06,,,
2006-04-27,50.84,,,
2006-04-28,51.38,,,
2006-04-29,51.38,,,
2006-04-30,51.38,,,
2006-05-01,51.38,,,
2006-05-02,53.22,,,
2006-05-03,53.51,,,
2006-05-04,53.34,,,
2006-05-05,53.36,,,
2006-05-06,53.36,,,
2006-05-07,53.36,,,
2006-05-08,53.51,,,
2006-05-09,53.53,,,
2006-05-10,53.71,,,
2006-05-11,53.22,,,
2006-05-12,52.6,,,
2006-05-13,52.6,,,
2006-05-14,52.6,,,
2006-05-15,50.3,,,
2006-05-16,50.5,,,
2006-05-17,51.67,,,
2006-05-18,47.71,,,
2006-05-19,46.07,,,
2006-05-20,46.07,,,
2006-05-21,46.07,,,
2006-05-22,43.5,,,
2006-05-23,45.48,,,
2006-05-24,44.35,,,
2006-05-25,44.68,,,
2006-05-26,45.58,,,
2006-05-27,45.58,,,
2006-05-28,45.58,,,
2006-05-29,45.98,,,
2006-05-30,45.5,,,
2006-05-31,44.0,,,
2006-06-01,42.22,,,
2006-06-02,43.64,,,
2006-06-03,43.64,,,
2006-06-04,43.64,,,
2006-06-05,42.44,,,
2006-06-06,41.31,,,
2006-06-07,39.49,,,
2006-06-08,37.37,,,
2006-06-09,39.77,,,
2006-06-10,39.77,,,
2006-06-11,39.77,,,
2006-06-12,38.47,,,
2006-06-13,36.61,,,
2006-06-14,35.72,,,
2006-06-15,38.39,,,
2006-06-16,39.79,,,
2006-06-17,39.79,,,
2006-06-18,39.79,,,
2006-06-19,40.67,,,
2006-06-20,40.41,,,
2006-06-21,41.26,,,
2006-06-22,41.9,,,
2006-06-23,42.35,,,
2006-06-24,42.35,,,
2006-06-25,42.35,,,
2006-06-26,40.84,,,
2006-06-27,40.86,,,
2006-06-28,40.72,,,
2006-06-29,40.99,,,
2006-06-30,42.7,,,
2006-07-01,42.7,,,
2006-07-02,42.7,,,
2006-07-03,43.13,,,
2006-07-04,42.99,,,
2006-07-05,43.87,,,
2006-07-06,43.55,,,
2006-07-07,42.52,,,
2006-07-08,42.52,,,
2006-07-09,42.52,,,
2006-07-10,43.24,,,
2006-07-11,43.0,,,
2006-07-12,43.79,,,
2006-07-13,43.51,,,
2006-07-14,43.12,,,
2006-07-15,43.12,,,
2006-07-16,43.12,,,
2006-07-17,41.74,,,
2006-07-18,41.42,,,
2006-07-19,40.47,,,
2006-07-20,41.58,,,
2006-07-21,40.69,,,
2006-07-22,40.69,,,
2006-07-23,40.69,,,
2006-07-24,40.75,,,
2006-07-25,41.55,,,
2006-07-26,42.34,,,
2006-07-27,42.62,,,
2006-07-28,42.75,,,
2006-07-29,42.75,,,
2006-07-30,42.75,,,
2006-07-31,43.08,,,
2006-08-01,43.03,,,
2006-08-02,43.66,,,
2006-08-03,43.65,,,
2006-08-04,43.23,,,
2006-08-05,43.23,,,
2006-08-06,43.23,,,
2006-08-07,43.21,,,
2006-08-08,43.9,,,
2006-08-09,44.56,,,
2006-08-10,44.85,,,
2006-08-11,45.3,,,
2006-08-12,45.3,,,
2006-08-13,45.3,,,
2006-08-14,45.77,,,
2006-08-15,45.77,,,
2006-08-16,46.11,,,
2006-08-17,46.25,,,
2006-08-18,46.47,,,
2006-08-19,46.47,,,
2006-08-20,46.47,,,
2006-08-21,46.77,,,
2006-08-22,46.65,,,
2006-08-23,46.24,,,
2006-08-24,46.69,,,
2006-08-25,46.85,,,
2006-08-26,46.85,,,
2006-08-27,46.85,,,
2006-08-28,47.11,,,
2006-08-29,47.25,,,
2006-08-30,47.19,,,
2006-08-31,46.84,,,
2006-09-01,47.22,,,
2006-09-02,47.22,,,
2006-09-03,47.22,,,
2006-09-04,48.06,,,
2006-09-05,48.42,,,
2006-09-06,48.49,,,
2006-09-07,48.43,,,
2006-09-08,48.93,,,
2006-09-09,48.93,,,
2006-09-10,48.93,,,
2006-09-11,47.39,,,
2006-09-12,47.96,,,
2006-09-13,48.74,,,
2006-09-14,48.9,,,
2006-09-15,49.1,,,
2006-09-16,49.1,,,
2006-09-17,49.1,,,
2006-09-18,49.3,,,
2006-09-19,48.71,,,
2006-09-20,49.03,,,
2006-09-21,49.49,,,
2006-09-22,49.41,,,
2006-09-23,49.41,,,
2006-09-24,49.41,,,
2006-09-25,49.11,,,
2006-09-26,49.5,,,
2006-09-27,49.54,,,
2006-09-28,49.21,,,
2006-09-29,49.81,,,
2006-09-30,49.81,,,
2006-10-01,49.81,,,
2006-10-02,49.81,,,
2006-10-03,49.66,,,
2006-10-04,49.31,,,
2006-10-05,49.97,,,
2006-10-06,50.3,,,
2006-10-07,50.3,,,
2006-10-08,50.3,,,
2006-10-09,50.46,,,
2006-10-10,48.4,,,
2006-10-11,47.93,,,
2006-10-12,48.62,,,
2006-10-13,49.11,,,
2006-10-14,49.11,,,
2006-10-15,49.11,,,
2006-10-16,49.33,,,
2006-10-17,49.17,,,
2006-10-18,49.21,,,
2006-10-19,48.99,,,
2006-10-20,48.95,,,
2006-10-21,48.95,,,
2006-10-22,48.95,,,
2006-10-23,49.22,,,
2006-10-24,49.22,,,
2006-10-25,49.22,,,
2006-10-26,49.39,,,
2006-10-27,50.26,,,
2006-10-28,50.26,,,
2006-10-29,50.26,,,
2006-10-30,50.75,,,
2006-10-31,50.99,,,
2006-11-01,51.46,,,
2006-11-02,51.88,,,
2006-11-03,51.7,,,
2006-11-04,51.7,,,
2006-11-05,51.7,,,
2006-11-06,52.11,,,
2006-11-07,52.07,,,
2006-11-08,51.47,,,
2006-11-09,51.68,,,
2006-11-10,51.98,,,
2006-11-11,51.98,,,
2006-11-12,51.98,,,
2006-11-13,52.33,,,
2006-11-14,52.16,,,
2006-11-15,52.29,,,
2006-11-16,52.06,,,
2006-11-17,51.7,,,
2006-11-18,51.7,,,
2006-11-19,51.7,,,
2006-11-20,51.51,,,
2006-11-21,52.33,,,
2006-11-22,52.9,,,
2006-11-23,52.99,,,
2006-11-24,52.89,,,
2006-11-25,52.89,,,
2006-11-26,52.89,,,
2006-11-27,52.79,,,
2006-11-28,52.24,,,
2006-11-29,52.37,,,
2006-11-30,52.13,,,
2006-12-01,53.19,,,
2006-12-02,53.19,,,
2006-12-03,53.19,,,
2006-12-04,53.68,,,
2006-12-05,53.76,,,
2006-12-06,53.56,,,
2006-12-07,53.59,,,
2006-12-08,53.12,,,
2006-12-09,53.12,,,
2006-12-10,53.12,,,
2006-12-11,51.96,,,
2006-12-12,50.02,,,
2006-12-13,51.41,,,
2006-12-14,52.58,,,
2006-12-15,53.04,,,
2006-12-16,53.04,,,
2006-12-17,53.04,,,
2006-12-18,53.33,,,
2006-12-19,52.31,,,
2006-12-20,51.94,,,
2006-12-21,52.15,,,
2006-12-22,52.7,,,
2006-12-23,52.7,,,
2006-12-24,52.7,,,
2006-12-25,52.7,,,
2006-12-26,53.28,,,
2006-12-27,54.55,,,
2006-12-28,54.56,,,
2006-12-29,54.74,,,
2006-12-30,54.74,,,
2006-12-31,54.74,,,
2007-01-01,54.74,,,
2007-01-02,55.09,,,
2007-01-03,55.3,,,
2007-01-04,55.08,,,
2007-01-05,54.93,,,
2007-01-06,54.93,,,
2007-01-07,54.93,,,
2007-01-08,54.31,,,
2007-01-09,53.8,,,
2007-01-10,53.08,,,
2007-01-11,54.03,,,
2007-01-12,55.04,,,
2007-01-13,55.04,,,
2007-01-14,55.04,,,
2007-01-15,55.46,,,
2007-01-16,55.48,,,
2007-01-17,55.97,,,
2007-01-18,56.03,,,
2007-01-19,55.8,,,
2007-01-20,55.8,,,
2007-01-21,55.8,,,
2007-01-22,47.79,,,
2007-01-23,47.29,,,
2007-01-24,47.26,,,
2007-01-25,47.62,,,
2007-01-26,47.62,,,
2007-01-27,47.62,,,
2007-01-28,47.62,,,
2007-01-29,47.48,,,
2007-01-30,47.48,,,
2007-01-31,47.01,,,
2007-02-01,47.53,,,
2007-02-02,48.0,,,
2007-02-03,48.0,,,
2007-02-04,48.0,,,
2007-02-05,48.45,,,
2007-02-06,48.25,,,
2007-02-07,48.59,,,
2007-02-08,48.72,,,
2007-02-09,48.15,,,
2007-02-10,48.15,,,
2007-02-11,48.15,,,
2007-02-12,46.67,,,
2007-02-13,46.39,,,
2007-02-14,46.48,,,
2007-02-15,47.71,,,
2007-02-16,47.71,,,
2007-02-17,47.71,,,
2007-02-18,47.71,,,
2007-02-19,47.8,,,
2007-02-20,47.23,,,
2007-02-21,47.06,,,
2007-02-22,46.41,,,
2007-02-23,45.41,,,
2007-02-24,45.41,,,
2007-02-25,45.41,,,
2007-02-26,45.66,,,
2007-02-27,45.35,,,
2007-02-28,43.76,,,
2007-03-01,44.31,,,
2007-03-02,43.27,,,
2007-03-03,43.27,,,
2007-03-04,43.27,,,
2007-03-05,41.22,,,
2007-03-06,41.76,,,
2007-03-07,41.36,,,
2007-03-08,42.99,,,
2007-03-09,42.44,,,
2007-03-10,42.44,,,
2007-03-11,42.44,,,
2007-03-12,42.51,,,
2007-03-13,42.98,,,
2007-03-14,41.9,,,
2007-03-15,41.94,,,
2007-03-16,41.62,,,
2007-03-17,41.62,,,
2007-03-18,41.62,,,
2007-03-19,42.25,,,
2007-03-20,42.58,,,
2007-03-21,42.86,,,
2007-03-22,43.78,,,
2007-03-23,43.77,,,
2007-03-24,43.77,,,
2007-03-25,43.77,,,
2007-03-26,43.28,,,
2007-03-27,43.28,,,
2007-03-28,42.62,,,
2007-03-29,42.82,,,
2007-03-30,43.32,,,
2007-03-31,43.32,,,
2007-04-01,43.32,,,
2007-04-02,41.62,,,
2007-04-03,42.07,-15.4032,,
2007-04-04,42.42,-15.2278,,
2007-04-05,42.79,-14.2829,,
2007-04-06,42.79,-14.2829,,
2007-04-07,42.79,-14.2829,,
2007-04-08,42.79,-14.2829,,
2007-04-09,43.78,-12.2997,,
2007-04-10,43.99,-12.3705,,
2007-04-11,44.05,-12.251,,
2007-04-12,44.02,-10.1266,,
2007-04-13,44.9,-6.8658,,
2007-04-14,44.9,-6.8658,,
2007-04-15,44.9,-6.8658,,
2007-04-16,45.47,-5.6835,,
2007-04-17,45.1,-9.0176,,
2007-04-18,45.26,-9.8945,,
2007-04-19,45.3,-10.368,,
2007-04-20,45.9,-10.334,,
2007-04-21,45.9,-10.334,,
2007-04-22,45.9,-10.334,,
2007-04-23,46.01,-10.1192,,
2007-04-24,46.48,-8.6119,,
2007-04-25,46.79,-6.2325,,
2007-04-26,47.11,-7.736,,
2007-04-27,46.45,-9.5952,,
2007-04-28,46.45,-9.5952,,
2007-04-29,46.45,-9.5952,,
2007-04-30,46.91,-11.8564,,
2007-05-01,46.91,-11.8564,,
2007-05-02,46.91,-11.8564,,
2007-05-03,47.82,-10.6335,,
2007-05-04,47.73,-10.551,,
2007-05-05,47.73,-10.551,,
2007-05-06,47.73,-10.551,,
2007-05-07,47.56,-10.8696,,
2007-05-08,47.19,-11.8109,,
2007-05-09,47.39,-11.4702,,
2007-05-10,47.4,-11.7483,,
2007-05-11,47.78,-9.1635,,
2007-05-12,47.78,-9.1635,,
2007-05-13,47.78,-9.1635,,
2007-05-14,48.26,-8.251,,
2007-05-15,48.36,-3.8569,,
2007-05-16,48.86,-3.2475,,
2007-05-17,49.52,-4.161,,
2007-05-18,49.39,7.2064,,
2007-05-19,49.39,7.2064,,
2007-05-20,49.39,7.2064,,
2007-05-21,49.7,7.8793,,
2007-05-22,50.07,15.1034,,
2007-05-23,49.65,9.1689,,
2007-05-24,49.8,12.2886,,
2007-05-25,49.96,9.6095,,
2007-05-26,49.96,9.6095,,
2007-05-27,49.96,9.6095,,
2007-05-28,50.32,10.3993,,
2007-05-29,50.8,10.4828,,
2007-05-30,50.54,11.0769,,
2007-05-31,51.05,16.0227,,
2007-06-01,51.33,17.6214,,
2007-06-02,51.33,17.6214,,
2007-06-03,51.33,17.6214,,
2007-06-04,50.85,16.5215,,
2007-06-05,50.76,19.6041,,
2007-06-06,50.16,21.4234,,
2007-06-07,50.1,26.8676,,
2007-06-08,49.74,25.0691,,
2007-06-09,49.74,25.0691,,
2007-06-10,49.74,25.0691,,
2007-06-11,49.85,25.3457,,
2007-06-12,49.72,29.2436,,
2007-06-13,49.44,35.0451,,
2007-06-14,50.08,40.2016,,
2007-06-15,50.14,26.0116,,
2007-06-16,50.14,26.0116,,
2007-06-17,50.14,26.0116,,
2007-06-18,50.26,26.3131,,
2007-06-19,51.11,25.67,,
2007-06-20,51.76,28.0871,,
2007-06-21,51.99,26.0058,,
2007-06-22,52.03,22.8571,,
2007-06-23,52.03,22.8571,,
2007-06-24,52.03,22.8571,,
2007-06-25,52.23,23.3294,,
2007-06-26,52.32,28.1097,,
2007-06-27,52.18,27.7044,,
2007-06-28,52.55,29.0521,,
2007-06-29,52.92,23.9344,,
2007-06-30,52.92,23.9344,,
2007-07-01,52.92,23.9344,,
2007-07-02,53.37,24.9883,,
2007-07-03,53.64,24.3682,,
2007-07-04,53.97,25.5408,,
2007-07-05,53.87,22.7946,,
2007-07-06,54.25,27.587,,
2007-07-07,54.25,27.587,,
2007-07-08,54.25,27.587,,
2007-07-09,54.89,29.0922,,
2007-07-10,54.59,26.2488,,
2007-07-11,54.49,26.7209,,
2007-07-12,55.46,26.6499,,
2007-07-13,55.67,29.1048,,
2007-07-14,55.67,29.1048,,
2007-07-15,55.67,29.1048,,
2007-07-16,55.89,29.615,,
2007-07-17,55.5,32.966,,
2007-07-18,55.54,34.0898,,
2007-07-19,56.33,39.1895,,
2007-07-20,56.34,38.4615,,
2007-07-21,56.34,38.4615,,
2007-07-22,56.34,38.4615,,
2007-07-23,56.61,39.1251,,
2007-07-24,56.63,38.9693,,
2007-07-25,56.18,35.2106,,
2007-07-26,56.38,33.1601,,
2007-07-27,55.01,28.6784,,
2007-07-28,55.01,28.6784,,
2007-07-29,55.01,28.6784,,
2007-07-30,55.11,28.9123,,
2007-07-31,55.96,29.8979,,
2007-08-01,53.88,25.215,,
2007-08-02,53.99,23.6601,,
2007-08-03,54.73,26.6019,,
2007-08-04,54.73,26.6019,,
2007-08-05,54.73,26.6019,,
2007-08-06,53.89,24.6588,,
2007-08-07,54.03,25.0405,,
2007-08-08,54.94,25.1481,,
2007-08-09,54.21,21.6562,,
2007-08-10,53.49,18.0795,,
2007-08-11,53.49,18.0795,,
2007-08-12,53.49,18.0795,,
2007-08-13,54.0,19.2053,,
2007-08-14,53.82,17.5879,,
2007-08-15,53.82,17.5879,,
2007-08-16,51.74,12.2099,,
2007-08-17,51.06,9.8773,,
2007-08-18,51.06,9.8773,,
2007-08-19,51.06,9.8773,,
2007-08-20,51.76,11.3837,,
2007-08-21,49.96,6.8206,,
2007-08-22,50.87,9.0461,,
2007-08-23,50.43,9.0614,,
2007-08-24,51.35,9.6051,,
2007-08-25,51.35,9.6051,,
2007-08-26,51.35,9.6051,,
2007-08-27,52.86,12.8282,,
2007-08-28,53.08,12.6725,,
2007-08-29,53.48,13.1852,,
2007-08-30,53.84,14.092,,
2007-08-31,54.7,15.8407,,
2007-09-01,54.7,15.8407,,
2007-09-02,54.7,15.8407,,
2007-09-03,54.97,16.4125,,
2007-09-04,55.38,15.231,,
2007-09-05,55.23,14.0644,,
2007-09-06,55.62,14.7041,,
2007-09-07,55.55,13.5295,,
2007-09-08,55.55,13.5295,,
2007-09-09,55.55,13.5295,,
2007-09-10,55.86,14.1631,,
2007-09-11,55.64,17.4087,,
2007-09-12,55.63,15.9925,,
2007-09-13,55.95,14.7928,,
2007-09-14,55.72,13.4827,,
2007-09-15,55.72,13.4827,,
2007-09-16,55.72,13.4827,,
2007-09-17,55.59,13.2179,,
2007-09-18,55.98,13.5497,,
2007-09-19,57.29,17.6145,,
2007-09-20,57.76,17.8054,,
2007-09-21,58.27,17.9316,,
2007-09-22,58.27,17.9316,,
2007-09-23,58.27,17.9316,,
2007-09-24,59.08,19.5709,,
2007-09-25,59.04,20.2199,,
2007-09-26,58.86,18.9091,,
2007-09-27,59.29,19.6811,,
2007-09-28,60.06,20.5782,,
2007-09-29,60.06,20.5782,,
2007-09-30,60.06,20.5782,,
2007-10-01,60.93,22.3248,,
2007-10-02,60.93,22.3248,,
2007-10-03,61.91,24.6677,,
2007-10-04,62.41,26.5666,,
2007-10-05,62.29,23.837,,
2007-10-06,62.29,23.837,,
2007-10-07,62.29,23.837,,
2007-10-08,61.02,21.3121,,
2007-10-09,63.41,25.6639,,
2007-10-10,64.15,32.5413,,
2007-10-11,65.13,35.8857,,
2007-10-12,63.98,30.279,,
2007-10-13,63.98,30.279,,
2007-10-14,63.98,30.279,,
2007-10-15,65.81,34.0053,,
2007-10-16,66.72,35.2524,,
2007-10-17,65.42,33.0486,,
2007-10-18,63.18,28.3885,,
2007-10-19,61.46,25.5567,,
2007-10-20,61.46,25.5567,,
2007-10-21,61.46,25.5567,,
2007-10-22,61.67,25.9857,,
2007-10-23,64.27,30.577,,
2007-10-24,64.68,31.41,,
2007-10-25,65.25,32.5681,,
2007-10-26,67.06,33.4262,,
2007-10-27,67.06,33.4262,,
2007-10-28,67.06,33.4262,,
2007-10-29,65.93,31.1779,,
2007-10-30,65.32,28.7094,,
2007-10-31,65.49,28.4369,,
2007-11-01,64.47,25.2818,,
2007-11-02,65.2,26.1122,,
2007-11-03,65.2,26.1122,,
2007-11-04,65.2,26.1122,,
2007-11-05,64.22,24.2166,,
2007-11-06,63.41,21.6849,,
2007-11-07,63.02,21.0294,,
2007-11-08,62.4,20.0462,,
2007-11-09,62.4,20.0462,,
2007-11-10,62.4,20.0462,,
2007-11-11,62.4,20.0462,,
2007-11-12,61.57,18.4494,,
2007-11-13,62.62,19.6637,,
2007-11-14,64.65,23.9456,,
2007-11-15,64.9,24.1155,,
2007-11-16,64.98,25.6867,,
2007-11-17,64.98,25.6867,,
2007-11-18,64.98,25.6867,,
2007-11-19,65.51,26.7118,,
2007-11-20,65.22,26.6162,,
2007-11-21,62.43,19.3006,,
2007-11-22,62.11,17.4102,,
2007-11-23,63.12,19.342,,
2007-11-24,63.12,19.342,,
2007-11-25,63.12,19.342,,
2007-11-26,64.27,21.5164,,
2007-11-27,64.48,22.1443,,
2007-11-28,63.84,22.2052,,
2007-11-29,63.42,21.0999,,
2007-11-30,64.55,21.3574,,
2007-12-01,64.55,21.3574,,
2007-12-02,64.55,21.3574,,
2007-12-03,65.97,24.0271,,
2007-12-04,66.4,23.696,,
2007-12-05,67.76,26.0417,,
2007-12-06,67.75,26.4937,,
2007-12-07,67.93,27.8803,,
2007-12-08,67.93,27.8803,,
2007-12-09,67.93,27.8803,,
2007-12-10,68.03,28.0685,,
2007-12-11,68.83,32.4673,,
2007-12-12,69.19,38.3247,,
2007-12-13,69.06,34.3318,,
2007-12-14,69.12,30.3167,,
2007-12-15,69.12,30.3167,,
2007-12-16,69.12,30.3167,,
2007-12-17,66.43,25.2451,,
2007-12-18,66.43,24.564,,
2007-12-19,66.13,26.4194,,
2007-12-20,66.24,25.6926,,
2007-12-21,66.24,25.6926,,
2007-12-22,66.24,25.6926,,
2007-12-23,66.24,25.6926,,
2007-12-24,67.93,28.8994,,
2007-12-25,67.93,28.8994,,
2007-12-26,69.33,30.1239,,
2007-12-27,69.33,27.0944,,
2007-12-28,69.67,27.2744,,
2007-12-29,69.67,27.2744,,
2007-12-30,69.67,27.2744,,
2007-12-31,70.21,28.2609,,
2008-01-01,70.72,29.1925,,
2008-01-02,71.65,30.0599,,
2008-01-03,71.43,29.1682,,
2008-01-04,72.48,31.9498,,
2008-01-05,72.48,31.9498,,
2008-01-06,72.48,31.9498,,
2008-01-07,72.68,32.3139,,
2008-01-08,71.53,31.7069,,
2008-01-09,71.41,32.7323,,
2008-01-10,69.81,31.5185,,
2008-01-11,70.33,27.7798,,
2008-01-12,70.33,27.7798,,
2008-01-13,70.33,27.7798,,
2008-01-14,70.26,27.6526,,
2008-01-15,69.41,25.1533,,
2008-01-16,68.13,22.801,,
2008-01-17,67.6,20.779,,
2008-01-18,65.31,17.043,,
2008-01-19,65.31,17.043,,
2008-01-20,65.31,17.043,,
2008-01-21,60.0,7.5269,,
2008-01-22,57.11,19.502,,
2008-01-23,60.61,28.1666,,
2008-01-24,58.61,24.0161,,
2008-01-25,62.7,31.6674,,
2008-01-26,62.7,31.6674,,
2008-01-27,62.7,31.6674,,
2008-01-28,62.57,31.3944,,
2008-01-29,62.44,31.508,,
2008-01-30,60.95,28.3698,,
2008-01-31,60.16,27.9728,,
2008-02-01,61.48,28.0833,,
2008-02-02,61.48,28.0833,,
2008-02-03,61.48,28.0833,,
2008-02-04,63.1,31.4583,,
2008-02-05,62.87,29.7626,,
2008-02-06,61.64,27.7513,,
2008-02-07,59.77,23.0088,,
2008-02-08,59.31,23.1776,,
2008-02-09,59.31,23.1776,,
2008-02-10,59.31,23.1776,,
2008-02-11,56.16,16.6355,,
2008-02-12,55.5,18.9201,,
2008-02-13,56.14,21.0175,,
2008-02-14,59.0,26.9363,,
2008-02-15,59.89,25.5292,,
2008-02-16,59.89,25.5292,,
2008-02-17,59.89,25.5292,,
2008-02-18,59.72,25.1729,,
2008-02-19,59.9,25.3138,,
2008-02-20,58.4,23.6502,,
2008-02-21,58.93,25.2231,,
2008-02-22,58.14,28.0335,,
2008-02-23,58.14,28.0335,,
2008-02-24,58.14,28.0335,,
2008-02-25,59.01,29.9494,,
2008-02-26,59.62,30.5738,,
2008-02-27,59.56,31.3341,,
2008-02-28,59.35,35.6261,,
2008-02-29,58.7,35.6598,,
2008-03-01,58.7,35.6598,,
2008-03-02,58.7,35.6598,,
2008-03-03,56.1,29.651,,
2008-03-04,55.42,34.4493,,
2008-03-05,55.36,33.8491,,
2008-03-06,55.36,33.8491,,
2008-03-07,53.36,25.7304,,
2008-03-08,53.36,25.7304,,
2008-03-09,53.36,25.7304,,
2008-03-10,53.23,25.4241,,
2008-03-11,54.2,27.4994,,
2008-03-12,53.67,24.872,,
2008-03-13,50.69,20.9785,,
2008-03-14,51.89,24.6756,,
2008-03-15,51.89,24.6756,,
2008-03-16,51.89,24.6756,,
2008-03-17,41.52,-0.2403,,
2008-03-18,41.66,-1.3964,,
2008-03-19,41.81,-4.478,,
2008-03-20,41.81,-4.478,,
2008-03-21,41.81,-4.478,,
2008-03-22,41.81,-4.478,,
2008-03-23,41.81,-4.478,,
2008-03-24,41.56,-5.0491,,
2008-03-25,43.94,1.525,,
2008-03-26,43.97,1.5943,,
2008-03-27,43.56,2.2055,,
2008-03-28,44.76,3.3241,,
2008-03-29,44.76,3.3241,,
2008-03-30,44.76,3.3241,,
2008-03-31,43.06,-0.6002,,
2008-04-01,43.02,3.3638,,
2008-04-02,42.87,1.9016,,
2008-04-03,42.86,1.0372,,
2008-04-04,42.03,-1.7761,,
2008-04-05,42.03,-1.7761,,
2008-04-06,42.03,-1.7761,,
2008-04-07,42.77,-0.0467,,
2008-04-08,42.38,-3.1978,,
2008-04-09,42.94,-2.3869,,
2008-04-10,43.11,-2.1339,,
2008-04-11,43.36,-3.4298,,
2008-04-12,43.36,-3.4298,,
2008-04-13,43.36,-3.4298,,
2008-04-14,43.36,-3.4298,,
2008-04-15,44.07,-3.079,,
2008-04-16,44.3,-1.7738,,
2008-04-17,44.94,-2.0915,,
2008-04-18,44.94,-2.0915,,
2008-04-19,44.94,-2.0915,,
2008-04-20,44.94,-2.0915,,
2008-04-21,45.8,-0.2179,,
2008-04-22,45.64,-0.8042,,
2008-04-23,45.7,-1.6781,,
2008-04-24,45.39,-2.9921,,
2008-04-25,46.01,-0.9473,,
2008-04-26,46.01,-0.9473,,
2008-04-27,46.01,-0.9473,,
2008-04-28,45.77,-1.4639,,
2008-04-29,46.3,-1.3004,,
2008-04-30,46.26,-1.3856,,
2008-05-01,46.26,-1.3856,,
2008-05-02,47.06,-1.4037,,
2008-05-03,47.06,-1.4037,,
2008-05-04,47.06,-1.4037,,
2008-05-05,46.92,-1.697,,
2008-05-06,46.3,-2.6493,,
2008-05-07,46.46,-1.5469,,
2008-05-08,45.97,-2.9964,,
2008-05-09,45.09,-5.63,,
2008-05-10,45.09,-5.63,,
2008-05-11,45.09,-5.63,,
2008-05-12,44.98,-5.8602,,
2008-05-13,44.85,-7.0659,,
2008-05-14,45.63,-5.6452,,
2008-05-15,46.6,-4.6255,,
2008-05-16,46.72,-5.406,,
2008-05-17,46.72,-5.406,,
2008-05-18,46.72,-5.406,,
2008-05-19,46.72,-5.406,,
2008-05-20,46.31,-6.8209,,
2008-05-21,46.56,-7.0102,,
2008-05-22,45.91,-7.5327,,
2008-05-23,45.17,-9.5877,,
2008-05-24,45.17,-9.5877,,
2008-05-25,45.17,-9.5877,,
2008-05-26,44.16,-11.6093,,
2008-05-27,43.97,-12.6192,,
2008-05-28,44.38,-12.6378,,
2008-05-29,44.0,-12.9402,,
2008-05-30,44.25,-13.7931,,
2008-05-31,44.25,-13.7931,,
2008-06-01,44.25,-13.7931,,
2008-06-02,43.46,-15.3322,,
2008-06-03,43.28,-14.8869,,
2008-06-04,42.09,-17.0804,,
2008-06-05,42.73,-14.8126,,
2008-06-06,42.46,-14.6361,,
2008-06-07,42.46,-14.6361,,
2008-06-08,42.46,-14.6361,,
2008-06-09,41.39,-16.7873,,
2008-06-10,41.1,-17.5527,,
2008-06-11,41.32,-16.8946,,
2008-06-12,41.51,-16.0396,,
2008-06-13,41.39,-17.4511,,
2008-06-14,41.39,-17.4511,,
2008-06-15,41.39,-17.4511,,
2008-06-16,41.62,-16.9924,,
2008-06-17,42.38,-15.6785,,
2008-06-18,41.85,-18.1178,,
2008-06-19,41.06,-20.6723,,
2008-06-20,39.63,-23.8324,,
2008-06-21,39.63,-23.8324,,
2008-06-22,39.63,-23.8324,,
2008-06-23,38.59,-25.8313,,
2008-06-24,38.02,-27.2066,,
2008-06-25,38.38,-26.6437,,
2008-06-26,38.4,-26.4086,,
2008-06-27,36.98,-30.1209,,
2008-06-28,36.98,-30.1209,,
2008-06-29,36.98,-30.1209,,
2008-06-30,35.94,-32.0862,,
2008-07-01,34.6701,-35.0382,,
2008-07-02,35.9479,-32.983,,
2008-07-03,34.8753,-35.3802,,
2008-07-04,35.827,-33.9594,,
2008-07-05,35.827,-33.9594,,
2008-07-06,35.827,-33.9594,,
2008-07-07,36.2093,-33.2547,,
2008-07-08,35.9502,-34.505,,
2008-07-09,37.2018,-31.8524,,
2008-07-10,37.314,-31.5214,,
2008-07-11,36.4021,-34.6109,,
2008-07-12,36.4021,-34.6109,,
2008-07-13,36.4021,-34.6109,,
2008-07-14,36.3887,-34.635,,
2008-07-15,35.134,-37.1372,,
2008-07-16,34.7974,-37.302,,
2008-07-17,35.8843,-35.3902,,
2008-07-18,36.7963,-34.6889,,
2008-07-19,36.7963,-34.6889,,
2008-07-20,36.7963,-34.6889,,
2008-07-21,37.2778,-33.8342,,
2008-07-22,37.8096,-33.2104,,
2008-07-23,39.8054,-29.7097,,
2008-07-24,39.3144,-30.0206,,
2008-07-25,38.5495,-29.9227,,
2008-07-26,38.5495,-29.9227,,
2008-07-27,38.5495,-29.9227,,
2008-07-28,38.7079,-29.6348,,
2008-07-29,37.3815,-32.1693,,
2008-07-30,38.3063,-31.547,,
2008-07-31,38.5091,-28.528,,
2008-08-01,38.7465,-29.2043,,
2008-08-02,38.7465,-29.2043,,
2008-08-03,38.7465,-29.2043,,
2008-08-04,38.9517,-28.8293,,
2008-08-05,39.8075,-26.1319,,
2008-08-06,40.0532,-25.8686,,
2008-08-07,40.1493,-26.9216,,
2008-08-08,40.2567,-24.7398,,
2008-08-09,40.2567,-24.7398,,
2008-08-10,40.2567,-24.7398,,
2008-08-11,41.2029,-22.9708,,
2008-08-12,40.8456,-24.36,,
2008-08-13,40.6632,-24.4459,,
2008-08-14,39.7608,-22.1293,,
2008-08-15,39.7608,-22.1293,,
2008-08-16,39.7608,-22.1293,,
2008-08-17,39.7608,-22.1293,,
2008-08-18,39.3583,-22.9175,,
2008-08-19,39.3502,-23.9757,,
2008-08-20,39.6751,-20.5863,,
2008-08-21,38.6174,-24.0861,,
2008-08-22,38.8106,-24.4195,,
2008-08-23,38.8106,-24.4195,,
2008-08-24,38.8106,-24.4195,,
2008-08-25,38.8591,-24.325,,
2008-08-26,38.8313,-26.5393,,
2008-08-27,38.4511,-27.5601,,
2008-08-28,37.7859,-29.3457,,
2008-08-29,38.916,-28.8556,,
2008-08-30,38.916,-28.8556,,
2008-08-31,38.916,-28.8556,,
2008-09-01,38.8144,-29.0413,,
2008-09-02,39.9358,-27.8877,,
2008-09-03,39.9358,-27.8877,,
2008-09-04,39.6616,-28.1883,,
2008-09-05,39.1366,-29.5471,,
2008-09-06,39.1366,-29.5471,,
2008-09-07,39.1366,-29.5471,,
2008-09-08,39.9265,-28.1251,,
2008-09-09,39.9005,-28.5705,,
2008-09-10,39.5549,-28.9092,,
2008-09-11,38.9624,-29.9615,,
2008-09-12,38.2965,-31.2697,,
2008-09-13,38.2965,-31.2697,,
2008-09-14,38.2965,-31.2697,,
2008-09-15,37.0375,-33.5293,,
2008-09-16,36.9051,-33.612,,
2008-09-17,36.4825,-34.8294,,
2008-09-18,36.6609,-36.0082,,
2008-09-19,37.9208,-34.9223,,
2008-09-20,37.9208,-34.9223,,
2008-09-21,37.9208,-34.9223,,
2008-09-22,37.6394,-35.4052,,
2008-09-23,36.8757,-37.5834,,
2008-09-24,37.0087,-37.3159,,
2008-09-25,36.6566,-37.7224,,
2008-09-26,35.6866,-40.5818,,
2008-09-27,35.6866,-40.5818,,
2008-09-28,35.6866,-40.5818,,
2008-09-29,34.5933,-42.4021,,
2008-09-30,35.0355,-42.4988,,
2008-10-01,35.2579,-43.0497,,
2008-10-02,35.2579,-43.0497,,
2008-10-03,34.3995,-44.7752,,
2008-10-04,34.3995,-44.7752,,
2008-10-05,34.3995,-44.7752,,
2008-10-06,32.988,-47.0413,,
2008-10-07,32.7783,-46.2827,,
2008-10-08,31.7468,-50.5116,,
2008-10-09,31.7468,-50.5116,,
2008-10-10,29.9463,-53.1943,,
2008-10-11,29.9463,-53.1943,,
2008-10-12,29.9463,-53.1943,,
2008-10-13,31.5728,-50.6521,,
2008-10-14,31.9052,-51.5192,,
2008-10-15,30.4905,-54.3008,,
2008-10-16,30.2013,-53.8348,,
2008-10-17,29.0664,-52.7068,,
2008-10-18,29.0664,-52.7068,,
2008-10-19,29.0664,-52.7068,,
2008-10-20,29.1731,-52.5332,,
2008-10-21,30.2583,-50.9351,,
2008-10-22,29.3286,-54.3666,,
2008-10-23,28.4417,-56.0271,,
2008-10-24,26.4422,-60.5693,,
2008-10-25,26.4422,-60.5693,,
2008-10-26,26.4422,-60.5693,,
2008-10-27,25.8245,-60.8304,,
2008-10-28,25.8245,-60.8304,,
2008-10-29,26.7519,-59.1512,,
2008-10-30,26.7519,-59.1512,,
2008-10-31,27.9355,-57.1541,,
2008-11-01,27.9355,-57.1541,,
2008-11-02,27.9355,-57.1541,,
2008-11-03,29.1273,-55.3262,,
2008-11-04,29.7093,-53.7382,,
2008-11-05,29.1192,-54.0779,,
2008-11-06,28.458,-54.8429,,
2008-11-07,28.821,-53.8125,,
2008-11-08,28.821,-53.8125,,
2008-11-09,28.821,-53.8125,,
2008-11-10,29.7693,-52.2928,,
2008-11-11,28.6493,-53.4687,,
2008-11-12,28.107,-56.5244,,
2008-11-13,28.107,-56.5244,,
2008-11-14,27.8161,-57.1928,,
2008-11-15,27.8161,-57.1928,,
2008-11-16,27.8161,-57.1928,,
2008-11-17,27.6556,-57.4398,,
2008-11-18,27.0809,-58.6614,,
2008-11-19,26.7362,-59.0061,,
2008-11-20,26.104,-58.1868,,
2008-11-21,26.9436,-57.3137,,
2008-11-22,26.9436,-57.3137,,
2008-11-23,26.9436,-57.3137,,
2008-11-24,26.9316,-57.3327,,
2008-11-25,26.4794,-58.7998,,
2008-11-26,26.943,-57.7961,,
2008-11-27,26.943,-57.7961,,
2008-11-28,26.9556,-58.2407,,
2008-11-29,26.9556,-58.2407,,
2008-11-30,26.9556,-58.2407,,
2008-12-01,26.468,-58.9961,,
2008-12-02,26.1256,-60.3978,,
2008-12-03,26.3032,-60.3867,,
2008-12-04,27.2018,-59.8557,,
2008-12-05,26.9862,-60.2735,,
2008-12-06,26.9862,-60.2735,,
2008-12-07,26.9862,-60.2735,,
2008-12-08,27.3164,-59.8465,,
2008-12-09,27.3164,-59.8465,,
2008-12-10,28.0321,-59.2734,,
2008-12-11,28.1004,-59.3866,,
2008-12-12,28.2056,-59.1933,,
2008-12-13,28.2056,-59.1933,,
2008-12-14,28.2056,-59.1933,,
2008-12-15,28.4945,-58.7753,,
2008-12-16,28.8196,-56.6166,,
2008-12-17,28.3367,-57.3435,,
2008-12-18,29.0764,-56.0315,,
2008-12-19,29.3454,-55.6984,,
2008-12-20,29.3454,-55.6984,,
2008-12-21,29.3454,-55.6984,,
2008-12-22,29.0358,-56.1658,,
2008-12-23,28.6748,-57.7877,,
2008-12-24,28.5227,-58.8595,,
2008-12-25,28.5227,-58.8595,,
2008-12-26,28.1251,-59.631,,
2008-12-27,28.1251,-59.631,,
2008-12-28,28.1251,-59.631,,
2008-12-29,28.5357,-59.0416,,
2008-12-30,29.0012,-58.6936,,
2008-12-31,28.942,-59.0752,,
2009-01-01,29.5679,-58.7329,,
2009-01-02,29.805,-58.8783,,
2009-01-03,29.805,-58.8783,,
2009-01-04,29.805,-58.8783,,
2009-01-05,30.4494,-57.9892,,
2009-01-06,30.4072,-58.1629,,
2009-01-07,28.902,-59.5267,,
2009-01-08,28.902,-59.5267,,
2009-01-09,28.4815,-59.5031,,
2009-01-10,28.4815,-59.5031,,
2009-01-11,28.4815,-59.5031,,
2009-01-12,27.659,-60.6725,,
2009-01-13,27.331,-61.1002,,
2009-01-14,28.1144,-59.4952,,
2009-01-15,27.2949,-59.937,,
2009-01-16,27.7606,-57.4941,,
2009-01-17,27.7606,-57.4941,,
2009-01-18,27.7606,-57.4941,,
2009-01-19,27.7302,-57.5407,,
2009-01-20,27.1572,-54.738,,
2009-01-21,26.3032,-53.9429,,
2009-01-22,26.2557,-56.6809,,
2009-01-23,25.7174,-58.9834,,
2009-01-24,25.7174,-58.9834,,
2009-01-25,25.7174,-58.9834,,
2009-01-26,25.7174,-58.9834,,
2009-01-27,26.3289,-57.9209,,
2009-01-28,26.8107,-57.0617,,
2009-01-29,26.7995,-56.0304,,
2009-01-30,27.3057,-55.586,,
2009-01-31,27.3057,-55.586,,
2009-02-01,27.3057,-55.586,,
2009-02-02,26.4967,-56.9019,,
2009-02-03,26.6193,-57.8141,,
2009-02-04,26.6775,-57.5672,,
2009-02-05,26.3898,-57.1872,,
2009-02-06,26.8269,-54.7683,,
2009-02-07,26.8269,-54.7683,,
2009-02-08,26.8269,-54.7683,,
2009-02-09,27.5358,-53.5731,,
2009-02-10,27.7397,-50.6059,,
2009-02-11,27.7602,-49.9816,,
2009-02-12,27.5895,-50.8559,,
2009-02-13,27.9856,-53.2717,,
2009-02-14,27.9856,-53.2717,,
2009-02-15,27.9856,-53.2717,,
2009-02-16,27.1818,-54.6138,,
2009-02-17,26.4539,-55.7034,,
2009-02-18,26.3621,-55.9898,,
2009-02-19,26.3819,-54.8255,,
2009-02-20,25.9534,-55.3605,,
2009-02-21,25.9534,-55.3605,,
2009-02-22,25.9534,-55.3605,,
2009-02-23,25.9534,-55.3605,,
2009-02-24,25.8996,-56.1098,,
2009-02-25,26.0878,-56.2432,,
2009-02-26,26.1169,-56.1503,,
2009-02-27,26.0832,-55.5652,,
2009-02-28,26.0832,-55.5652,,
2009-03-01,26.0832,-55.5652,,
2009-03-02,25.4452,-56.6521,,
2009-03-03,25.0578,-55.3337,,
2009-03-04,25.0779,-54.7494,,
2009-03-05,24.5778,-55.6037,,
2009-03-06,24.7033,-53.7045,,
2009-03-07,24.7033,-53.7045,,
2009-03-08,24.7033,-53.7045,,
2009-03-09,24.4118,-54.9598,,
2009-03-10,24.4118,-54.9598,,
2009-03-11,24.4118,-54.9598,,
2009-03-12,24.9474,-53.517,,
2009-03-13,25.8038,-50.2721,,
2009-03-14,25.8038,-50.2721,,
2009-03-15,25.8038,-50.2721,,
2009-03-16,26.213,-49.4835,,
2009-03-17,26.0923,-37.1573,,
2009-03-18,26.3969,-36.6373,,
2009-03-19,26.5111,-36.5915,,
2009-03-20,26.382,-36.9003,,
2009-03-21,26.382,-36.9003,,
2009-03-22,26.382,-36.9003,,
2009-03-23,25.274,-39.5503,,
2009-03-24,25.235,-39.2806,,
2009-03-25,25.5721,-41.8022,,
2009-03-26,26.1868,-40.4439,,
2009-03-27,26.5822,-40.6117,,
2009-03-28,26.5822,-40.6117,,
2009-03-29,26.5822,-40.6117,,
2009-03-30,25.5921,-42.8237,,
2009-03-31,25.9406,-39.7571,,
2009-04-01,26.4398,-38.5407,,
2009-04-02,27.3485,-34.931,-46.0156,
2009-04-03,27.3485,-34.931,-46.0156,
2009-04-04,27.3485,-34.931,-46.0156,
2009-04-05,27.3485,-34.931,-46.0156,
2009-04-06,27.745,-35.1298,-44.4211,
2009-04-07,27.745,-35.1298,-44.4211,
2009-04-08,28.2496,-33.3421,-43.4103,
2009-04-09,28.4166,-34.4636,-41.0566,
2009-04-10,28.4166,-34.4636,-41.0566,
2009-04-11,28.4166,-34.4636,-41.0566,
2009-04-12,28.4166,-34.4636,-41.0566,
2009-04-13,28.8244,-33.5231,-40.2107,
2009-04-14,28.8244,-33.5231,-40.2107,
2009-04-15,29.7247,-32.5512,-38.3433,
2009-04-16,28.8485,-34.8792,-41.8025,
2009-04-17,29.0237,-35.4168,-43.2133,
2009-04-18,29.0237,-35.4168,-43.2133,
2009-04-19,29.0237,-35.4168,-43.2133,
2009-04-20,29.0212,-35.4223,-43.3069,
2009-04-21,28.6604,-37.4227,-44.0117,
2009-04-22,28.4085,-37.7553,-44.5038,
2009-04-23,29.0887,-36.3486,-42.8063,
2009-04-24,29.4202,-36.0569,-42.1318,
2009-04-25,29.4202,-36.0569,-42.1318,
2009-04-26,29.4202,-36.0569,-42.1318,
2009-04-27,29.2652,-36.3938,-43.0417,
2009-04-28,28.4176,-37.9122,-44.6913,
2009-04-29,29.2417,-37.8629,-45.1787,
2009-04-30,29.2417,-37.8629,-45.1787,
2009-05-01,29.2417,-37.8629,-45.1787,
2009-05-02,29.2417,-37.8629,-45.1787,
2009-05-03,29.2417,-37.8629,-45.1787,
2009-05-04,30.7733,-34.6084,-42.3289,
2009-05-05,30.9298,-34.0797,-42.0356,
2009-05-06,30.5806,-33.9512,-42.69,
2009-05-07,31.167,-32.9165,-41.7548,
2009-05-08,30.6424,-32.0417,-42.4231,
2009-05-09,30.6424,-32.0417,-42.4231,
2009-05-10,30.6424,-32.0417,-42.4231,
2009-05-11,30.1453,-33.1442,-42.6895,
2009-05-12,30.9111,-31.2781,-41.2337,
2009-05-13,30.686,-31.5808,-41.6616,
2009-05-14,30.6367,-32.8584,-39.092,
2009-05-15,31.3007,-33.0036,-32.0584,
2009-05-16,31.3007,-33.0036,-32.0584,
2009-05-17,31.3007,-33.0036,-32.0584,
2009-05-18,31.3007,-33.0036,-32.0584,
2009-05-19,35.8761,-23.2104,-22.127,
2009-05-20,36.5988,-20.97,-20.5583,
2009-05-21,36.2391,-22.1669,-16.6917,
2009-05-22,36.6312,-18.9037,-18.0143,
2009-05-23,36.6312,-18.9037,-18.0143,
2009-05-24,36.6312,-18.9037,-18.0143,
2009-05-25,36.8305,-18.4625,-19.1959,
2009-05-26,35.9193,-18.661,-21.195,
2009-05-27,37.1898,-15.4201,-18.4076,
2009-05-28,37.6198,-15.2325,-18.1823,
2009-05-29,38.4738,-13.0536,-8.873,
2009-05-30,38.4738,-13.0536,-8.873,
2009-05-31,38.4738,-13.0536,-8.873,
2009-06-01,38.9784,-11.9132,-10.6819,
2009-06-02,39.1085,-10.0127,-10.3838,
2009-06-03,39.1806,-9.4718,-10.2186,
2009-06-04,39.6899,-5.7023,-6.48,
2009-06-05,39.6941,-6.5141,6.2192,
2009-06-06,39.6941,-6.5141,6.2192,
2009-06-07,39.6941,-6.5141,6.2192,
2009-06-08,38.2563,-9.9004,-3.8061,
2009-06-09,39.1826,-5.3332,-1.477,
2009-06-10,39.9435,-2.8139,0.4363,
2009-06-11,39.5501,-4.2834,2.8076,
2009-06-12,39.0006,-5.7729,1.5905,
2009-06-13,39.0006,-5.7729,1.5905,
2009-06-14,39.0006,-5.7729,1.5905,
2009-06-15,38.3586,-7.324,-3.5974,
2009-06-16,38.9446,-6.4282,-2.1247,
2009-06-17,37.8567,-10.6732,-4.8588,
2009-06-18,37.1636,-11.1981,-8.6216,
2009-06-19,37.952,-4.2342,-9.4224,
2009-06-20,37.952,-4.2342,-9.4224,
2009-06-21,37.952,-4.2342,-9.4224,
2009-06-22,37.5033,-5.3664,-11.4444,
2009-06-23,37.6879,-2.3377,-11.0085,
2009-06-24,38.0478,0.0731,-10.1587,
2009-06-25,37.9286,-1.1761,-7.1288,
2009-06-26,38.805,4.9351,-5.3306,
2009-06-27,38.805,4.9351,-5.3306,
2009-06-28,38.805,4.9351,-5.3306,
2009-06-29,38.9192,5.2439,-8.8543,
2009-06-30,38.0466,5.8614,-10.8979,
2009-07-01,38.3758,10.6885,-10.1269,
2009-07-02,38.4815,7.048,-10.7779,
2009-07-03,39.0075,8.8774,-10.4305,
2009-07-04,39.0075,8.8774,-10.4305,
2009-07-05,39.0075,8.8774,-10.4305,
2009-07-06,37.1972,3.8245,-12.5183,
2009-07-07,37.3394,3.121,-12.1839,
2009-07-08,36.3193,1.0267,-14.583,
2009-07-09,36.4749,-1.9539,-15.6455,
2009-07-10,35.7397,-1.8197,-17.8587,
2009-07-11,35.7397,-1.8197,-17.8587,
2009-07-12,35.7397,-1.8197,-17.8587,
2009-07-13,35.4082,-2.7303,-17.8845,
2009-07-14,36.3646,-0.0662,-15.6665,
2009-07-15,37.4362,6.5526,-13.1814,
2009-07-16,37.4709,7.683,-10.2278,
2009-07-17,38.4404,4.4681,-7.5507,
2009-07-18,38.4404,4.4681,-7.5507,
2009-07-19,38.4404,4.4681,-7.5507,
2009-07-20,39.3442,6.9243,-3.3074,
2009-07-21,39.2202,5.2106,-3.6122,
2009-07-22,38.7275,2.4277,-4.8231,
2009-07-23,39.5958,-0.5266,-2.8324,
2009-07-24,40.0774,3.9635,-5.9657,
2009-07-25,40.0774,3.9635,-5.9657,
2009-07-26,40.0774,3.9635,-5.9657,
2009-07-27,40.1002,4.0226,-6.1984,
2009-07-28,40.3104,4.14,-5.7067,
2009-07-29,40.0389,7.1089,-6.3418,
2009-07-30,40.5988,5.9847,-5.7595,
2009-07-31,41.3579,6.7397,-5.2511,
2009-08-01,41.3579,6.7397,-5.2511,
2009-08-02,41.3579,6.7397,-5.2511,
2009-08-03,42.0547,8.5381,-2.7187,
2009-08-04,41.9241,7.631,-3.0208,
2009-08-05,42.0651,5.6713,-2.6947,
2009-08-06,41.0155,2.4026,-5.0787,
2009-08-07,40.1721,-0.2102,-10.4301,
2009-08-08,40.1721,-0.2102,-10.4301,
2009-08-09,40.1721,-0.2102,-10.4301,
2009-08-10,39.6112,-1.6035,-12.5581,
2009-08-11,39.9385,-3.0687,-11.8355,
2009-08-12,39.8068,-2.5432,-12.1263,
2009-08-13,41.0146,0.8642,-10.3898,
2009-08-14,40.8563,2.7552,-11.6621,
2009-08-15,40.8563,2.7552,-11.6621,
2009-08-16,40.8563,2.7552,-11.6621,
2009-08-17,39.4161,-0.8669,-15.1795,
2009-08-18,40.0439,1.7419,-13.8285,
2009-08-19,39.4029,0.1339,-15.2079,
2009-08-20,39.9027,0.5737,-14.6831,
2009-08-21,40.4335,4.1816,-13.4001,
2009-08-22,40.4335,4.1816,-13.4001,
2009-08-23,40.4335,4.1816,-13.4001,
2009-08-24,41.3519,6.548,-11.7355,
2009-08-25,41.4514,6.671,-11.5232,
2009-08-26,41.6462,7.249,-11.1074,
2009-08-27,41.8487,8.8362,-11.1681,
2009-08-28,42.19,8.413,-9.9274,
2009-08-29,42.19,8.413,-9.9274,
2009-08-30,42.19,8.413,-9.9274,
2009-08-31,41.7586,7.3045,-11.5659,
2009-09-01,41.5645,7.0853,-11.9769,
2009-09-02,41.436,3.7565,-12.249,
2009-09-03,41.4273,3.7347,-13.8009,
2009-09-04,41.9927,7.2978,-13.292,
2009-09-05,41.9927,7.2978,-13.292,
2009-09-06,41.9927,7.2978,-13.292,
2009-09-07,43.0095,9.8959,-12.0999,
2009-09-08,43.0753,7.8865,-11.9655,
2009-09-09,42.8946,7.5039,-12.3348,
2009-09-10,42.9029,8.4642,-9.4685,
2009-09-11,43.0154,12.322,-12.0339,
2009-09-12,43.0154,12.322,-12.0339,
2009-09-13,43.0154,12.322,-12.0339,
2009-09-14,43.0484,12.4082,-12.3251,
2009-09-15,43.7337,18.0795,-10.9293,
2009-09-16,44.4542,20.4554,-9.4619,
2009-09-17,44.7958,22.7871,-9.1363,
2009-09-18,45.2164,19.239,-8.4874,
2009-09-19,45.2164,19.239,-8.4874,
2009-09-20,45.2164,19.239,-8.4874,
2009-09-21,45.2164,19.239,-8.4874,
2009-09-22,45.6051,21.1632,-7.7007,
2009-09-23,45.142,22.4167,-8.6379,
2009-09-24,45.3177,22.4515,-7.7221,
2009-09-25,45.3545,27.0911,-8.945,
2009-09-26,45.3545,27.0911,-8.945,
2009-09-27,45.3545,27.0911,-8.945,
2009-09-28,45.3545,27.0911,-8.945,
2009-09-29,45.442,31.3607,-8.7693,
2009-09-30,46.1048,31.5945,-7.4387,
2009-10-01,46.0202,33.7816,-7.9043,
2009-10-02,46.0202,33.7816,-7.9043,
2009-10-03,46.0202,33.7816,-7.9043,
2009-10-04,46.0202,33.7816,-7.9043,
2009-10-05,45.1935,31.3784,-10.1521,
2009-10-06,45.2046,37.0335,-10.13,
2009-10-07,45.0305,37.379,-10.4761,
2009-10-08,45.3509,42.8519,-10.125,
2009-10-09,44.8044,49.6158,-7.8478,
2009-10-10,44.8044,49.6158,-7.8478,
2009-10-11,44.8044,49.6158,-7.8478,
2009-10-12,45.6702,44.6505,-7.0043,
2009-10-13,45.6702,44.6505,-7.0043,
2009-10-14,46.2691,45.0206,-5.7848,
2009-10-15,46.3268,51.9385,-6.088,
2009-10-16,46.7592,60.8703,-4.4756,
2009-10-17,46.7592,60.8703,-4.4756,
2009-10-18,46.7592,60.8703,-4.4756,
2009-10-19,46.7592,60.8703,-4.4756,
2009-10-20,46.7876,60.3793,-4.4176,
2009-10-21,46.0926,52.3304,-5.8374,
2009-10-22,45.3267,54.5478,-7.91,
2009-10-23,45.5037,72.0874,-7.8686,
2009-10-24,45.5037,72.0874,-7.8686,
2009-10-25,45.5037,72.0874,-7.8686,
2009-10-26,45.2383,71.0837,-9.9914,
2009-10-27,44.1396,70.9214,-12.1775,
2009-10-28,44.0235,70.4718,-12.4085,
2009-10-29,43.5671,62.8561,-14.1535,
2009-10-30,43.4097,55.3926,-16.0354,
2009-10-31,43.4097,55.3926,-16.0354,
2009-11-01,43.4097,55.3926,-16.0354,
2009-11-02,43.4097,55.3926,-16.0354,
2009-11-03,42.2934,45.2019,-18.1946,
2009-11-04,43.5448,46.5696,-15.7741,
2009-11-05,44.0224,51.18,-15.5202,
2009-11-06,44.5206,54.4728,-13.8533,
2009-11-07,44.5206,54.4728,-13.8533,
2009-11-08,44.5206,54.4728,-13.8533,
2009-11-09,45.2589,57.0345,-12.9302,
2009-11-10,45.182,51.7738,-13.0781,
2009-11-11,46.1729,61.1659,-11.1718,
2009-11-12,45.7467,62.7591,-12.5804,
2009-11-13,46.0246,65.4603,-11.5932,
2009-11-14,46.0246,65.4603,-11.5932,
2009-11-15,46.0246,65.4603,-11.5932,
2009-11-16,46.5298,67.2765,-10.0004,
2009-11-17,46.4349,67.9041,-10.1839,
2009-11-18,46.4248,71.43,-10.2035,
2009-11-19,45.7937,71.2798,-11.0975,
2009-11-20,46.3236,71.928,-12.5805,
2009-11-21,46.3236,71.928,-12.5805,
2009-11-22,46.3236,71.928,-12.5805,
2009-11-23,46.6598,73.1758,-11.7795,
2009-11-24,46.6625,73.263,-11.7744,
2009-11-25,46.7923,76.7121,-11.529,
2009-11-26,46.1411,71.2545,-12.595,
2009-11-27,45.5913,69.1348,-12.5431,
2009-11-28,45.5913,69.1348,-12.5431,
2009-11-29,45.5913,69.1348,-12.5431,
2009-11-30,41.3967,53.5737,-22.172,
2009-12-01,42.1269,59.1616,-20.7992,
2009-12-02,42.3447,62.0813,-20.3897,
2009-12-03,42.6779,62.2536,-20.4957,
2009-12-04,42.495,57.4694,-20.7035,
2009-12-05,42.495,57.4694,-20.7035,
2009-12-06,42.495,57.4694,-20.7035,
2009-12-07,42.2911,56.7138,-20.3857,
2009-12-08,42.7213,56.3943,-19.5759,
2009-12-09,42.5457,55.7515,-19.9064,
2009-12-10,42.6796,52.2526,-17.8607,
2009-12-11,42.5618,50.8984,-19.0533,
2009-12-12,42.5618,50.8984,-19.0533,
2009-12-13,42.5618,50.8984,-19.0533,
2009-12-14,42.4971,50.669,-19.8773,
2009-12-15,41.8003,46.696,-21.191,
2009-12-16,42.1212,46.1547,-20.586,
2009-12-17,42.1772,48.843,-20.9128,
2009-12-18,41.8849,42.7307,-19.6838,
2009-12-19,41.8849,42.7307,-19.6838,
2009-12-20,41.8849,42.7307,-19.6838,
2009-12-21,41.6356,41.8812,-20.9951,
2009-12-22,41.9561,44.4978,-20.3869,
2009-12-23,42.9166,49.6666,-18.5643,
2009-12-24,43.2562,53.7993,-20.9788,
2009-12-25,43.2562,53.7993,-20.9788,
2009-12-26,43.2562,53.7993,-20.9788,
2009-12-27,43.2562,53.7993,-20.9788,
2009-12-28,43.2562,53.7993,-20.9788,
2009-12-29,43.4482,52.2591,-20.6281,
2009-12-30,43.4402,49.7876,-20.6427,
2009-12-31,43.5886,46.2459,-20.8631,
2010-01-01,43.5886,46.2459,-20.8631,
2010-01-02,43.5886,46.2459,-20.8631,
2010-01-03,43.5886,46.2459,-20.8631,
2010-01-04,43.9977,47.6185,-19.9022,
2010-01-05,44.2715,45.3937,-19.4038,
2010-01-06,44.4007,46.0204,-19.1686,
2010-01-07,44.4006,53.6247,-18.246,
2010-01-08,44.2118,55.2299,-18.1718,
2010-01-09,44.2118,55.2299,-18.1718,
2010-01-10,44.2118,55.2299,-18.1718,
2010-01-11,44.3314,55.6498,-19.456,
2010-01-12,43.7776,58.2761,-20.4622,
2010-01-13,44.042,61.143,-19.9818,
2010-01-14,44.2518,57.3991,-20.2095,
2010-01-15,44.2366,59.3503,-21.0484,
2010-01-16,44.2366,59.3503,-21.0484,
2010-01-17,44.2366,59.3503,-21.0484,
2010-01-18,44.3888,59.8986,-20.4502,
2010-01-19,44.018,58.7367,-21.1147,
2010-01-20,44.0917,62.3573,-20.9826,
2010-01-21,43.0813,63.7873,-9.8529,
2010-01-22,42.4361,65.0093,-10.886,
2010-01-23,42.4361,65.0093,-10.886,
2010-01-24,42.4361,65.0093,-10.886,
2010-01-25,42.2131,64.1422,-11.3543,
2010-01-26,42.2131,64.1422,-11.3543,
2010-01-27,40.8156,55.022,-14.289,
2010-01-28,41.0611,53.1519,-13.5192,
2010-01-29,41.3658,51.4914,-12.9691,
2010-01-30,41.3658,51.4914,-12.9691,
2010-01-31,41.3658,51.4914,-12.9691,
2010-02-01,41.7118,52.7586,-13.1004,
2010-02-02,41.1252,55.2088,-14.3225,
2010-02-03,41.763,56.8899,-12.9938,
2010-02-04,40.9426,53.4724,-15.4951,
2010-02-05,39.8136,48.4092,-18.2808,
2010-02-06,39.8136,48.4092,-18.2808,
2010-02-07,39.8136,48.4092,-18.2808,
2010-02-08,40.2634,50.0859,-16.3792,
2010-02-09,40.503,47.0921,-15.8816,
2010-02-10,40.2174,44.9814,-16.4748,
2010-02-11,40.6616,45.2947,-14.7734,
2010-02-12,40.6616,45.2947,-14.7734,
2010-02-13,40.6616,45.2947,-14.7734,
2010-02-14,40.6616,45.2947,-14.7734,
2010-02-15,40.3546,44.1977,-15.4169,
2010-02-16,40.851,50.2881,-14.3764,
2010-02-17,41.2675,55.9978,-13.5035,
2010-02-18,41.0632,55.766,-14.0937,
2010-02-19,40.7219,56.9039,-12.2562,
2010-02-20,40.7219,56.9039,-12.2562,
2010-02-21,40.7219,56.9039,-12.2562,
2010-02-22,40.7803,57.1289,-10.1953,
2010-02-23,40.7801,57.1282,-10.1958,
2010-02-24,40.8758,57.8241,-9.985,
2010-02-25,40.7781,56.311,-10.6919,
2010-02-26,41.4501,58.9149,-4.2059,
2010-02-27,41.4501,58.9149,-4.2059,
2010-02-28,41.4501,58.9149,-4.2059,
2010-03-01,41.4501,58.9149,-4.2059,
2010-03-02,42.2444,66.0211,-2.3702,
2010-03-03,42.7624,70.655,-1.1731,
2010-03-04,42.9225,71.1567,4.1303,
2010-03-05,43.017,74.1346,0.0628,
2010-03-06,43.017,74.1346,0.0628,
2010-03-07,43.017,74.1346,0.0628,
2010-03-08,43.2413,75.0426,1.8881,
2010-03-09,42.9415,75.9047,1.1817,
2010-03-10,42.8944,75.7117,1.0707,
2010-03-11,42.9095,75.7736,0.9398,
2010-03-12,42.8852,66.1972,2.2537,
2010-03-13,42.8852,66.1972,2.2537,
2010-03-14,42.8852,66.1972,2.2537,
2010-03-15,42.5954,65.0741,2.3436,
2010-03-16,43.0466,64.2185,3.4277,
2010-03-17,43.2286,65.6757,3.865,
2010-03-18,43.3804,64.339,2.6755,
2010-03-19,43.5448,65.055,-0.5372,
2010-03-20,43.5448,65.055,-0.5372,
2010-03-21,43.5448,65.055,-0.5372,
2010-03-22,43.1943,63.7264,-1.3153,
2010-03-23,43.371,71.8684,-0.9116,
2010-03-24,43.371,71.8684,-0.9116,
2010-03-25,43.4328,69.8445,0.353,
2010-03-26,43.6084,64.0511,1.8412,
2010-03-27,43.6084,64.0511,1.8412,
2010-03-28,43.6084,64.0511,1.8412,
2010-03-29,43.7147,64.451,0.9111,
2010-03-30,43.5704,70.2494,0.578,
2010-03-31,41.118,58.5083,-5.0831,
2010-04-01,41.4341,51.5041,-3.1687,
2010-04-02,41.4341,51.5041,-3.1687,
2010-04-03,41.4341,51.5041,-3.1687,
2010-04-04,41.4341,51.5041,-3.1687,
2010-04-05,41.9644,53.4432,-1.9294,
2010-04-06,41.9621,51.242,-1.9348,
2010-04-07,42.135,51.8652,-1.5307,
2010-04-08,41.661,47.4747,-4.8401,
2010-04-09,41.9885,47.7605,-4.6149,
2010-04-10,41.9885,47.7605,-4.6149,
2010-04-11,41.9885,47.7605,-4.6149,
2010-04-12,41.8744,47.3589,-6.7385,
2010-04-13,41.7848,44.9633,-6.9381,
2010-04-14,41.7848,44.9633,-6.9381,
2010-04-15,41.5262,39.7027,-8.6734,
2010-04-16,41.4793,42.9153,-8.4342,
2010-04-17,41.4793,42.9153,-8.4342,
2010-04-18,41.4793,42.9153,-8.4342,
2010-04-19,40.9125,40.9624,-10.866,
2010-04-20,41.2167,42.0227,-10.2033,
2010-04-21,41.4611,44.6634,-9.6708,
2010-04-22,41.7446,46.944,-9.2706,
2010-04-23,41.8739,42.3304,-11.1146,
2010-04-24,41.8739,42.3304,-11.1146,
2010-04-25,41.8739,42.3304,-11.1146,
2010-04-26,41.8465,42.2373,-9.9107,
2010-04-27,41.7318,42.5987,-10.1576,
2010-04-28,41.1044,44.6442,-11.5083,
2010-04-29,41.308,41.264,-11.942,
2010-04-30,41.7772,42.8686,-12.6366,
2010-05-01,41.7772,42.8686,-12.6366,
2010-05-02,41.7772,42.8686,-12.6366,
2010-05-03,41.4896,41.885,-13.0744,
2010-05-04,41.0124,33.2727,-14.0742,
2010-05-05,40.9449,32.3801,-14.2156,
2010-05-06,40.9507,33.9107,-13.8968,
2010-05-07,40.1521,31.0344,-15.2909,
2010-05-08,40.1521,31.0344,-15.2909,
2010-05-09,40.1521,31.0344,-15.2909,
2010-05-10,41.296,34.7675,-13.5705,
2010-05-11,40.8532,35.521,-14.4973,
2010-05-12,41.0535,32.8115,-14.0781,
2010-05-13,41.3745,34.8318,-14.2675,
2010-05-14,40.8267,30.4338,-17.5551,
2010-05-15,40.8267,30.4338,-17.5551,
2010-05-16,40.8267,30.4338,-17.5551,
2010-05-17,40.9262,30.7517,-17.1367,
2010-05-18,41.0243,31.0651,-16.938,
2010-05-19,39.8262,11.0104,-19.3638,
2010-05-20,40.0512,9.4331,-19.4141,
2010-05-21,39.7825,8.6028,-20.1155,
2010-05-22,39.7825,8.6028,-20.1155,
2010-05-23,39.7825,8.6028,-20.1155,
2010-05-24,39.9659,9.1034,-20.0042,
2010-05-25,38.8251,5.4156,-22.2876,
2010-05-26,39.486,9.9298,-20.9648,
2010-05-27,40.1011,7.8282,-20.3078,
2010-05-28,40.5055,5.2807,-20.6552,
2010-05-29,40.5055,5.2807,-20.6552,
2010-05-30,40.5055,5.2807,-20.6552,
2010-05-31,40.8903,6.2809,-20.3384,
2010-06-01,40.125,2.9416,-21.8293,
2010-06-02,40.6986,4.0659,-20.7119,
2010-06-03,41.2505,5.283,-18.8781,
2010-06-04,41.488,4.5193,-17.1896,
2010-06-05,41.488,4.5193,-17.1896,
2010-06-06,41.488,4.5193,-17.1896,
2010-06-07,40.7329,2.617,-18.1084,
2010-06-08,40.4029,5.6111,-18.7718,
2010-06-09,40.6422,3.7251,-18.2907,
2010-06-10,41.3228,3.4531,-17.1057,
2010-06-11,41.4481,6.2755,-17.2362,
2010-06-12,41.4481,6.2755,-17.2362,
2010-06-13,41.4481,6.2755,-17.2362,
2010-06-14,41.8143,7.2145,-16.6049,
2010-06-15,41.9654,9.4028,-16.3036,
2010-06-16,42.042,7.9533,-16.1508,
2010-06-17,42.3043,11.7485,-15.8291,
2010-06-18,42.254,11.3354,-18.7267,
2010-06-19,42.254,11.3354,-18.7267,
2010-06-20,42.254,11.3354,-18.7267,
2010-06-21,42.8835,12.994,-17.5793,
2010-06-22,42.685,13.8167,-17.9608,
2010-06-23,42.8587,13.7201,-17.6269,
2010-06-24,42.7442,12.3434,-18.1616,
2010-06-25,42.7192,10.0868,-18.7075,
2010-06-26,42.7192,10.0868,-18.7075,
2010-06-27,42.7192,10.0868,-18.7075,
2010-06-28,43.2723,11.5122,-18.2307,
2010-06-29,42.9066,10.2453,-18.9218,
2010-06-30,43.3006,13.8094,-18.1772,
2010-07-01,42.9872,12.0164,-19.4544,
2010-07-02,42.928,10.0506,-20.3119,
2010-07-03,42.928,10.0506,-20.3119,
2010-07-04,42.928,10.0506,-20.3119,
2010-07-05,42.8853,9.9412,-20.9488,
2010-07-06,43.2306,16.22,-20.3123,
2010-07-07,43.0372,15.2595,-20.6688,
2010-07-08,43.5578,19.9302,-20.6453,
2010-07-09,43.8319,22.642,-20.9666,
2010-07-10,43.8319,22.642,-20.9666,
2010-07-11,43.8319,22.642,-20.9666,
2010-07-12,43.9253,22.9034,-21.097,
2010-07-13,44.1402,24.661,-20.711,
2010-07-14,44.1199,21.3265,-20.7474,
2010-07-15,43.9727,17.4604,-21.3228,
2010-07-16,44.2971,15.2358,-21.3614,
2010-07-17,44.2971,15.2358,-21.3614,
2010-07-18,44.2971,15.2358,-21.3614,
2010-07-19,44.3623,15.4054,-21.2597,
2010-07-20,44.1271,12.1566,-21.6771,
2010-07-21,44.2279,12.7682,-21.4982,
2010-07-22,44.4858,14.8688,-21.4171,
2010-07-23,44.4618,10.9398,-21.1391,
2010-07-24,44.4618,10.9398,-21.1391,
2010-07-25,44.4618,10.9398,-21.1391,
2010-07-26,43.9012,9.541,-20.1941,
2010-07-27,43.9387,9.5723,-20.126,
2010-07-28,43.892,8.8851,-20.2109,
2010-07-29,43.7616,9.2977,-20.5923,
2010-07-30,43.4948,5.1668,-19.4392,
2010-07-31,43.4948,5.1668,-19.4392,
2010-08-01,43.4948,5.1668,-19.4392,
2010-08-02,43.9779,6.3349,-19.6457,
2010-08-03,44.0771,4.809,-19.4645,
2010-08-04,44.1748,5.3685,-19.2859,
2010-08-05,44.2443,5.1805,-17.8989,
2010-08-06,44.0508,9.6552,-18.7405,
2010-08-07,44.0508,9.6552,-18.7405,
2010-08-08,44.0508,9.6552,-18.7405,
2010-08-09,44.432,10.6041,-16.934,
2010-08-10,44.2501,11.7111,-17.2741,
2010-08-11,43.9621,10.0745,-17.8125,
2010-08-12,44.3869,11.5058,-17.802,
2010-08-13,44.7877,9.6225,-13.437,
2010-08-14,44.7877,9.6225,-13.437,
2010-08-15,44.7877,9.6225,-13.437,
2010-08-16,44.3865,8.6405,-13.0699,
2010-08-17,44.4312,12.7235,-12.9824,
2010-08-18,44.8575,12.0208,-12.1475,
2010-08-19,45.1168,14.5012,-12.8346,
2010-08-20,45.1038,11.5506,-10.5616,
2010-08-21,45.1038,11.5506,-10.5616,
2010-08-22,45.1038,11.5506,-10.5616,
2010-08-23,45.2996,12.0348,-11.7827,
2010-08-24,45.1222,9.1176,-12.1281,
2010-08-25,44.7031,7.8446,-12.9443,
2010-08-26,44.9004,7.8139,-15.0579,
2010-08-27,44.6064,5.7274,-17.1501,
2010-08-28,44.6064,5.7274,-17.1501,
2010-08-29,44.6064,5.7274,-17.1501,
2010-08-30,44.629,5.781,-18.4113,
2010-08-31,44.4797,6.5163,-18.6843,
2010-09-01,45.0711,8.4365,-17.6031,
2010-09-02,45.0879,8.8134,-17.9773,
2010-09-03,45.2421,7.738,-18.6586,
2010-09-04,45.2421,7.738,-18.6586,
2010-09-05,45.2421,7.738,-18.6586,
2010-09-06,45.9392,9.3981,-17.3012,
2010-09-07,45.9718,6.8875,-17.2425,
2010-09-08,46.0156,6.826,-17.1636,
2010-09-09,46.2934,7.6205,-17.2593,
2010-09-10,46.2934,7.6205,-17.2593,
2010-09-11,46.2934,7.6205,-17.2593,
2010-09-12,46.2934,7.6205,-17.2593,
2010-09-13,47.2572,9.8611,-15.1881,
2010-09-14,47.42,10.1551,-14.8959,
2010-09-15,47.6494,8.9535,-14.4842,
2010-09-16,47.2998,6.4012,-14.9131,
2010-09-17,47.6865,5.4628,-17.4403,
2010-09-18,47.6865,5.4628,-17.4403,
2010-09-19,47.6865,5.4628,-17.4403,
2010-09-20,48.2313,6.6677,-17.2279,
2010-09-21,48.2625,6.7367,-17.1744,
2010-09-22,48.2772,5.8592,-17.1491,
2010-09-23,48.2554,6.8969,-18.3219,
2010-09-24,48.4834,6.8988,-18.2267,
2010-09-25,48.4834,6.8988,-18.2267,
2010-09-26,48.4834,6.8988,-18.2267,
2010-09-27,48.7542,7.4958,-18.8242,
2010-09-28,48.9242,7.8707,-18.5411,
2010-09-29,48.6975,7.1641,-18.9186,
2010-09-30,48.7266,5.6866,-20.0286,
2010-10-01,49.5671,7.7073,-20.5783,
2010-10-02,49.5671,7.7073,-20.5783,
2010-10-03,49.5671,7.7073,-20.5783,
2010-10-04,49.8357,8.2909,-19.9941,
2010-10-05,49.8931,10.3988,-19.9019,
2010-10-06,50.162,10.9666,-19.4702,
2010-10-07,49.5161,9.9612,-18.8527,
2010-10-08,49.3575,10.1622,-24.217,
2010-10-09,49.3575,10.1622,-24.217,
2010-10-10,49.3575,10.1622,-24.217,
2010-10-11,49.7032,10.9337,-22.3145,
2010-10-12,49.3219,7.9958,-22.9104,
2010-10-13,50.1661,9.8443,-21.591,
2010-10-14,49.7303,7.4806,-24.4335,
2010-10-15,48.9011,4.5807,-22.6003,
2010-10-16,48.9011,4.5807,-22.6003,
2010-10-17,48.9011,4.5807,-22.6003,
2010-10-18,49.0654,4.9321,-20.1669,
2010-10-19,48.7061,4.1637,-20.7515,
2010-10-20,48.5812,3.8335,-20.9548,
2010-10-21,49.4087,7.1944,-19.8821,
2010-10-22,49.4316,8.632,-24.2428,
2010-10-23,49.4316,8.632,-24.2428,
2010-10-24,49.4316,8.632,-24.2428,
2010-10-25,49.7125,9.2494,-25.8686,
2010-10-26,49.5458,9.5218,-26.1172,
2010-10-27,49.0275,11.0737,-26.8901,
2010-10-28,48.6634,10.5396,-26.1893,
2010-10-29,48.6593,12.0931,-24.5241,
2010-10-30,48.6593,12.0931,-24.5241,
2010-10-31,48.6593,12.0931,-24.5241,
2010-11-01,49.322,13.6198,-24.3528,
2010-11-02,49.3442,13.6709,-24.3187,
2010-11-03,49.5556,17.171,-23.9945,
2010-11-04,50.4037,13.2143,-19.2248,
2010-11-05,50.4037,13.2143,-19.2248,
2010-11-06,50.4037,13.2143,-19.2248,
2010-11-07,50.4037,13.2143,-19.2248,
2010-11-08,50.7446,13.98,-18.6785,
2010-11-09,50.6594,11.9325,-18.8151,
2010-11-10,50.5512,11.8835,-18.9885,
2010-11-11,49.9912,8.2696,-18.8059,
2010-11-12,49.0198,6.5078,-24.4687,
2010-11-13,49.0198,6.5078,-24.4687,
2010-11-14,49.0198,6.5078,-24.4687,
2010-11-15,49.308,7.134,-24.1182,
2010-11-16,48.5072,4.4628,-25.3506,
2010-11-17,48.5072,4.4628,-25.3506,
2010-11-18,48.4576,4.3787,-26.0302,
2010-11-19,47.3579,2.2328,-23.7516,
2010-11-20,47.3579,2.2328,-23.7516,
2010-11-21,47.3579,2.2328,-23.7516,
2010-11-22,48.0241,3.6709,-23.9162,
2010-11-23,47.367,1.5157,-24.9572,
2010-11-24,46.6066,-0.1198,-26.1619,
2010-11-25,45.6763,-2.385,-28.9306,
2010-11-26,45.3048,-0.6284,-28.5639,
2010-11-27,45.3048,-0.6284,-28.5639,
2010-11-28,45.3048,-0.6284,-28.5639,
2010-11-29,45.7487,0.3452,-29.1267,
2010-11-30,46.2781,11.7918,-28.3066,
2010-12-01,47.3733,12.4538,-26.6099,
2010-12-02,47.6761,12.5905,-27.7306,
2010-12-03,47.1359,10.921,-30.4267,
2010-12-04,47.1359,10.921,-30.4267,
2010-12-05,47.1359,10.921,-30.4267,
2010-12-06,47.0556,10.7321,-30.7293,
2010-12-07,46.728,10.4913,-31.2115,
2010-12-08,46.3025,8.3827,-31.8379,
2010-12-09,44.8593,5.4379,-34.0595,
2010-12-10,45.5525,7.0267,-34.0392,
2010-12-11,45.5525,7.0267,-34.0392,
2010-12-12,45.5525,7.0267,-34.0392,
2010-12-13,46.0258,8.1388,-33.4117,
2010-12-14,46.4271,9.2477,-32.8312,
2010-12-15,46.2136,10.5581,-33.14,
2010-12-16,46.4644,10.9335,-29.8545,
2010-12-17,46.4644,10.9335,-29.8545,
2010-12-18,46.4644,10.9335,-29.8545,
2010-12-19,46.4644,10.9335,-29.8545,
2010-12-20,46.5595,11.1606,-29.7109,
2010-12-21,46.8241,12.4617,-29.3114,
2010-12-22,46.6003,11.0692,-29.6493,
2010-12-23,46.4646,8.2672,-31.5993,
2010-12-24,46.6039,7.7392,-32.7796,
2010-12-25,46.6039,7.7392,-32.7796,
2010-12-26,46.6039,7.7392,-32.7796,
2010-12-27,46.4679,7.4248,-33.3029,
2010-12-28,46.3813,7.2246,-33.4272,
2010-12-29,46.7894,7.6901,-32.8414,
2010-12-30,46.9509,8.0817,-33.1279,
2010-12-31,47.3615,8.6557,-33.6952,
2011-01-01,47.3615,8.6557,-33.6952,
2011-01-02,47.3615,8.6557,-33.6952,
2011-01-03,47.6401,9.2949,-34.2714,
2011-01-04,47.4842,7.9243,-34.4865,
2011-01-05,46.8262,5.7705,-35.3943,
2011-01-06,46.3152,4.3119,-36.2752,
2011-01-07,45.4582,2.8192,-34.883,
2011-01-08,45.4582,2.8192,-34.883,
2011-01-09,45.4582,2.8192,-34.883,
2011-01-10,44.5028,0.6582,-36.7229,
2011-01-11,44.3516,0.0456,-36.9379,
2011-01-12,44.9415,2.6587,-36.0991,
2011-01-13,44.2495,0.4711,-37.0204,
2011-01-14,43.7358,-1.1321,-35.3021,
2011-01-15,43.7358,-1.1321,-35.3021,
2011-01-16,43.7358,-1.1321,-35.3021,
2011-01-17,43.3897,-1.9145,-33.5635,
2011-01-18,43.4632,-2.0852,-33.4509,
2011-01-19,43.2247,-1.8022,-33.8161,
2011-01-20,43.3332,-1.7203,-27.778,
2011-01-21,43.5472,2.6183,-25.7001,
2011-01-22,43.5472,2.6183,-25.7001,
2011-01-23,43.5472,2.6183,-25.7001,
2011-01-24,43.9304,3.5213,-29.9356,
2011-01-25,43.8936,3.981,-29.9943,
2011-01-26,43.8936,3.981,-29.9943,
2011-01-27,43.2571,5.9818,-30.8661,
2011-01-28,42.7353,3.3107,-28.9639,
2011-01-29,42.7353,3.3107,-28.9639,
2011-01-30,42.7353,3.3107,-28.9639,
2011-01-31,43.1368,4.2813,-29.836,
2011-02-01,42.3663,1.5691,-31.0893,
2011-02-02,42.382,3.056,-31.0638,
2011-02-03,42.8101,2.5072,-32.1552,
2011-02-04,42.2001,5.9942,-29.3959,
2011-02-05,42.2001,5.9942,-29.3959,
2011-02-06,42.2001,5.9942,-29.3959,
2011-02-07,42.1671,5.9113,-28.9039,
2011-02-08,41.4605,2.9732,-30.0953,
2011-02-09,40.4699,-0.0817,-31.7655,
2011-02-10,40.3887,0.4259,-28.0828,
2011-02-11,41.0937,1.0627,-30.3497,
2011-02-12,41.0937,1.0627,-30.3497,
2011-02-13,41.0937,1.0627,-30.3497,
2011-02-14,42.1819,3.7389,-29.5677,
2011-02-15,42.4399,5.1674,-29.1369,
2011-02-16,42.5253,4.0986,-28.9943,
2011-02-17,42.898,3.9511,-28.1681,
2011-02-18,42.064,3.2958,-28.6204,
2011-02-19,42.064,3.2958,-28.6204,
2011-02-20,42.064,3.2958,-28.6204,
2011-02-21,42.3531,4.0057,-27.1533,
2011-02-22,41.7597,2.4016,-28.1739,
2011-02-23,41.5379,1.8583,-28.5554,
2011-02-24,40.3703,-1.2367,-31.5874,
2011-02-25,40.4844,-2.3298,-31.787,
2011-02-26,40.4844,-2.3298,-31.787,
2011-02-27,40.4844,-2.3298,-31.787,
2011-02-28,40.6443,-1.944,-30.7593,
2011-03-01,42.0597,-0.4372,-28.348,
2011-03-02,42.0597,-0.4372,-28.348,
2011-03-03,42.0051,-1.7709,-25.1246,
2011-03-04,42.0971,-2.1385,-23.9576,
2011-03-05,42.0971,-2.1385,-23.9576,
2011-03-06,42.0971,-2.1385,-23.9576,
2011-03-07,41.2545,-4.0972,-22.6865,
2011-03-08,41.6823,-3.6053,-21.8847,
2011-03-09,41.7275,-2.8271,-21.8,
2011-03-10,41.5051,-3.2389,-22.0269,
2011-03-11,41.2541,-3.8034,-18.6149,
2011-03-12,41.2541,-3.8034,-18.6149,
2011-03-13,41.2541,-3.8034,-18.6149,
2011-03-14,41.7894,-2.5552,-19.4654,
2011-03-15,41.2808,-3.0862,-20.4456,
2011-03-16,41.8011,-2.8934,-19.4429,
2011-03-17,41.5119,-3.9712,-0.0195,
2011-03-18,41.0407,-5.7506,-1.84,
2011-03-19,41.0407,-5.7506,-1.84,
2011-03-20,41.0407,-5.7506,-1.84,
2011-03-21,36.9343,-15.1809,-11.6616,
2011-03-22,37.3077,-13.6282,-10.7685,
2011-03-23,37.6286,-13.2402,-10.001,
2011-03-24,37.8948,-12.6264,-8.8191,
2011-03-25,38.5547,-11.5888,-11.4906,
2011-03-26,38.5547,-11.5888,-11.4906,
2011-03-27,38.5547,-11.5888,-11.4906,
2011-03-28,38.6518,-11.3662,-13.6466,
2011-03-29,39.2032,-10.3203,-12.4147,
2011-03-30,39.7608,-8.7436,-11.1689,
2011-03-31,39.7779,-3.2592,-7.6222,
2011-04-01,39.8524,-3.8174,-7.0173,-20.3589
2011-04-02,39.8524,-3.8174,-7.0173,-20.3589
2011-04-03,39.8524,-3.8174,-7.0173,-20.3589
2011-04-04,40.2737,-2.8006,-4.1787,-20.502
2011-04-05,40.2547,-4.0742,-4.2239,-20.5395
2011-04-06,40.2784,-4.0124,-4.1675,-19.3141
2011-04-07,40.4643,-3.9651,-5.3909,-18.9417
2011-04-08,40.02,-4.6882,-7.1677,-20.2789
2011-04-09,40.02,-4.6882,-7.1677,-20.2789
2011-04-10,40.02,-4.6882,-7.1677,-20.2789
2011-04-11,39.614,-5.398,-8.6393,-17.8303
2011-04-12,39.614,-5.398,-8.6393,-17.8303
2011-04-13,40.4985,-3.0784,-6.5994,-15.9956
2011-04-14,40.4985,-3.0784,-6.5994,-15.9956
2011-04-15,39.9666,-3.6469,-11.0668,-20.4328
2011-04-16,39.9666,-3.6469,-11.0668,-20.4328
2011-04-17,39.9666,-3.6469,-11.0668,-20.4328
2011-04-18,39.2957,-5.2643,-12.5596,-22.2483
2011-04-19,39.3768,-3.7536,-12.3792,-22.9568
2011-04-20,40.0597,-2.8071,-10.8596,-21.7431
2011-04-21,40.3269,-3.6944,-11.1547,-19.1846
2011-04-22,40.3269,-3.6944,-11.1547,-19.1846
2011-04-23,40.3269,-3.6944,-11.1547,-19.1846
2011-04-24,40.3269,-3.6944,-11.1547,-19.1846
2011-04-25,40.5309,-3.2072,-11.9085,-20.621
2011-04-26,40.5852,-3.0141,-11.7905,-20.1707
2011-04-27,40.6187,-2.6673,-11.7177,-20.9445
2011-04-28,40.3935,-1.7295,-11.7468,-21.3828
2011-04-29,40.1725,-3.8411,-13.1593,-24.5162
2011-04-30,40.1725,-3.8411,-13.1593,-24.5162
2011-05-01,40.1725,-3.8411,-13.1593,-24.5162
2011-05-02,39.9679,-4.3308,-15.0703,-25.3076
2011-05-03,39.3305,-5.204,-16.4248,-26.2645
2011-05-04,39.3292,-4.1041,-16.4275,-26.2946
2011-05-05,38.9716,-4.8194,-16.9403,-26.9648
2011-05-06,39.6803,-1.175,-13.6822,-25.8728
2011-05-07,39.6803,-1.175,-13.6822,-25.8728
2011-05-08,39.6803,-1.175,-13.6822,-25.8728
2011-05-09,39.6427,-1.2687,-12.0809,-26.1912
2011-05-10,39.4746,-4.4106,-12.4538,-25.8275
2011-05-11,39.7722,-2.6461,-11.7937,-24.3875
2011-05-12,39.4323,-3.949,-12.3337,-25.0337
2011-05-13,39.7057,-2.7458,-14.7946,-21.3749
2011-05-14,39.7057,-2.7458,-14.7946,-21.3749
2011-05-15,39.7057,-2.7458,-14.7946,-21.3749
2011-05-16,39.4268,-3.4289,-15.6104,-23.695
2011-05-17,38.9013,-4.9477,-16.7352,-18.463
2011-05-18,38.3918,-6.4169,-17.8258,-16.6664
2011-05-19,38.3837,-3.622,-17.8431,-16.684
2011-05-20,38.7486,-2.5989,-15.5988,-14.8008
2011-05-21,38.7486,-2.5989,-15.5988,-14.8008
2011-05-22,38.7486,-2.5989,-15.5988,-14.8008
2011-05-23,38.246,-3.8623,-15.3288,-13.7632
2011-05-24,38.0722,-4.7383,-15.7135,-14.7892
2011-05-25,37.7151,-2.859,-16.5041,-17.2552
2011-05-26,38.0578,-3.617,-13.8184,-16.5033
2011-05-27,38.6763,-4.5159,-12.0993,-14.9971
2011-05-28,38.6763,-4.5159,-12.0993,-14.9971
2011-05-29,38.6763,-4.5159,-12.0993,-14.9971
2011-05-30,38.8252,-4.1483,-12.2594,-11.7609
2011-05-31,39.3642,-3.7322,-11.0414,-6.7641
2011-06-01,39.5589,-1.4108,-10.6014,-9.3517
2011-06-02,39.273,-3.5028,-9.6341,-10.0069
2011-06-03,39.0563,-5.8612,-8.5975,-5.4556
2011-06-04,39.0563,-5.8612,-8.5975,-5.4556
2011-06-05,39.0563,-5.8612,-8.5975,-5.4556
2011-06-06,39.0152,-5.9603,-8.113,-1.2023
2011-06-07,39.2133,-3.7306,-7.6465,4.9326
2011-06-08,39.0362,-3.3827,-8.0636,-1.8451
2011-06-09,38.8488,-4.4127,-6.1396,-2.3163
2011-06-10,38.7636,-6.4768,-6.6162,5.8825
2011-06-11,38.7636,-6.4768,-6.6162,5.8825
2011-06-12,38.7636,-6.4768,-6.6162,5.8825
2011-06-13,38.8406,-6.291,-6.1595,8.7363
2011-06-14,38.9751,-6.79,-5.8345,1.5241
2011-06-15,38.6669,-7.86,-6.5791,-2.8226
2011-06-16,38.5192,-8.3792,-7.4503,-3.1938
2011-06-17,38.3069,-9.3414,-6.7051,-5.2044
2011-06-18,38.3069,-9.3414,-6.7051,-5.2044
2011-06-19,38.3069,-9.3414,-6.7051,-5.2044
2011-06-20,37.5359,-11.166,-5.2841,-9.0259
2011-06-21,37.4334,-12.7091,-5.5428,-10.6601
2011-06-22,37.3427,-12.5156,-5.7716,-11.8236
2011-06-23,37.3657,-12.8165,-3.1726,-11.7693
2011-06-24,38.5064,-9.8616,0.2771,-5.7602
2011-06-25,38.5064,-9.8616,0.2771,-5.7602
2011-06-26,38.5064,-9.8616,0.2771,-5.7602
2011-06-27,39.2442,-8.1345,6.1228,-3.6243
2011-06-28,39.3632,-9.0337,6.4446,-3.9688
2011-06-29,39.5742,-7.7666,7.0151,-7.3204
2011-06-30,39.7469,-8.207,10.5924,-6.9159
2011-07-01,39.6218,-7.7017,13.6099,-7.8348
2011-07-02,39.6218,-7.7017,13.6099,-7.8348
2011-07-03,39.6218,-7.7017,13.6099,-7.8348
2011-07-04,39.8907,-7.0753,11.3426,-9.0707
2011-07-05,40.0441,-6.6251,11.7707,-8.0503
2011-07-06,39.9708,-7.5405,11.5661,-5.9953
2011-07-07,40.677,-5.4841,12.3385,-4.3344
2011-07-08,40.302,-8.0533,8.0077,-6.2744
2011-07-09,40.302,-8.0533,8.0077,-6.2744
2011-07-10,40.302,-8.0533,8.0077,-6.2744
2011-07-11,40.0087,-8.7224,9.9077,-8.6351
2011-07-12,39.5588,-9.9407,8.6718,-9.0811
2011-07-13,40.0184,-9.338,9.9343,-7.1929
2011-07-14,40.0921,-9.1292,10.1773,-7.022
2011-07-15,40.0265,-9.6408,11.5432,-3.3643
2011-07-16,40.0265,-9.6408,11.5432,-3.3643
2011-07-17,40.0265,-9.6408,11.5432,-3.3643
2011-07-18,39.9511,-9.811,8.5737,-1.2822
2011-07-19,40.1003,-9.6073,8.9792,-3.5587
2011-07-20,39.6721,-10.0958,7.8155,-2.5016
2011-07-21,39.5015,-10.6865,5.9652,-2.9209
2011-07-22,40.0536,-9.9146,1.8802,-3.6014
2011-07-23,40.0536,-9.9146,1.8802,-3.6014
2011-07-24,40.0536,-9.9146,1.8802,-3.6014
2011-07-25,40.4848,-8.9448,5.0203,-4.3817
2011-07-26,39.807,-9.3259,3.262,-6.6002
2011-07-27,39.8104,-9.3956,3.2709,-6.8763
2011-07-28,39.3056,-10.4493,1.5441,-8.0571
2011-07-29,39.3035,-9.6363,2.0629,-8.6602
2011-07-30,39.3035,-9.6363,2.0629,-8.6602
2011-07-31,39.3035,-9.6363,2.0629,-8.6602
2011-08-01,39.3248,-9.5874,1.4925,-9.9295
2011-08-02,38.984,-11.3555,0.613,-10.6896
2011-08-03,38.742,-12.104,-0.0116,-10.3817
2011-08-04,38.5652,-12.6986,-0.9923,-10.7907
2011-08-05,37.9255,-13.9051,-5.5388,-13.6093
2011-08-06,37.9255,-13.9051,-5.5388,-13.6093
2011-08-07,37.9255,-13.9051,-5.5388,-13.6093
2011-08-08,37.2902,-15.3473,-7.369,-16.3146
2011-08-09,36.821,-17.1295,-8.5345,-17.9019
2011-08-10,37.4693,-15.3238,-6.9241,-17.2863
2011-08-11,37.3,-15.1542,-9.4724,-17.66
2011-08-12,36.967,-17.4617,-7.0265,-19.8287
2011-08-13,36.967,-17.4617,-7.0265,-19.8287
2011-08-14,36.967,-17.4617,-7.0265,-19.8287
2011-08-15,36.967,-17.4617,-7.0265,-19.8287
2011-08-16,36.4892,-17.7921,-8.2282,-21.1044
2011-08-17,36.3265,-18.241,-8.6374,-21.8281
2011-08-18,35.6282,-20.5747,-9.4773,-23.3308
2011-08-19,35.2277,-21.8964,-8.7776,-24.4851
2011-08-20,35.2277,-21.8964,-8.7776,-24.4851
2011-08-21,35.2277,-21.8964,-8.7776,-24.4851
2011-08-22,35.5697,-21.1381,-8.3506,-23.0759
2011-08-23,35.7594,-21.0602,-7.8618,-23.411
2011-08-24,35.3356,-21.6891,-8.9537,-24.5772
2011-08-25,34.9556,-21.805,-10.0453,-25.3883
2011-08-26,34.314,-23.0738,-9.1883,-27.3778
2011-08-27,34.314,-23.0738,-9.1883,-27.3778
2011-08-28,34.314,-23.0738,-9.1883,-27.3778
2011-08-29,35.1225,-21.2613,-9.7479,-25.5722
2011-08-30,35.5945,-21.0259,-8.2956,-24.6199
2011-08-31,35.5945,-21.0259,-8.2956,-24.6199
2011-09-01,35.5945,-21.0259,-8.2956,-24.6199
2011-09-02,35.892,-20.6668,-9.5044,-25.8736
2011-09-03,35.892,-20.6668,-9.5044,-25.8736
2011-09-04,35.892,-20.6668,-9.5044,-25.8736
2011-09-05,35.8959,-20.6582,-8.2805,-25.9726
2011-09-06,36.067,-21.4897,-7.8433,-25.5276
2011-09-07,36.4451,-20.7229,-6.8772,-25.5158
2011-09-08,36.584,-20.4965,-8.3716,-25.232
2011-09-09,35.8901,-22.4725,-7.8853,-25.1666
2011-09-10,35.8901,-22.4725,-7.8853,-25.1666
2011-09-11,35.8901,-22.4725,-7.8853,-25.1666
2011-09-12,35.1908,-23.9831,-8.1096,-27.7989
2011-09-13,35.1316,-25.6587,-8.2642,-28.1562
2011-09-14,35.4716,-25.197,-7.3764,-27.7564
2011-09-15,35.8975,-24.6633,-3.078,-26.889
2011-09-16,36.0505,-24.401,-1.665,-25.9895
2011-09-17,36.0505,-24.401,-1.665,-25.9895
2011-09-18,36.0505,-24.401,-1.665,-25.9895
2011-09-19,35.8363,-24.8502,-5.497,-26.9094
2011-09-20,36.3546,-24.6245,-4.1302,-26.5415
2011-09-21,36.4638,-24.4469,-3.8422,-26.2016
2011-09-22,35.3061,-26.868,-6.1991,-28.5446
2011-09-23,34.9582,-27.8966,-4.6333,-29.3774
2011-09-24,34.9582,-27.8966,-4.6333,-29.3774
2011-09-25,34.9582,-27.8966,-4.6333,-29.3774
2011-09-26,34.7801,-28.2639,-2.5402,-29.7939
2011-09-27,35.4146,-27.3609,-0.7622,-28.0337
2011-09-28,35.145,-28.1644,-1.5177,-29.4419
2011-09-29,35.523,-27.0538,2.6875,-28.683
2011-09-30,34.9749,-29.4393,-0.8027,-29.5713
2011-10-01,34.9749,-29.4393,-0.8027,-29.5713
2011-10-02,34.9749,-29.4393,-0.8027,-29.5713
2011-10-03,34.6327,-30.1297,0.6779,-29.7654
2011-10-04,34.2007,-31.3731,-0.5779,-31.5575
2011-10-05,33.9016,-32.4158,2.7695,-32.6012
2011-10-06,33.9016,-32.4158,2.7695,-32.6012
2011-10-07,34.5894,-29.9207,8.954,-28.5343
2011-10-08,34.5894,-29.9207,8.954,-28.5343
2011-10-09,34.5894,-29.9207,8.954,-28.5343
2011-10-10,35.0042,-29.0803,16.8899,-26.9681
2011-10-11,34.99,-29.6021,16.8425,-28.0337
2011-10-12,35.7452,-27.5267,19.3643,-27.214
2011-10-13,35.4276,-29.3794,12.2092,-27.8607
2011-10-14,35.6025,-27.1949,17.884,-27.593
2011-10-15,35.6025,-27.1949,17.884,-27.593
2011-10-16,35.6025,-27.1949,17.884,-27.593
2011-10-17,35.4386,-27.5301,21.9229,-27.985
2011-10-18,35.1218,-28.4184,20.833,-28.3082
2011-10-19,35.6713,-26.7622,22.7235,-27.1271
2011-10-20,35.3264,-27.2838,21.0924,-27.8317
2011-10-21,35.1946,-28.8014,23.743,-28.4953
2011-10-22,35.1946,-28.8014,23.743,-28.4953
2011-10-23,35.1946,-28.8014,23.743,-28.4953
2011-10-24,35.2281,-28.7336,33.2268,-28.4273
2011-10-25,35.6793,-27.2259,38.1607,-29.0105
2011-10-26,35.6793,-27.2259,38.1607,-29.0105
2011-10-27,35.6793,-27.2259,38.1607,-29.0105
2011-10-28,36.6709,-24.6374,37.0777,-28.0822
2011-10-29,36.6709,-24.6374,37.0777,-28.0822
2011-10-30,36.6709,-24.6374,37.0777,-28.0822
2011-10-31,36.4316,-25.1292,30.4133,-29.204
2011-11-01,36.0773,-26.8535,29.145,-30.4601
2011-11-02,36.1321,-26.7754,29.3412,-30.112
2011-11-03,36.1431,-27.0656,24.0867,-30.0907
2011-11-04,36.3409,-27.9003,26.0917,-29.394
2011-11-05,36.3409,-27.9003,26.0917,-29.394
2011-11-06,36.3409,-27.9003,26.0917,-29.394
2011-11-07,36.3409,-27.9003,26.0917,-29.394
2011-11-08,36.2108,-28.6411,25.6403,-29.9327
2011-11-09,35.3001,-30.1696,18.5789,-32.0891
2011-11-10,35.3001,-30.1696,18.5789,-32.0891
2011-11-11,34.6446,-29.3253,23.2597,-33.5801
2011-11-12,34.6446,-29.3253,23.2597,-33.5801
2011-11-13,34.6446,-29.3253,23.2597,-33.5801
2011-11-14,34.297,-30.0344,23.2991,-34.41
2011-11-15,33.5847,-31.8879,20.7383,-35.4885
2011-11-16,33.2299,-31.4949,19.4628,-35.7255
2011-11-17,32.6669,-32.6556,18.1204,-36.8145
2011-11-18,32.746,-30.8542,25.4444,-37.424
2011-11-19,32.746,-30.8542,25.4444,-37.424
2011-11-20,32.746,-30.8542,25.4444,-37.424
2011-11-21,32.043,-32.3386,18.9262,-39.4272
2011-11-22,32.311,-32.7192,19.9209,-39.0243
2011-11-23,31.5869,-33.3145,17.2334,-40.2781
2011-11-24,31.896,-31.5633,18.4334,-39.6937
2011-11-25,31.8869,-29.617,18.3495,-38.9608
2011-11-26,31.8869,-29.617,18.3495,-38.9608
2011-11-27,31.8869,-29.617,18.3495,-38.9608
2011-11-28,32.6498,-27.933,21.1244,-37.6555
2011-11-29,32.3265,-29.339,19.925,-37.9887
2011-11-30,32.2965,-30.2121,19.8137,-39.2809
2011-12-01,32.7353,-30.8993,23.6788,-38.4559
2011-12-02,33.4553,-29.0237,22.9893,-37.7692
2011-12-03,33.4553,-29.0237,22.9893,-37.7692
2011-12-04,33.4553,-29.0237,22.9893,-37.7692
2011-12-05,33.3939,-29.0331,23.7444,-37.6863
2011-12-06,33.3939,-29.0331,23.7444,-37.6863
2011-12-07,33.6054,-28.0829,24.5281,-36.7368
2011-12-08,32.8117,-29.1362,20.1172,-38.231
2011-12-09,32.4139,-28.8428,15.3503,-35.1981
2011-12-10,32.4139,-28.8428,15.3503,-35.1981
2011-12-11,32.4139,-28.8428,15.3503,-35.1981
2011-12-12,31.7917,-30.2087,12.7141,-38.1605
2011-12-13,31.7774,-30.9574,12.6634,-39.5637
2011-12-14,31.3818,-32.4063,11.2609,-40.8337
2011-12-15,31.2983,-32.2747,9.8398,-40.9911
2011-12-16,30.6988,-33.9305,5.5798,-41.3137
2011-12-17,30.6988,-33.9305,5.5798,-41.3137
2011-12-18,30.6988,-33.9305,5.5798,-41.3137
2011-12-19,30.1565,-35.0976,2.764,-41.9397
2011-12-20,29.6368,-36.3464,0.993,-43.1701
2011-12-21,30.6757,-34.4874,4.5332,-41.7918
2011-12-22,31.1741,-33.1032,7.3644,-40.8461
2011-12-23,31.0568,-33.3601,8.8845,-41.7102
2011-12-24,31.0568,-33.3601,8.8845,-41.7102
2011-12-25,31.0568,-33.3601,8.8845,-41.7102
2011-12-26,31.2978,-32.843,11.2807,-42.6255
2011-12-27,31.2119,-32.8313,10.9752,-42.7934
2011-12-28,30.9411,-33.2897,10.0124,-43.4763
2011-12-29,30.5002,-34.8139,6.8844,-44.2817
2011-12-30,30.5326,-35.5329,3.2627,-44.5769
2011-12-31,30.5326,-35.5329,3.2627,-44.5769
2012-01-01,30.5326,-35.5329,3.2627,-44.5769
2012-01-02,30.6891,-35.2024,2.9663,-44.5043
2012-01-03,31.5082,-33.862,5.7145,-42.7956
2012-01-04,31.5685,-33.5179,5.9168,-42.5296
2012-01-05,31.4619,-32.8113,3.3252,-42.7236
2012-01-06,31.5033,-30.6983,9.0004,-41.4437
2012-01-07,31.5033,-30.6983,9.0004,-41.4437
2012-01-08,31.5033,-30.6983,9.0004,-41.4437
2012-01-09,31.647,-30.3822,11.1142,-40.3787
2012-01-10,32.4806,-27.0145,14.041,-39.8841
2012-01-11,32.7493,-26.1598,14.9845,-40.4991
2012-01-12,32.7005,-27.2376,18.2273,-40.5878
2012-01-13,32.9011,-24.7731,20.5394,-40.6974
2012-01-14,32.9011,-24.7731,20.5394,-40.6974
2012-01-15,32.9011,-24.7731,20.5394,-40.6974
2012-01-16,33.0626,-24.4038,19.099,-40.928
2012-01-17,33.7819,-22.143,21.6901,-39.7075
2012-01-18,33.7566,-22.3329,21.599,-39.5043
2012-01-19,34.2337,-20.8006,23.4528,-38.6493
2012-01-20,34.486,-20.8078,31.3467,-27.0755
2012-01-21,34.486,-20.8078,31.3467,-27.0755
2012-01-22,34.486,-20.8078,31.3467,-27.0755
2012-01-23,34.5747,-20.6041,34.4409,-26.8415
2012-01-24,35.1273,-20.0387,36.5896,-26.2341
2012-01-25,35.5755,-18.9506,38.3324,-25.2929
2012-01-26,35.5755,-18.9506,38.3324,-25.2929
2012-01-27,35.8409,-16.1328,33.7372,-24.5137
2012-01-28,35.8409,-16.1328,33.7372,-24.5137
2012-01-29,35.8409,-16.1328,33.7372,-24.5137
2012-01-30,35.0974,-17.8726,28.5351,-25.3406
2012-01-31,35.7547,-17.1132,30.9423,-24.7745
2012-02-01,35.922,-15.2109,31.555,-25.1625
2012-02-02,36.0474,-14.9464,36.0449,-24.9012
2012-02-03,36.4079,-13.7256,37.962,-24.5432
2012-02-04,36.4079,-13.7256,37.962,-24.5432
2012-02-05,36.4079,-13.7256,37.962,-24.5432
2012-02-06,36.7542,-12.9049,37.005,-24.3585
2012-02-07,36.4862,-13.4724,36.006,-25.1104
2012-02-08,36.9219,-10.9468,37.6301,-23.319
2012-02-09,37.0921,-8.3465,34.705,-22.9655
2012-02-10,36.8386,-10.3546,33.524,-20.5894
2012-02-11,36.8386,-10.3546,33.524,-20.5894
2012-02-12,36.8386,-10.3546,33.524,-20.5894
2012-02-13,36.7016,-10.688,31.1446,-21.0379
2012-02-14,37.1108,-12.022,32.6068,-22.2159
2012-02-15,37.8556,-10.8019,35.2681,-20.6548
2012-02-16,38.2333,-10.0928,40.6577,-19.8631
2012-02-17,38.3808,-8.7562,47.8835,-18.4428
2012-02-18,38.3808,-8.7562,47.8835,-18.4428
2012-02-19,38.3808,-8.7562,47.8835,-18.4428
2012-02-20,38.3808,-8.7562,47.8835,-18.4428
2012-02-21,38.5406,-9.0017,48.4992,-16.9563
2012-02-22,37.6477,-9.8468,45.0588,-17.0938
2012-02-23,37.6445,-9.3731,45.0465,-17.1009
2012-02-24,37.036,-8.5178,41.8086,-18.333
2012-02-25,37.036,-8.5178,41.8086,-18.333
2012-02-26,37.036,-8.5178,41.8086,-18.333
2012-02-27,36.3214,-10.283,39.2521,-16.9986
2012-02-28,37.197,-8.4816,42.609,-16.0528
2012-02-29,37.1999,-11.5545,42.6202,-14.0284
2012-03-01,37.1164,-11.7531,45.868,-14.2214
2012-03-02,37.081,-11.9155,50.8719,-11.2045
2012-03-03,37.081,-11.9155,50.8719,-11.2045
2012-03-04,37.081,-11.9155,50.8719,-11.2045
2012-03-05,36.6056,-13.0448,48.181,-11.4952
2012-03-06,36.4511,-11.6433,47.5556,-15.2103
2012-03-07,36.4332,-12.6878,49.2442,-14.1536
2012-03-08,36.4332,-12.6878,49.2442,-14.1536
2012-03-09,37.1668,-9.9076,48.9807,-13.5254
2012-03-10,37.1668,-9.9076,48.9807,-13.5254
2012-03-11,37.1668,-9.9076,48.9807,-13.5254
2012-03-12,37.4637,-9.1879,45.1868,-10.5878
2012-03-13,37.8616,-9.399,46.7288,-9.7244
2012-03-14,38.1817,-7.5074,47.9693,-8.2612
2012-03-15,37.7103,-9.7863,43.8611,-9.3938
2012-03-16,37.355,-8.9806,40.9032,-12.271
2012-03-17,37.355,-8.9806,40.9032,-12.271
2012-03-18,37.355,-8.9806,40.9032,-12.271
2012-03-19,36.7667,-10.4141,39.3628,-14.2168
2012-03-20,36.8993,-0.0948,39.8654,-15.7165
2012-03-21,37.5034,0.5246,42.1553,-14.3171
2012-03-22,36.7767,-2.264,45.512,-15.9774
2012-03-23,36.7763,-4.6127,40.4383,-15.027
2012-03-24,36.7763,-4.6127,40.4383,-15.027
2012-03-25,36.7763,-4.6127,40.4383,-15.027
2012-03-26,34.8218,-9.6821,30.9967,-18.297
2012-03-27,34.8775,-9.7649,31.2062,-18.5486
2012-03-28,34.7398,-11.3853,30.6882,-19.8066
2012-03-29,34.8869,-12.2581,36.319,-19.467
2012-03-30,35.8412,-10.0651,31.0536,-14.8058
2012-03-31,35.8412,-10.0651,31.0536,-14.8058
2012-04-01,35.8412,-10.0651,31.0536,-14.8058
2012-04-02,35.91,-9.8925,31.3052,-15.3465
2012-04-03,36.2815,-9.9127,32.6636,-15.2103
2012-04-04,36.1097,-9.7709,27.0726,-17.9138
2012-04-05,36.1097,-9.7709,27.0726,-17.9138
2012-04-06,36.1097,-9.7709,27.0726,-17.9138
2012-04-07,36.1097,-9.7709,27.0726,-17.9138
2012-04-08,36.1097,-9.7709,27.0726,-17.9138
2012-04-09,35.389,-11.5717,24.5364,-19.6617
2012-04-10,35.3819,-10.6833,24.5114,-19.6231
2012-04-11,35.3293,-10.8161,24.3263,-21.3156
2012-04-12,35.8252,-11.5394,24.2878,-20.2111
2012-04-13,35.4249,-11.3637,22.7963,-21.4525
2012-04-14,35.4249,-11.3637,22.7963,-21.4525
2012-04-15,35.4249,-11.3637,22.7963,-21.4525
2012-04-16,35.6241,-10.8653,22.7414,-21.2901
2012-04-17,36.1432,-8.0225,24.53,-20.2137
2012-04-18,36.3622,-7.6558,25.2845,-20.7795
2012-04-19,36.4937,-8.9017,25.7484,-20.493
2012-04-20,36.2506,-10.1081,24.6209,-22.0082
2012-04-21,36.2506,-10.1081,24.6209,-22.0082
2012-04-22,36.2506,-10.1081,24.6209,-22.0082
2012-04-23,35.6182,-11.6763,21.0672,-23.8765
2012-04-24,35.5353,-12.3254,20.7854,-24.5695
2012-04-25,35.329,-12.951,20.0842,-23.9419
2012-04-26,35.2448,-13.2301,20.4325,-24.1231
2012-04-27,35.2252,-12.3151,20.4622,-24.909
2012-04-28,35.2252,-12.3151,20.4622,-24.909
2012-04-29,35.2252,-12.3151,20.4622,-24.909
2012-04-30,35.5656,-11.0146,21.6263,-25.6261
2012-05-01,35.5656,-11.0146,21.6263,-25.6261
2012-05-02,35.3436,-10.1369,20.8671,-25.951
2012-05-03,34.9052,-11.2486,13.4269,-26.8695
2012-05-04,34.2806,-13.608,9.9901,-27.3562
2012-05-05,34.2806,-13.608,9.9901,-27.3562
2012-05-06,34.2806,-13.608,9.9901,-27.3562
2012-05-07,34.8045,-12.2877,13.5828,-26.5573
2012-05-08,34.2073,-13.711,11.6339,-27.8327
2012-05-09,33.858,-14.2284,10.494,-29.1377
2012-05-10,33.6206,-15.4671,11.5285,-29.6346
2012-05-11,33.272,-16.2035,8.6018,-31.1993
2012-05-12,33.272,-16.2035,8.6018,-31.1993
2012-05-13,33.272,-16.2035,8.6018,-31.1993
2012-05-14,33.3481,-16.0118,6.5411,-31.7476
2012-05-15,33.5227,-14.9748,7.0989,-32.3047
2012-05-16,33.1744,-14.7216,5.9861,-32.8317
2012-05-17,33.1114,-13.754,5.7849,-32.9593
2012-05-18,33.2319,-14.2372,-8.2982,-33.6291
2012-05-19,33.2319,-14.2372,-8.2982,-33.6291
2012-05-20,33.2319,-14.2372,-8.2982,-33.6291
2012-05-21,33.5088,-13.5226,-8.5239,-32.51
2012-05-22,33.0804,-13.5062,-9.6934,-33.5735
2012-05-23,33.0805,-13.1111,-9.6931,-33.786
2012-05-24,33.475,-11.2424,-9.1107,-32.9964
2012-05-25,33.6384,-13.0258,-10.5833,-33.7827
2012-05-26,33.6384,-13.0258,-10.5833,-33.7827
2012-05-27,33.6384,-13.0258,-10.5833,-33.7827
2012-05-28,33.9429,-12.2385,-11.7766,-32.8395
2012-05-29,33.8938,-12.7015,-11.9042,-33.6067
2012-05-30,33.5867,-14.677,-12.7024,-34.5671
2012-05-31,33.2977,-15.8275,-14.574,-35.1301
2012-06-01,32.6353,-16.4404,-17.7743,-35.7067
2012-06-02,32.6353,-16.4404,-17.7743,-35.7067
2012-06-03,32.6353,-16.4404,-17.7743,-35.7067
2012-06-04,32.8716,-15.8353,-17.1877,-34.4665
2012-06-05,32.9763,-15.4783,-16.9239,-34.179
2012-06-06,33.5953,-14.3268,-15.3645,-32.4582
2012-06-07,33.8241,-13.352,-11.5855,-31.9982
2012-06-08,33.8656,-12.6356,-14.3729,-31.8874
2012-06-09,33.8656,-12.6356,-14.3729,-31.8874
2012-06-10,33.8656,-12.6356,-14.3729,-31.8874
2012-06-11,33.7331,-12.9774,-13.5062,-31.7696
2012-06-12,34.2758,-11.7527,-12.1147,-31.5579
2012-06-13,34.2385,-12.1529,-12.2103,-31.7142
2012-06-14,33.7648,-12.6778,-11.9759,-32.659
2012-06-15,34.1215,-10.926,-8.1857,-33.2391
2012-06-16,34.1215,-10.926,-8.1857,-33.2391
2012-06-17,34.1215,-10.926,-8.1857,-33.2391
2012-06-18,33.5247,-12.4839,-11.6655,-35.2305
2012-06-19,33.8886,-9.7168,-10.7067,-34.8171
2012-06-20,34.2278,-8.5635,-9.8129,-34.2153
2012-06-21,34.6228,-7.2836,-7.6807,-33.4561
2012-06-22,34.4245,-10.6006,-9.2387,-34.2039
2012-06-23,34.4245,-10.6006,-9.2387,-34.2039
2012-06-24,34.4245,-10.6006,-9.2387,-34.2039
2012-06-25,34.1254,-11.3773,-12.0593,-34.6006
2012-06-26,34.2356,-12.7627,-11.7753,-34.8514
2012-06-27,34.2826,-12.907,-11.6542,-35.2181
2012-06-28,34.2637,-13.4191,-11.962,-35.2538
2012-06-29,35.1452,-11.2983,-8.6699,-34.4795
2012-06-30,35.1452,-11.2983,-8.6699,-34.4795
2012-07-01,35.1452,-11.2983,-8.6699,-34.4795
2012-07-02,35.3192,-10.8592,-9.4554,-34.5577
2012-07-03,35.4495,-11.1334,-9.1213,-34.1944
2012-07-04,35.5493,-11.2246,-8.8655,-34.4713
2012-07-05,35.8826,-10.228,-3.5341,-33.857
2012-07-06,35.7206,-11.3677,-2.068,-34.5657
2012-07-07,35.7206,-11.3677,-2.068,-34.5657
2012-07-08,35.7206,-11.3677,-2.068,-34.5657
2012-07-09,35.437,-12.0714,-0.847,-34.966
2012-07-10,35.8703,-10.3438,0.3654,-35.3222
2012-07-11,35.7646,-9.5913,0.0697,-35.7561
2012-07-12,35.6533,-10.9077,0.6922,-35.956
2012-07-13,35.5874,-11.0904,-5.0266,-35.8786
2012-07-14,35.5874,-11.0904,-5.0266,-35.8786
2012-07-15,35.5874,-11.0904,-5.0266,-35.8786
2012-07-16,35.5046,-11.2973,-7.6373,-36.0738
2012-07-17,35.2339,-11.8074,-8.3415,-37.4509
2012-07-18,35.3684,-11.8002,-7.9916,-37.2233
2012-07-19,35.2364,-11.1809,-10.4407,-37.4576
2012-07-20,35.1106,-12.341,-11.3275,-38.0
2012-07-21,35.1106,-12.341,-11.3275,-38.0
2012-07-22,35.1106,-12.341,-11.3275,-38.0
2012-07-23,34.5019,-13.8607,-13.9118,-38.5869
2012-07-24,34.6953,-14.3004,-13.4293,-38.4617
2012-07-25,34.4842,-13.3715,-13.956,-37.3129
2012-07-26,34.0415,-14.4909,-15.1089,-38.1176
2012-07-27,34.0468,-13.3746,-16.1384,-39.1587
2012-07-28,34.0468,-13.3746,-16.1384,-39.1587
2012-07-29,34.0468,-13.3746,-16.1384,-39.1587
2012-07-30,34.6449,-11.8529,-16.2315,-35.6999
2012-07-31,34.8668,-11.3364,-15.6949,-35.4199
2012-08-01,34.9319,-10.3943,-15.5375,-36.1741
2012-08-02,34.9064,-9.9004,-16.9976,-36.2207
2012-08-03,34.7863,-8.2773,-15.1874,-35.6167
2012-08-04,34.7863,-8.2773,-15.1874,-35.6167
2012-08-05,34.7863,-8.2773,-15.1874,-35.6167
2012-08-06,35.0147,-7.675,-12.8383,-36.2674
2012-08-07,35.2059,-5.5894,-12.3623,-35.0564
2012-08-08,35.2056,-4.3872,-12.3631,-34.1828
2012-08-09,34.9708,-6.6681,-11.7149,-34.6218
2012-08-10,34.8985,-5.5955,-14.912,-35.157
2012-08-11,34.8985,-5.5955,-14.912,-35.157
2012-08-12,34.8985,-5.5955,-14.912,-35.157
2012-08-13,35.0907,-5.0756,-14.1119,-34.7999
2012-08-14,35.2282,-3.4558,-13.7754,-31.0063
2012-08-15,35.2282,-3.4558,-13.7754,-31.0063
2012-08-16,35.2434,-2.9816,-10.5863,-30.9765
2012-08-17,35.2003,-0.0778,-12.9427,-30.8034
2012-08-18,35.2003,-0.0778,-12.9427,-30.8034
2012-08-19,35.2003,-0.0778,-12.9427,-30.8034
2012-08-20,35.2003,-0.0778,-12.9427,-30.8034
2012-08-21,35.3581,-0.5949,-12.5525,-29.8868
2012-08-22,35.2601,-1.3963,-12.7948,-31.3338
2012-08-23,35.3333,-0.0065,-14.5546,-31.1912
2012-08-24,35.248,2.7219,-15.7728,-33.5946
2012-08-25,35.248,2.7219,-15.7728,-33.5946
2012-08-26,35.248,2.7219,-15.7728,-33.5946
2012-08-27,34.8521,1.5682,-17.3925,-34.8315
2012-08-28,34.5075,-1.751,-18.2093,-35.9073
2012-08-29,34.4154,-3.3126,-18.4276,-37.0834
2012-08-30,34.3671,-3.4483,-17.7005,-37.1717
2012-08-31,34.0835,-5.0387,-17.727,-38.4552
2012-09-01,34.0835,-5.0387,-17.727,-38.4552
2012-09-02,34.0835,-5.0387,-17.727,-38.4552
2012-09-03,34.0556,-5.1165,-18.9011,-38.3386
2012-09-04,34.2416,-4.6086,-18.4582,-38.4365
2012-09-05,33.9328,-5.9173,-19.1936,-38.9149
2012-09-06,34.2261,-6.0886,-20.422,-38.3869
2012-09-07,34.6963,-3.3263,-19.1283,-37.6414
2012-09-08,34.6963,-3.3263,-19.1283,-37.6414
2012-09-09,34.6963,-3.3263,-19.1283,-37.6414
2012-09-10,34.8385,-2.9301,-19.0092,-37.3746
2012-09-11,35.0506,-0.3984,-18.5162,-37.3537
2012-09-12,35.0471,-0.2405,-18.5243,-37.1014
2012-09-13,35.0033,-1.3202,-18.6885,-37.18
2012-09-14,35.6564,-1.0932,-20.4024,-36.3051
2012-09-15,35.6564,-1.0932,-20.4024,-36.3051
2012-09-16,35.6564,-1.0932,-20.4024,-36.3051
2012-09-17,35.9231,-0.3534,-20.5529,-37.296
2012-09-18,36.2312,-0.3394,-19.8716,-37.8219
2012-09-19,36.2312,-0.3394,-19.8716,-37.8219
2012-09-20,36.0024,-1.2654,-20.3776,-38.2145
2012-09-21,36.7956,5.256,-18.8052,-37.6768
2012-09-22,36.7956,5.256,-18.8052,-37.6768
2012-09-23,36.7956,5.256,-18.8052,-37.6768
2012-09-24,37.0715,6.0452,-18.2628,-37.0175
2012-09-25,37.0557,6.5428,-18.2976,-37.5009
2012-09-26,37.1769,4.9762,-18.0304,-38.1004
2012-09-27,37.1228,5.6275,-18.1497,-38.1905
2012-09-28,37.552,7.3684,-18.401,-38.3686
2012-09-29,37.552,7.3684,-18.401,-38.3686
2012-09-30,37.552,7.3684,-18.401,-38.3686
2012-10-01,37.8046,9.1587,-17.8522,-39.4254
2012-10-02,37.8046,9.1587,-17.8522,-39.4254
2012-10-03,37.9388,10.9299,-17.5605,-39.0933
2012-10-04,38.3063,12.9926,-15.2394,-38.5033
2012-10-05,37.9833,9.812,-16.2458,-40.0989
2012-10-06,37.9833,9.812,-16.2458,-40.0989
2012-10-07,37.9833,9.812,-16.2458,-40.0989
2012-10-08,37.4486,8.2661,-16.4176,-41.6234
2012-10-09,37.66,7.5871,-15.9458,-42.1772
2012-10-10,37.0759,5.9614,-17.2494,-42.0508
2012-10-11,37.2494,4.2081,-18.4383,-41.7796
2012-10-12,37.2382,4.5943,-19.6184,-44.1874
2012-10-13,37.2382,4.5943,-19.6184,-44.1874
2012-10-14,37.2382,4.5943,-19.6184,-44.1874
2012-10-15,37.191,4.4618,-20.4627,-43.1504
2012-10-16,36.9299,4.2081,-21.0211,-41.5481
2012-10-17,37.0449,5.4755,-20.7752,-39.7252
2012-10-18,37.4562,5.0037,-19.8955,-39.056
2012-10-19,37.3453,6.1109,-17.6086,-41.8931
2012-10-20,37.3453,6.1109,-17.6086,-41.8931
2012-10-21,37.3453,6.1109,-17.6086,-41.8931
2012-10-22,37.4067,6.2853,-17.7942,-42.1665
2012-10-23,37.3853,4.7815,-17.8412,-44.251
2012-10-24,37.3853,4.7815,-17.8412,-44.251
2012-10-25,37.2885,4.5102,-17.5732,-44.3953
2012-10-26,37.0279,0.9735,-15.0095,-43.3131
2012-10-27,37.0279,0.9735,-15.0095,-43.3131
2012-10-28,37.0279,0.9735,-15.0095,-43.3131
2012-10-29,36.7998,0.3515,-15.2268,-43.8085
2012-10-30,36.2871,-0.3966,-16.4079,-43.7148
2012-10-31,36.5181,1.2218,-15.8757,-43.9906
2012-11-01,36.7148,1.6127,-15.4226,-43.689
2012-11-02,36.9647,1.7165,-16.0321,-41.7053
2012-11-03,36.9647,1.7165,-16.0321,-41.7053
2012-11-04,36.9647,1.7165,-16.0321,-41.7053
2012-11-05,36.8236,1.3283,-17.2886,-41.5684
2012-11-06,36.8889,1.5079,-17.142,-40.8832
2012-11-07,37.1861,2.6934,-16.4744,-40.4069
2012-11-08,37.0923,5.077,-18.0442,-40.5572
2012-11-09,36.6936,5.9143,-19.7896,-41.4027
2012-11-10,36.6936,5.9143,-19.7896,-41.4027
2012-11-11,36.6936,5.9143,-19.7896,-41.4027
2012-11-12,36.6748,9.2009,-20.3148,-43.5599
2012-11-13,36.6748,9.2009,-20.3148,-43.5599
2012-11-14,36.6748,9.2009,-20.3148,-43.5599
2012-11-15,36.6299,10.2317,-21.2765,-43.629
2012-11-16,36.0804,10.1826,-21.211,-44.6789
2012-11-17,36.0804,10.1826,-21.211,-44.6789
2012-11-18,36.0804,10.1826,-21.211,-44.6789
2012-11-19,35.8549,9.494,-22.5991,-42.5678
2012-11-20,35.5925,11.0773,-23.1655,-42.6944
2012-11-21,35.8405,10.9235,-22.6301,-43.2185
2012-11-22,35.8803,13.5923,-23.1023,-43.1554
2012-11-23,35.825,12.3502,-22.3577,-44.4401
2012-11-24,35.825,12.3502,-22.3577,-44.4401
2012-11-25,35.825,12.3502,-22.3577,-44.4401
2012-11-26,35.9817,12.8416,-21.0777,-43.6377
2012-11-27,36.3137,12.3342,-20.3495,-43.7433
2012-11-28,36.3137,12.3342,-20.3495,-43.7433
2012-11-29,36.7936,13.9244,-11.1195,-42.9998
2012-11-30,37.259,11.3695,-12.6972,-43.887
2012-12-01,37.259,11.3695,-12.6972,-43.887
2012-12-02,37.259,11.3695,-12.6972,-43.887
2012-12-03,37.2996,11.4909,-12.2259,-44.9534
2012-12-04,37.5572,12.4672,-11.6197,-44.565
2012-12-05,37.5952,12.581,-11.5303,-44.656
2012-12-06,37.7328,12.282,-10.7784,-44.4534
2012-12-07,37.6897,16.2764,-11.6915,-45.2423
2012-12-08,37.6897,16.2764,-11.6915,-45.2423
2012-12-09,37.6897,16.2764,-11.6915,-45.2423
2012-12-10,37.6871,16.2683,-11.4532,-45.531
2012-12-11,37.5109,17.9896,-11.8672,-45.6836
2012-12-12,37.5153,18.0565,-11.8569,-45.7244
2012-12-13,37.2388,18.6637,-12.3733,-46.1244
2012-12-14,37.4921,22.1289,-11.1081,-43.5615
2012-12-15,37.4921,22.1289,-11.1081,-43.5615
2012-12-16,37.4921,22.1289,-11.1081,-43.5615
2012-12-17,37.7194,22.8693,-9.9451,-42.9617
2012-12-18,37.7202,25.0815,-9.9432,-43.0553
2012-12-19,37.9631,28.0945,-9.3633,-42.6886
2012-12-20,37.9446,23.696,-8.865,-42.7165
2012-12-21,37.3915,20.3971,-13.5581,-44.9558
2012-12-22,37.3915,20.3971,-13.5581,-44.9558
2012-12-23,37.3915,20.3971,-13.5581,-44.9558
2012-12-24,37.3604,19.3707,-13.63,-46.1122
2012-12-25,37.3604,19.3707,-13.63,-46.1122
2012-12-26,37.644,20.6078,-12.9743,-45.9681
2012-12-27,37.7171,21.8997,-12.8053,-45.8632
2012-12-28,37.9418,24.2665,-12.9548,-46.3493
2012-12-29,37.9418,24.2665,-12.9548,-46.3493
2012-12-30,37.9418,24.2665,-12.9548,-46.3493
2012-12-31,38.0499,24.6206,-12.7068,-46.8948
2013-01-01,38.3814,25.0653,-11.9462,-46.2671
2013-01-02,38.7122,22.8639,-11.1873,-46.5891
2013-01-03,38.871,23.1322,-11.6522,-46.37
2013-01-04,39.1598,24.3038,-11.8034,-45.254
2013-01-05,39.1598,24.3038,-11.8034,-45.254
2013-01-06,39.1598,24.3038,-11.8034,-45.254
2013-01-07,39.2579,24.6152,-11.2049,-45.0246
2013-01-08,39.0914,23.5232,-11.5815,-44.0032
2013-01-09,39.1079,20.4039,-11.5442,-44.3937
2013-01-10,39.0067,19.107,-12.0111,-44.5376
2013-01-11,38.4325,16.8122,-13.1504,-44.6297
2013-01-12,38.4325,16.8122,-13.1504,-44.6297
2013-01-13,38.4325,16.8122,-13.1504,-44.6297
2013-01-14,38.7447,17.7611,-12.4148,-43.1312
2013-01-15,38.8922,17.632,-12.0814,-42.4672
2013-01-16,38.276,13.3033,-13.4744,-41.3934
2013-01-17,38.4035,13.7659,-13.4838,-41.1981
2013-01-18,38.8461,12.6431,-9.8307,-31.9802
2013-01-19,38.8461,12.6431,-9.8307,-31.9802
2013-01-20,38.8461,12.6431,-9.8307,-31.9802
2013-01-21,38.9743,13.0148,-8.1577,-35.6966
2013-01-22,38.62,11.7002,-8.9926,-34.1068
2013-01-23,38.4103,9.346,-9.4867,-38.7396
2013-01-24,37.8936,6.516,-10.2326,-39.5636
2013-01-25,38.2779,6.7995,-6.7782,-38.6965
2013-01-26,38.2779,6.7995,-6.7782,-38.6965
2013-01-27,38.2779,6.7995,-6.7782,-38.6965
2013-01-28,38.2551,6.7359,-7.52,-37.2353
2013-01-29,38.1634,8.7357,-7.7417,-36.5635
2013-01-30,38.0604,6.4487,-7.9907,-38.093
2013-01-31,38.1187,6.1152,-8.6141,-37.9982
2013-02-01,38.0238,4.4383,-7.129,-39.52
2013-02-02,38.0238,4.4383,-7.129,-39.52
2013-02-03,38.0238,4.4383,-7.129,-39.52
2013-02-04,37.7148,3.5896,-5.2716,-38.8144
2013-02-05,37.3709,1.6779,-6.1353,-37.4755
2013-02-06,37.5004,2.7797,-5.8101,-36.7722
2013-02-07,37.2989,1.0211,-7.3628,-37.112
2013-02-08,36.8267,-0.0323,-9.4313,-33.6456
2013-02-09,36.8267,-0.0323,-9.4313,-33.6456
2013-02-10,36.8267,-0.0323,-9.4313,-33.6456
2013-02-11,36.6891,-0.4058,-9.7697,-34.6471
2013-02-12,36.7055,0.0106,-9.7293,-37.7873
2013-02-13,36.5361,-1.5486,-10.1459,-38.9947
2013-02-14,36.001,-4.8991,-10.7884,-39.8881
2013-02-15,35.9729,-6.2737,-12.3963,-39.9451
2013-02-16,35.9729,-6.2737,-12.3963,-39.9451
2013-02-17,35.9729,-6.2737,-12.3963,-39.9451
2013-02-18,36.1287,-5.8678,-11.2794,-38.1358
2013-02-19,36.6708,-4.4554,-9.9482,-37.7723
2013-02-20,36.6812,-4.8245,-9.9227,-36.9088
2013-02-21,36.0538,-4.2337,-11.5902,-37.988
2013-02-22,35.9628,-2.8977,-11.8085,-39.68
2013-02-23,35.9628,-2.8977,-11.8085,-39.68
2013-02-24,35.9628,-2.8977,-11.8085,-39.68
2013-02-25,35.7054,-3.5927,-13.8593,-40.0514
2013-02-26,35.0051,-3.624,-15.5488,-41.0192
2013-02-27,35.3514,-4.9617,-14.7134,-39.7761
2013-02-28,34.4347,-7.4334,-16.9249,-41.3378
2013-03-01,34.8515,-6.0125,-18.8037,-37.1139
2013-03-02,34.8515,-6.0125,-18.8037,-37.1139
2013-03-03,34.8515,-6.0125,-18.8037,-37.1139
2013-03-04,34.5951,-6.704,-19.5781,-37.5089
2013-03-05,35.0752,-4.1808,-18.462,-36.6416
2013-03-06,35.2535,-3.2855,-18.0475,-33.9327
2013-03-07,35.5079,-2.5397,-17.8843,-33.456
2013-03-08,35.8913,-3.4318,-16.3558,-33.7799
2013-03-09,35.8913,-3.4318,-16.3558,-33.7799
2013-03-10,35.8913,-3.4318,-16.3558,-33.7799
2013-03-11,35.921,-3.3519,-16.2392,-33.0706
2013-03-12,35.7956,-4.4526,-16.5316,-29.3833
2013-03-13,35.2608,-6.8692,-17.7786,-32.047
2013-03-14,35.5717,-6.8357,-16.4893,-31.4479
2013-03-15,35.3443,-5.3827,-18.5247,-15.1601
2013-03-16,35.3443,-5.3827,-18.5247,-15.1601
2013-03-17,35.3443,-5.3827,-18.5247,-15.1601
2013-03-18,35.105,-6.0233,-19.3819,-16.0368
2013-03-19,34.5575,-6.0087,-20.6392,-17.3463
2013-03-20,33.9148,-8.0882,-22.1152,-18.8835
2013-03-21,33.5032,-10.6662,-22.4361,-19.868
2013-03-22,33.3498,-9.3171,-23.2152,-24.1015
2013-03-23,33.3498,-9.3171,-23.2152,-24.1015
2013-03-24,33.3498,-9.3171,-23.2152,-24.1015
2013-03-25,33.1257,-9.9265,-24.0383,-24.663
2013-03-26,33.1487,-4.9568,-23.9855,-25.9412
2013-03-27,33.1487,-4.9568,-23.9855,-25.9412
2013-03-28,30.4918,-14.9253,-26.4089,-29.1218
2013-03-29,30.4918,-14.9253,-26.4089,-29.1218
2013-03-30,30.4918,-14.9253,-26.4089,-29.1218
2013-03-31,30.4918,-14.9253,-26.4089,-29.1218
2013-04-01,30.6088,-14.5988,-26.1265,-28.6009
2013-04-02,31.1344,-13.2988,-24.858,-27.3579
2013-04-03,30.8909,-14.8577,-25.4457,-26.5027
2013-04-04,30.463,-15.6376,-27.4075,-27.5208
2013-04-05,30.7712,-14.7841,-26.1391,-27.3922
2013-04-06,30.7712,-14.7841,-26.1391,-27.3922
2013-04-07,30.7712,-14.7841,-26.1391,-27.3922
2013-04-08,30.8938,-14.4446,-26.4232,-28.0536
2013-04-09,30.4952,-13.8286,-27.3725,-29.2619
2013-04-10,30.8523,-12.802,-26.522,-28.8462
2013-04-11,31.0665,-12.0659,-25.8103,-28.3522
2013-04-12,31.0553,-12.3348,-25.2152,-29.5319
2013-04-13,31.0553,-12.3348,-25.2152,-29.5319
2013-04-14,31.0553,-12.3348,-25.2152,-29.5319
2013-04-15,31.3455,-11.5156,-24.431,-29.2427
2013-04-16,31.9644,-10.2731,-22.9389,-28.8732
2013-04-17,31.925,-11.6708,-23.0339,-28.9608
2013-04-18,32.3833,-10.6682,-22.4252,-29.0462
2013-04-19,32.3833,-10.6682,-22.4252,-29.0462
2013-04-20,32.3833,-10.6682,-22.4252,-29.0462
2013-04-21,32.3833,-10.6682,-22.4252,-29.0462
2013-04-22,33.0281,-8.8895,-21.1249,-27.7284
2013-04-23,32.9231,-7.351,-21.3756,-28.4436
2013-04-24,32.9231,-7.351,-21.3756,-28.4436
2013-04-25,33.1013,-6.3056,-20.8983,-28.0563
2013-04-26,32.8903,-6.6285,-20.3779,-28.9626
2013-04-27,32.8903,-6.6285,-20.3779,-28.9626
2013-04-28,32.8903,-6.6285,-20.3779,-28.9626
2013-04-29,33.1853,-5.791,-20.566,-28.2635
2013-04-30,33.3423,-6.2513,-20.1902,-29.1494
2013-05-01,33.3423,-6.2513,-20.1902,-29.1494
2013-05-02,33.5879,-4.9675,-19.045,-28.6275
2013-05-03,33.2977,-2.8672,-18.6883,-28.0827
2013-05-04,33.2977,-2.8672,-18.6883,-28.0827
2013-05-05,33.2977,-2.8672,-18.6883,-28.0827
2013-05-06,33.517,-2.2275,-16.5249,-27.8584
2013-05-07,33.7984,-2.8907,-15.8241,-26.4773
2013-05-08,33.795,-1.2053,-15.8325,-25.0499
2013-05-09,33.7232,-0.3981,-18.3379,-25.2091
2013-05-10,34.0035,2.1985,-17.8153,-24.1839
2013-05-11,34.0035,2.1985,-17.8153,-24.1839
2013-05-12,34.0035,2.1985,-17.8153,-24.1839
2013-05-13,33.5796,0.9245,-17.7509,-26.4089
2013-05-14,33.6335,0.8558,-17.6189,-27.8251
2013-05-15,34.3098,2.348,-15.9623,-26.5629
2013-05-16,34.5147,4.0402,-15.666,-26.1244
2013-05-17,35.0251,5.396,-12.5492,-24.3682
2013-05-18,35.0251,5.396,-12.5492,-24.3682
2013-05-19,35.0251,5.396,-12.5492,-24.3682
2013-05-20,34.7218,4.4833,-12.7209,-25.4257
2013-05-21,34.3756,2.5868,-13.5912,-25.1239
2013-05-22,33.9979,2.7735,-14.5406,-24.7335
2013-05-23,33.0345,-0.1391,-17.3433,-26.8663
2013-05-24,33.278,-1.0714,-17.0147,-24.3166
2013-05-25,33.278,-1.0714,-17.0147,-24.3166
2013-05-26,33.278,-1.0714,-17.0147,-24.3166
2013-05-27,33.5085,-0.3862,-17.2742,-24.4964
2013-05-28,33.7556,-0.5518,-16.6642,-23.2827
2013-05-29,33.5477,-1.0211,-17.1774,-24.186
2013-05-30,33.4183,-0.5014,-18.2733,-24.4784
2013-05-31,32.7608,0.3846,-20.5808,-24.305
2013-06-01,32.7608,0.3846,-20.5808,-24.305
2013-06-02,32.7608,0.3846,-20.5808,-24.305
2013-06-03,32.6589,0.0723,-21.2811,-22.407
2013-06-04,32.5896,-0.8579,-21.4481,-23.7313
2013-06-05,32.6641,-0.9467,-21.2686,-23.0709
2013-06-06,32.7946,-2.3834,-19.4887,-22.7635
2013-06-07,32.5104,-4.0017,-21.3258,-20.8993
2013-06-08,32.5104,-4.0017,-21.3258,-20.8993
2013-06-09,32.5104,-4.0017,-21.3258,-20.8993
2013-06-10,32.2676,-4.7187,-22.1494,-21.908
2013-06-11,31.7784,-5.7946,-23.3297,-23.444
2013-06-12,31.689,-7.547,-23.5453,-23.438
2013-06-13,31.4873,-8.0354,-24.6973,-23.9253
2013-06-14,32.0102,-6.1876,-24.3335,-24.4686
2013-06-15,32.0102,-6.1876,-24.3335,-24.4686
2013-06-16,32.0102,-6.1876,-24.3335,-24.4686
2013-06-17,32.1792,-5.6923,-23.8434,-23.1082
2013-06-18,32.0433,-4.4188,-24.165,-21.9598
2013-06-19,32.0973,-5.2858,-24.0373,-19.0076
2013-06-20,31.3015,-8.5495,-27.0081,-21.0156
2013-06-21,31.3322,-8.9828,-26.6984,-17.5902
2013-06-22,31.3322,-8.9828,-26.6984,-17.5902
2013-06-23,31.3322,-8.9828,-26.6984,-17.5902
2013-06-24,30.8208,-10.4684,-27.8526,-19.6957
2013-06-25,30.7665,-9.8428,-27.9797,-19.8789
2013-06-26,30.7421,-10.2043,-28.0368,-16.8683
2013-06-27,30.9793,-9.6355,-28.4085,-16.2269
2013-06-28,31.7345,-9.7046,-26.1769,-8.4672
2013-06-29,31.7345,-9.7046,-26.1769,-8.4672
2013-06-30,31.7345,-9.7046,-26.1769,-8.4672
2013-07-01,32.1471,-8.5306,-25.1139,-10.5731
2013-07-02,31.8035,-9.9541,-25.9143,-8.808
2013-07-03,31.2747,-11.7768,-27.1462,-12.7063
2013-07-04,31.3461,-11.8236,-26.9071,-12.507
2013-07-05,31.396,-12.1067,-27.9211,-12.6681
2013-07-06,31.396,-12.1067,-27.9211,-12.6681
2013-07-07,31.396,-12.1067,-27.9211,-12.6681
2013-07-08,31.1024,-12.9287,-29.0416,-16.3954
2013-07-09,31.4138,-11.3531,-28.3312,-15.8123
2013-07-10,31.2107,-12.9901,-28.7946,-14.2613
2013-07-11,31.6063,-11.6269,-28.0453,-13.1745
2013-07-12,31.9092,-10.3357,-27.4341,-9.1786
2013-07-13,31.9092,-10.3357,-27.4341,-9.1786
2013-07-14,31.9092,-10.3357,-27.4341,-9.1786
2013-07-15,31.935,-10.2632,-27.9072,-8.2259
2013-07-16,31.397,-11.5692,-29.1218,-12.5049
2013-07-17,31.1483,-11.5957,-29.6832,-15.3494
2013-07-18,31.4613,-11.0469,-29.081,-14.4987
2013-07-19,31.3198,-10.7967,-29.596,-17.1644
2013-07-20,31.3198,-10.7967,-29.596,-17.1644
2013-07-21,31.3198,-10.7967,-29.596,-17.1644
2013-07-22,31.0533,-11.5558,-30.1573,-21.9872
2013-07-23,31.2429,-9.4459,-29.7309,-20.5306
2013-07-24,30.5862,-11.8434,-31.2079,-20.6573
2013-07-25,30.3653,-11.9443,-30.8326,-21.2304
2013-07-26,30.0433,-11.7588,-31.3478,-19.6306
2013-07-27,30.0433,-11.7588,-31.3478,-19.6306
2013-07-28,30.0433,-11.7588,-31.3478,-19.6306
2013-07-29,29.7389,-12.6529,-31.6265,-22.3655
2013-07-30,29.1005,-16.0035,-33.0943,-24.4321
2013-07-31,29.2882,-15.9997,-32.6628,-24.4107
2013-08-01,28.8756,-17.3374,-34.3407,-25.4756
2013-08-02,28.5265,-17.995,-35.525,-28.3389
2013-08-03,28.5265,-17.995,-35.525,-28.3389
2013-08-04,28.5265,-17.995,-35.525,-28.3389
2013-08-05,28.4691,-18.16,-35.3721,-28.9218
2013-08-06,27.6798,-20.9481,-37.1639,-31.0578
2013-08-07,27.964,-20.5701,-36.5187,-30.5358
2013-08-08,28.5555,-18.1756,-35.6668,-30.0892
2013-08-09,28.5555,-18.1756,-35.6668,-30.0892
2013-08-10,28.5555,-18.1756,-35.6668,-30.0892
2013-08-11,28.5555,-18.1756,-35.6668,-30.0892
2013-08-12,28.7241,-17.6925,-35.8661,-29.3609
2013-08-13,28.9902,-17.3849,-35.272,-27.0885
2013-08-14,29.1502,-17.2532,-34.3264,-26.6861
2013-08-15,29.1502,-17.2532,-34.3264,-26.6861
2013-08-16,27.9608,-20.5666,-38.0257,-28.9437
2013-08-17,27.9608,-20.5666,-38.0257,-28.9437
2013-08-18,27.9608,-20.5666,-38.0257,-28.9437
2013-08-19,27.5273,-21.7981,-38.969,-30.6182
2013-08-20,27.5878,-21.6262,-38.8349,-28.5612
2013-08-21,27.3152,-22.747,-39.4392,-29.6192
2013-08-22,27.6265,-21.6494,-39.0138,-28.8171
2013-08-23,27.9786,-20.6236,-37.6874,-27.9483
2013-08-24,27.9786,-20.6236,-37.6874,-27.9483
2013-08-25,27.9786,-20.6236,-37.6874,-27.9483
2013-08-26,28.1434,-20.156,-36.9073,-26.8073
2013-08-27,27.3341,-21.5712,-38.7216,-27.6606
2013-08-28,27.0901,-21.495,-39.2686,-30.3883
2013-08-29,27.4931,-20.114,-38.3963,-29.3527
2013-08-30,27.7061,-18.7111,-38.5509,-30.6234
2013-08-31,27.7061,-18.7111,-38.5509,-30.6234
2013-09-01,27.7061,-18.7111,-38.5509,-30.6234
2013-09-02,27.9947,-17.8644,-38.1225,-29.9007
2013-09-03,27.1378,-20.3133,-40.0165,-31.5766
2013-09-04,27.5111,-19.6559,-39.1914,-29.7049
2013-09-05,28.2808,-16.6565,-38.4386,-27.7382
2013-09-06,28.7455,-17.1511,-37.9058,-27.3276
2013-09-07,28.7455,-17.1511,-37.9058,-27.3276
2013-09-08,28.7455,-17.1511,-37.9058,-27.3276
2013-09-09,28.7455,-17.1511,-37.9058,-27.3276
2013-09-10,29.3489,-15.7573,-36.6024,-24.6738
2013-09-11,29.6452,-15.4217,-35.9624,-22.5903
2013-09-12,29.3364,-16.2944,-37.9218,-23.3967
2013-09-13,29.4701,-17.3498,-37.6951,-20.1463
2013-09-14,29.4701,-17.3498,-37.6951,-20.1463
2013-09-15,29.4701,-17.3498,-37.6951,-20.1463
2013-09-16,29.587,-17.0219,-37.9552,-18.9008
2013-09-17,29.5329,-17.7886,-38.0686,-19.4431
2013-09-18,29.7227,-17.9638,-37.6706,-21.619
2013-09-19,30.6324,-15.453,-36.4885,-19.2201
2013-09-20,30.2191,-17.8731,-37.3767,-18.0515
2013-09-21,30.2191,-17.8731,-37.3767,-18.0515
2013-09-22,30.2191,-17.8731,-37.3767,-18.0515
2013-09-23,29.6707,-19.3635,-38.8024,-19.8278
2013-09-24,29.6305,-20.072,-38.8853,-19.1674
2013-09-25,29.5525,-20.2484,-39.0461,-17.1888
2013-09-26,29.5877,-20.4138,-39.3125,-17.0902
2013-09-27,29.4474,-21.5823,-39.5661,-15.9498
2013-09-28,29.4474,-21.5823,-39.5661,-15.9498
2013-09-29,29.4474,-21.5823,-39.5661,-15.9498
2013-09-30,29.173,-22.3131,-41.1444,-17.2583
2013-10-01,29.3979,-22.2372,-40.6907,-14.5397
2013-10-02,29.3979,-22.2372,-40.6907,-14.5397
2013-10-03,29.8963,-21.1986,-40.0103,-13.0909
2013-10-04,30.1148,-20.7157,-39.1818,-8.1258
2013-10-05,30.1148,-20.7157,-39.1818,-8.1258
2013-10-06,30.1148,-20.7157,-39.1818,-8.1258
2013-10-07,30.2367,-20.3948,-38.7394,-4.7567
2013-10-08,30.2178,-19.3086,-38.7777,-4.8162
2013-10-09,30.4861,-19.0491,-38.2341,1.8026
2013-10-10,30.5626,-17.5675,-38.5098,2.058
2013-10-11,30.8859,-17.0586,-37.8932,-3.1948
2013-10-12,30.8859,-17.0586,-37.8932,-3.1948
2013-10-13,30.8859,-17.0586,-37.8932,-3.1948
2013-10-14,30.9686,-16.8365,-36.671,1.568
2013-10-15,30.7316,-16.784,-37.1556,5.729
2013-10-16,30.7316,-16.784,-37.1556,5.729
2013-10-17,30.6705,-17.2072,-37.4906,5.5187
2013-10-18,31.3268,-16.1158,-36.5966,3.5313
2013-10-19,31.3268,-16.1158,-36.5966,3.5313
2013-10-20,31.3268,-16.1158,-36.5966,3.5313
2013-10-21,31.4987,-15.6555,-36.2782,7.3993
2013-10-22,31.6249,-15.4566,-36.0229,11.192
2013-10-23,31.5755,-15.5403,-36.1228,19.4133
2013-10-24,31.5041,-15.7313,-36.6274,19.1433
2013-10-25,31.3906,-15.2245,-35.4944,21.5536
2013-10-26,31.3906,-15.2245,-35.4944,21.5536
2013-10-27,31.3906,-15.2245,-35.4944,21.5536
2013-10-28,31.2174,-15.6922,-35.8449,16.6923
2013-10-29,31.8208,-13.53,-34.6049,18.9478
2013-10-30,31.9914,-11.8381,-34.2543,14.5188
2013-10-31,32.3474,-11.4209,-34.4159,15.7932
2013-11-01,32.4896,-12.1064,-35.5412,11.5745
2013-11-02,32.4896,-12.1064,-35.5412,11.5745
2013-11-03,32.4896,-12.1064,-35.5412,11.5745
2013-11-04,32.4896,-12.1064,-35.5412,11.5745
2013-11-05,32.5186,-11.6909,-35.4837,14.2687
2013-11-06,32.5315,-11.8122,-35.4581,12.8743
2013-11-07,32.2922,-13.1606,-36.3633,12.044
2013-11-08,32.119,-12.467,-35.7507,12.1109
2013-11-09,32.119,-12.467,-35.7507,12.1109
2013-11-10,32.119,-12.467,-35.7507,12.1109
2013-11-11,31.7661,-13.4288,-35.1974,13.0185
2013-11-12,31.5624,-13.9398,-35.613,12.2937
2013-11-13,31.3818,-14.4323,-35.9814,12.8188
2013-11-14,31.8308,-11.7781,-34.3121,17.5397
2013-11-15,31.8308,-11.7781,-34.3121,17.5397
2013-11-16,31.8308,-11.7781,-34.3121,17.5397
2013-11-17,31.8308,-11.7781,-34.3121,17.5397
2013-11-18,32.2255,-10.6842,-31.9533,20.5313
2013-11-19,32.3412,-9.7998,-31.709,23.8937
2013-11-20,32.0172,-10.0451,-32.3931,18.8304
2013-11-21,31.5217,-12.0501,-34.3627,16.9914
2013-11-22,31.5738,-11.8666,-30.8749,19.2391
2013-11-23,31.5738,-11.8666,-30.8749,19.2391
2013-11-24,31.5738,-11.8666,-30.8749,19.2391
2013-11-25,32.2129,-10.0826,-28.8974,19.5594
2013-11-26,31.9753,-11.1345,-29.4218,18.6776
2013-11-27,32.0212,-11.8206,-29.3205,18.7924
2013-11-28,32.2425,-11.2112,-29.5226,19.6134
2013-11-29,32.7075,-12.2158,-31.3964,25.1933
2013-11-30,32.7075,-12.2158,-31.3964,25.1933
2013-12-01,32.7075,-12.2158,-31.3964,25.1933
2013-12-02,32.9493,-11.5669,-30.0972,25.2673
2013-12-03,32.8992,-11.7974,-30.2035,20.9449
2013-12-04,32.6925,-12.9528,-30.642,21.1453
2013-12-05,33.0853,-11.9959,-29.6889,22.6008
2013-12-06,33.2481,-11.7847,-25.8836,21.7148
2013-12-07,33.2481,-11.7847,-25.8836,21.7148
2013-12-08,33.2481,-11.7847,-25.8836,21.7148
2013-12-09,33.7612,-10.4233,-25.8851,20.4376
2013-12-10,33.5789,-10.9008,-26.2853,19.4962
2013-12-11,33.4751,-10.759,-26.5131,18.6825
2013-12-12,33.2067,-11.4849,-27.852,17.7309
2013-12-13,32.7353,-12.6875,-29.5476,13.5869
2013-12-14,32.7353,-12.6875,-29.5476,13.5869
2013-12-15,32.7353,-12.6875,-29.5476,13.5869
2013-12-16,32.8241,-12.4506,-29.3565,15.836
2013-12-17,32.8497,-12.9103,-29.3014,12.9772
2013-12-18,33.2579,-11.83,-28.4228,13.3326
2013-12-19,33.2003,-12.5459,-28.6927,13.1363
2013-12-20,33.8516,-9.4671,-27.1454,18.0535
2013-12-21,33.8516,-9.4671,-27.1454,18.0535
2013-12-22,33.8516,-9.4671,-27.1454,18.0535
2013-12-23,34.0633,-8.901,-26.9089,19.4252
2013-12-24,34.1176,-8.6798,-26.7924,21.3066
2013-12-25,34.1176,-8.6798,-26.7924,21.3066
2013-12-26,34.1824,-9.1956,-26.4387,21.537
2013-12-27,34.4551,-9.1896,-26.6146,18.8058
2013-12-28,34.4551,-9.1896,-26.6146,18.8058
2013-12-29,34.4551,-9.1896,-26.6146,18.8058
2013-12-30,34.5318,-8.9874,-27.0889,19.3138
2013-12-31,34.5331,-9.2426,-27.0861,16.7925
2014-01-01,34.5943,-9.867,-26.9569,16.0688
2014-01-02,34.181,-11.7048,-28.2516,14.6821
2014-01-03,34.203,-12.6579,-26.1517,12.4832
2014-01-04,34.203,-12.6579,-26.1517,12.4832
2014-01-05,34.203,-12.6579,-26.1517,12.4832
2014-01-06,34.0528,-13.0414,-25.0899,17.8216
2014-01-07,33.868,-13.7295,-25.4964,17.1822
2014-01-08,33.7943,-13.5506,-25.6585,18.6535
2014-01-09,33.6065,-14.0672,-24.4845,17.9941
2014-01-10,33.4942,-12.8493,-24.306,22.5502
2014-01-11,33.4942,-12.8493,-24.306,22.5502
2014-01-12,33.4942,-12.8493,-24.306,22.5502
2014-01-13,33.8951,-11.8062,-22.5003,20.5613
2014-01-14,33.8737,-12.572,-22.5493,24.1027
2014-01-15,34.0931,-12.3395,-22.0476,22.8111
2014-01-16,34.0523,-11.0349,-21.5199,22.6641
2014-01-17,33.6848,-13.2865,-22.2656,24.0364
2014-01-18,33.6848,-13.2865,-22.2656,24.0364
2014-01-19,33.6848,-13.2865,-22.2656,24.0364
2014-01-20,33.8716,-12.8057,-22.2187,28.7737
2014-01-21,33.9848,-12.802,-21.9587,29.4378
2014-01-22,34.0957,-11.7149,-21.704,32.5783
2014-01-23,34.0685,-11.3037,-22.4489,32.4726
2014-01-24,33.5641,-12.3147,-22.4079,27.4801
2014-01-25,33.5641,-12.3147,-22.4079,27.4801
2014-01-26,33.5641,-12.3147,-22.4079,27.4801
2014-01-27,32.7234,-14.511,-23.4277,22.0535
2014-01-28,32.6461,-14.6621,-23.6086,21.8161
2014-01-29,32.7951,-14.0666,-23.2599,20.1035
2014-01-30,32.4707,-14.6864,-24.7262,18.9155
2014-01-31,32.8634,-13.5715,-23.2345,23.457
2014-02-01,32.8634,-13.5715,-23.2345,23.457
2014-02-02,32.8634,-13.5715,-23.2345,23.457
2014-02-03,32.4932,-14.5451,-23.0021,21.8
2014-02-04,32.6752,-13.3624,-22.5708,23.8175
2014-02-05,32.7254,-12.4308,-22.4518,21.9873
2014-02-06,32.682,-12.8489,-22.4941,21.8255
2014-02-07,32.7951,-10.9475,-18.8013,18.2244
2014-02-08,32.7951,-10.9475,-18.8013,18.2244
2014-02-09,32.7951,-10.9475,-18.8013,18.2244
2014-02-10,32.7652,-11.0287,-20.2671,18.0294
2014-02-11,32.8596,-10.4377,-20.0374,19.1018
2014-02-12,32.8702,-10.4488,-20.0116,17.454
2014-02-13,32.5076,-11.0261,-22.9347,16.1583
2014-02-14,32.6951,-9.1119,-23.7841,23.5927
2014-02-15,32.6951,-9.1119,-23.7841,23.5927
2014-02-16,32.6951,-9.1119,-23.7841,23.5927
2014-02-17,32.8203,-8.7638,-21.9753,24.498
2014-02-18,33.2701,-7.9123,-20.906,26.1096
2014-02-19,33.4926,-8.6668,-20.377,29.049
2014-02-20,33.2194,-9.4375,-21.5656,27.9963
2014-02-21,33.5454,-6.7219,-16.9057,29.5209
2014-02-22,33.5454,-6.7219,-16.9057,29.5209
2014-02-23,33.5454,-6.7219,-16.9057,29.5209
2014-02-24,33.6799,-6.3479,-16.8077,29.1021
2014-02-25,33.7409,-5.502,-16.657,29.1918
2014-02-26,33.9459,-3.9758,-16.4805,30.1447
2014-02-27,33.9459,-3.9758,-16.4805,30.1447
2014-02-28,34.0347,-2.3437,-18.9748,35.8248
2014-03-01,34.0347,-2.3437,-18.9748,35.8248
2014-03-02,34.0347,-2.3437,-18.9748,35.8248
2014-03-03,33.9534,-2.5769,-19.345,35.3917
2014-03-04,34.3444,-0.7247,-18.4162,39.7375
2014-03-05,34.7268,-0.9933,-17.5079,40.5756
2014-03-06,35.2047,-0.1384,-14.6646,42.5101
2014-03-07,35.7674,-0.3452,-13.8241,46.5168
2014-03-08,35.7674,-0.3452,-13.8241,46.5168
2014-03-09,35.7674,-0.3452,-13.8241,46.5168
2014-03-10,32.9875,-8.0905,-20.0383,35.1293
2014-03-11,32.7367,-8.8647,-20.6462,31.2229
2014-03-12,32.7242,-8.5804,-20.6765,26.8193
2014-03-13,32.705,-7.2483,-21.7385,26.7449
2014-03-14,32.6994,-7.4832,-20.3245,23.8759
2014-03-15,32.6994,-7.4832,-20.3245,23.8759
2014-03-16,32.6994,-7.4832,-20.3245,23.8759
2014-03-17,32.6994,-7.4832,-20.3245,23.8759
2014-03-18,33.0245,-5.9265,-19.5323,24.5686
2014-03-19,33.195,-3.9427,-19.1169,25.8244
2014-03-20,33.0282,-2.6142,-10.5758,25.1922
2014-03-21,33.1967,-0.4591,-12.3977,31.5502
2014-03-22,33.1967,-0.4591,-12.3977,31.5502
2014-03-23,33.1967,-0.4591,-12.3977,31.5502
2014-03-24,33.6309,0.8429,-12.7709,31.514
2014-03-25,33.828,2.1201,-12.2597,29.1796
2014-03-26,33.9078,2.29,-12.0527,27.5583
2014-03-27,34.1785,3.1066,-11.5733,28.5766
2014-03-28,34.5024,13.153,-13.2624,33.0054
2014-03-29,34.5024,13.153,-13.2624,33.0054
2014-03-30,34.5024,13.153,-13.2624,33.0054
2014-03-31,34.9134,14.5009,-12.3932,32.0487
2014-04-01,34.7409,13.4997,-12.8261,27.0304
2014-04-02,34.9434,12.2341,-12.318,27.7708
2014-04-03,34.8192,12.7167,-13.5436,27.3167
2014-04-04,34.6427,12.5816,-14.387,24.8611
2014-04-05,34.6427,12.5816,-14.387,24.8611
2014-04-06,34.6427,12.5816,-14.387,24.8611
2014-04-07,34.6771,12.2461,-13.3506,22.0311
2014-04-08,34.6771,12.2461,-13.3506,22.0311
2014-04-09,35.0368,14.8928,-12.4518,23.2969
2014-04-10,35.2922,14.3908,-10.9098,24.1957
2014-04-11,35.1602,13.218,-12.026,18.2861
2014-04-12,35.1602,13.218,-12.026,18.2861
2014-04-13,35.1602,13.218,-12.026,18.2861
2014-04-14,35.1602,13.218,-12.026,18.2861
2014-04-15,34.7894,10.9869,-12.9538,20.5934
2014-04-16,34.3898,7.5878,-13.9537,18.4887
2014-04-17,34.8538,7.6289,-13.5718,21.6096
2014-04-18,34.8538,7.6289,-13.5718,21.6096
2014-04-19,34.8538,7.6289,-13.5718,21.6096
2014-04-20,34.8538,7.6289,-13.5718,21.6096
2014-04-21,35.1702,8.606,-12.7872,23.8017
2014-04-22,35.1982,6.5705,-12.7178,21.003
2014-04-23,35.3871,7.4841,-12.6911,20.2816
2014-04-24,35.3871,7.4841,-12.6911,20.2816
2014-04-25,35.143,6.8491,-12.9984,23.6663
2014-04-26,35.143,6.8491,-12.9984,23.6663
2014-04-27,35.143,6.8491,-12.9984,23.6663
2014-04-28,35.2085,7.0483,-12.3567,20.4051
2014-04-29,35.0382,5.5835,-12.7806,19.8227
2014-04-30,35.0361,5.08,-12.3394,19.8155
2014-05-01,35.0361,5.08,-12.3394,19.8155
2014-05-02,35.1684,5.6181,-9.7589,13.7039
2014-05-03,35.1684,5.6181,-9.7589,13.7039
2014-05-04,35.1684,5.6181,-9.7589,13.7039
2014-05-05,35.1768,5.6433,-11.3495,15.0298
2014-05-06,35.3072,5.3412,-11.0208,13.2839
2014-05-07,35.0427,3.6815,-11.6874,14.3602
2014-05-08,35.0969,3.8523,-11.4669,14.537
2014-05-09,36.143,6.292,-8.3416,16.9256
2014-05-10,36.143,6.292,-8.3416,16.9256
2014-05-11,36.143,6.292,-8.3416,16.9256
2014-05-12,37.0159,8.8591,-6.7743,20.628
2014-05-13,37.5211,11.7378,-5.502,22.4711
2014-05-14,37.6217,11.8578,-5.2486,20.1944
2014-05-15,37.6377,9.6996,-4.5378,20.2456
2014-05-16,38.333,9.4444,-0.1321,6.8483
2014-05-17,38.333,9.4444,-0.1321,6.8483
2014-05-18,38.333,9.4444,-0.1321,6.8483
2014-05-19,39.526,12.8505,2.0063,7.9981
2014-05-20,39.5109,13.7928,1.9673,9.0284
2014-05-21,39.585,15.1544,2.1585,8.0636
2014-05-22,40.0883,17.914,4.817,9.4376
2014-05-23,40.6687,22.209,6.8604,13.2224
2014-05-24,40.6687,22.209,6.8604,13.2224
2014-05-25,40.6687,22.209,6.8604,13.2224
2014-05-26,40.4109,21.4343,4.4849,8.6612
2014-05-27,40.2177,20.0224,3.9854,6.9057
2014-05-28,40.5943,20.2595,4.9591,5.5115
2014-05-29,40.2726,20.0458,3.728,4.6754
2014-05-30,40.0943,22.385,2.0913,2.5207
2014-05-31,40.0943,22.385,2.0913,2.5207
2014-06-01,40.0943,22.385,2.0913,2.5207
2014-06-02,41.0264,25.2302,5.0443,4.711
2014-06-03,41.257,26.327,5.6347,3.9484
2014-06-04,41.3142,26.7711,5.7811,4.0815
2014-06-05,41.8042,27.9821,7.1485,5.3159
2014-06-06,42.271,30.023,8.809,7.8821
2014-06-07,42.271,30.023,8.809,7.8821
2014-06-08,42.271,30.023,8.809,7.8821
2014-06-09,42.6531,31.1983,10.0339,6.7836
2014-06-10,42.6948,32.3148,10.1415,7.9512
2014-06-11,42.5056,33.7563,9.6534,8.987
2014-06-12,42.5312,34.2144,9.5019,9.0527
2014-06-13,41.9213,30.9623,8.8322,7.6434
2014-06-14,41.9213,30.9623,8.8322,7.6434
2014-06-15,41.9213,30.9623,8.8322,7.6434
2014-06-16,41.957,31.0738,9.5286,10.8311
2014-06-17,42.6629,32.5791,11.3713,14.7975
2014-06-18,42.5805,32.8843,11.1562,12.1957
2014-06-19,42.4652,32.3015,13.1322,11.8919
2014-06-20,42.1903,34.6548,12.9118,11.9465
2014-06-21,42.1903,34.6548,12.9118,11.9465
2014-06-22,42.1903,34.6548,12.9118,11.9465
2014-06-23,42.1127,34.4071,9.3655,10.6837
2014-06-24,42.6507,38.3828,10.7626,12.45
2014-06-25,42.8192,39.1748,11.2002,10.3445
2014-06-26,42.5722,38.4818,8.4802,9.708
2014-06-27,42.9623,35.3804,8.0897,12.9202
2014-06-28,42.9623,35.3804,8.0897,12.9202
2014-06-29,42.9623,35.3804,8.0897,12.9202
2014-06-30,43.7745,37.9398,10.4808,14.068
2014-07-01,44.0782,37.1141,11.2473,14.5439
2014-07-02,44.5557,40.0968,12.4525,14.2234
2014-07-03,44.6729,42.8404,11.9883,14.5239
2014-07-04,44.8184,42.7519,10.1812,20.0298
2014-07-05,44.8184,42.7519,10.1812,20.0298
2014-07-06,44.8184,42.7519,10.1812,20.0298
2014-07-07,44.8504,42.8539,11.2858,23.4892
2014-07-08,43.5166,39.914,7.9763,19.3056
2014-07-09,43.0154,36.9315,6.7327,20.3575
2014-07-10,43.2057,38.4323,7.9908,20.8899
2014-07-11,42.2584,32.4333,5.4033,16.2075
2014-07-12,42.2584,32.4333,5.4033,16.2075
2014-07-13,42.2584,32.4333,5.4033,16.2075
2014-07-14,42.2932,32.5423,5.663,12.9741
2014-07-15,43.0525,34.8129,7.56,14.8958
2014-07-16,43.7191,39.2461,9.2254,13.7322
2014-07-17,44.0848,41.532,10.3469,14.6835
2014-07-18,43.8954,40.1522,11.1234,11.9204
2014-07-19,43.8954,40.1522,11.1234,11.9204
2014-07-20,43.8954,40.1522,11.1234,11.9204
2014-07-21,43.8256,39.9294,9.4174,13.164
2014-07-22,43.9561,41.5505,9.7432,11.012
2014-07-23,44.1493,41.3099,10.2255,10.1601
2014-07-24,44.0144,43.9028,8.7183,9.8235
2014-07-25,43.2059,43.8121,9.923,7.183
2014-07-26,43.2059,43.8121,9.923,7.183
2014-07-27,43.2059,43.8121,9.923,7.183
2014-07-28,43.1096,44.9603,9.6839,6.1844
2014-07-29,43.1096,44.9603,9.6839,6.1844
2014-07-30,43.1886,48.4119,9.8849,4.4265
2014-07-31,43.0425,46.9619,9.4538,4.0732
2014-08-01,42.7468,49.8494,10.8429,1.9624
2014-08-02,42.7468,49.8494,10.8429,1.9624
2014-08-03,42.7468,49.8494,10.8429,1.9624
2014-08-04,43.5396,52.6286,14.803,3.5053
2014-08-05,43.9734,54.4601,15.9468,7.2117
2014-08-06,43.6705,57.7703,15.1481,8.7085
2014-08-07,43.702,56.2795,17.1943,8.7869
2014-08-08,43.0403,50.7251,15.3895,7.7664
2014-08-09,43.0403,50.7251,15.3895,7.7664
2014-08-10,43.0403,50.7251,15.3895,7.7664
2014-08-11,43.4571,52.1847,17.5565,9.17
2014-08-12,43.8775,52.755,18.6937,6.9802
2014-08-13,43.6426,50.5426,18.0583,6.8198
2014-08-14,43.855,56.8446,23.0907,9.5173
2014-08-15,43.855,56.8446,23.0907,9.5173
2014-08-16,43.855,56.8446,23.0907,9.5173
2014-08-17,43.855,56.8446,23.0907,9.5173
2014-08-18,44.4421,58.9443,26.1567,12.7889
2014-08-19,44.5746,61.9287,26.5328,11.7082
2014-08-20,44.4883,61.2608,26.2878,10.0283
2014-08-21,44.7304,63.7564,25.7542,10.6271
2014-08-22,44.8327,60.2393,28.2561,8.1573
2014-08-23,44.8327,60.2393,28.2561,8.1573
2014-08-24,44.8327,60.2393,28.2561,8.1573
2014-08-25,44.7357,59.8926,30.3716,7.4184
2014-08-26,44.7411,58.9755,30.3873,6.9116
2014-08-27,44.9226,64.3464,30.9162,6.4769
2014-08-28,45.0207,62.4938,26.4822,8.3153
2014-08-29,45.0207,62.4938,26.4822,8.3153
2014-08-30,45.0207,62.4938,26.4822,8.3153
2014-08-31,45.0207,62.4938,26.4822,8.3153
2014-09-01,45.7829,65.2448,27.5574,10.4906
2014-09-02,46.2334,65.1505,28.8125,11.6013
2014-09-03,46.6672,71.9638,30.0212,11.1317
2014-09-04,46.742,69.9023,30.2154,11.3098
2014-09-05,46.8618,63.0231,28.0937,8.7904
2014-09-06,46.8618,63.0231,28.0937,8.7904
2014-09-07,46.8618,63.0231,28.0937,8.7904
2014-09-08,47.4826,65.1827,32.3,10.696
2014-09-09,47.6377,65.7223,32.7321,11.0361
2014-09-10,47.2969,61.1539,31.7826,9.9534
2014-09-11,47.7088,60.9326,35.5718,10.911
2014-09-12,47.7589,62.0588,33.0424,9.2039
2014-09-13,47.7589,62.0588,33.0424,9.2039
2014-09-14,47.7589,62.0588,33.0424,9.2039
2014-09-15,47.5185,61.2431,31.8109,6.8932
2014-09-16,46.3894,56.7898,28.6789,3.5575
2014-09-17,46.7543,58.3126,29.6911,3.4012
2014-09-18,47.5387,59.9407,32.6552,5.136
2014-09-19,47.262,56.3978,33.8636,3.6331
2014-09-20,47.262,56.3978,33.8636,3.6331
2014-09-21,47.262,56.3978,33.8636,3.6331
2014-09-22,47.3842,56.8022,35.5453,4.967
2014-09-23,46.6415,57.1972,33.4208,2.9212
2014-09-24,46.2019,55.9268,32.1633,1.8684
2014-09-25,45.4585,53.8229,30.7026,0.2293
2014-09-26,46.0287,56.3082,29.5744,1.2911
2014-09-27,46.0287,56.3082,29.5744,1.2911
2014-09-28,46.0287,56.3082,29.5744,1.2911
2014-09-29,46.2448,57.042,32.2228,0.3037
2014-09-30,46.1883,58.3255,32.0613,0.3653
2014-10-01,45.9241,52.4968,32.7693,1.9844
2014-10-02,45.9241,52.4968,32.7693,1.9844
2014-10-03,45.9241,52.4968,32.7693,1.9844
2014-10-04,45.9241,52.4968,32.7693,1.9844
2014-10-05,45.9241,52.4968,32.7693,1.9844
2014-10-06,45.9241,52.4968,32.7693,1.9844
2014-10-07,45.3637,50.0286,31.1491,0.0282
2014-10-08,45.5363,50.6936,31.6481,1.6335
2014-10-09,46.4113,52.2376,32.5878,3.5865
2014-10-10,45.8787,48.5425,29.4999,0.4565
2014-10-11,45.8787,48.5425,29.4999,0.4565
2014-10-12,45.8787,48.5425,29.4999,0.4565
2014-10-13,46.1125,49.2995,29.5204,-0.3385
2014-10-14,46.0323,49.7882,29.2951,-1.5546
2014-10-15,46.0323,49.7882,29.2951,-1.5546
2014-10-16,45.3643,47.6145,28.0082,-2.9832
2014-10-17,45.8367,46.3178,29.752,-2.0324
2014-10-18,45.8367,46.3178,29.752,-2.0324
2014-10-19,45.8367,46.3178,29.752,-2.0324
2014-10-20,46.6225,48.8262,32.4706,1.1496
2014-10-21,47.2309,49.9456,34.1993,4.2011
2014-10-22,47.6077,51.6623,33.4323,7.8571
2014-10-23,47.6077,51.6623,33.4323,7.8571
2014-10-24,47.6077,51.6623,33.4323,7.8571
2014-10-25,47.6077,51.6623,33.4323,7.8571
2014-10-26,47.6077,51.6623,33.4323,7.8571
2014-10-27,47.769,52.1761,30.2641,8.508
2014-10-28,47.9161,53.4916,30.6652,9.9823
2014-10-29,48.2982,51.7819,31.7072,11.2613
2014-10-30,48.687,52.1878,33.6395,12.157
2014-10-31,49.6565,52.8381,37.3886,17.4096
2014-11-01,49.6565,52.8381,37.3886,17.4096
2014-11-02,49.6565,52.8381,37.3886,17.4096
2014-11-03,49.7148,53.0176,36.8012,12.9307
2014-11-04,49.7148,53.0176,36.8012,12.9307
2014-11-05,49.8824,53.3357,37.2624,12.0434
2014-11-06,49.8824,53.3357,37.2624,12.0434
2014-11-07,49.8106,55.0814,41.1061,10.2443
2014-11-08,49.8106,55.0814,41.1061,10.2443
2014-11-09,49.8106,55.0814,41.1061,10.2443
2014-11-10,49.8829,55.3065,43.9846,8.035
2014-11-11,50.0872,57.675,44.5743,9.4881
2014-11-12,50.2257,59.1314,44.9741,9.1279
2014-11-13,50.1826,59.9099,46.3178,9.0343
2014-11-14,50.6432,59.1012,55.0291,9.0628
2014-11-15,50.6432,59.1012,55.0291,9.0628
2014-11-16,50.6432,59.1012,55.0291,9.0628
2014-11-17,50.8281,59.6821,55.2193,9.4848
2014-11-18,51.4028,59.5097,56.9743,12.2486
2014-11-19,50.9145,57.4292,55.4831,9.9105
2014-11-20,50.911,59.0114,58.8834,9.9029
2014-11-21,51.1928,62.137,60.4991,9.7087
2014-11-22,51.1928,62.137,60.4991,9.7087
2014-11-23,51.1928,62.137,60.4991,9.7087
2014-11-24,51.7375,63.8621,62.2532,10.5684
2014-11-25,50.8898,57.9796,59.5947,10.2917
2014-11-26,50.9395,59.3089,59.7506,11.7307
2014-11-27,51.2944,60.1889,57.1048,12.5092
2014-11-28,51.9699,58.8929,58.758,23.3651
2014-11-29,51.9699,58.8929,58.758,23.3651
2014-11-30,51.9699,58.8929,58.758,23.3651
2014-12-01,51.8445,58.5095,54.9665,22.4344
2014-12-02,51.7325,57.0064,54.6317,21.2161
2014-12-03,52.2759,58.8972,56.256,23.0166
2014-12-04,52.833,61.6059,58.2115,24.3276
2014-12-05,52.5108,57.9362,60.0368,22.9148
2014-12-06,52.5108,57.9362,60.0368,22.9148
2014-12-07,52.5108,57.9362,60.0368,22.9148
2014-12-08,51.4805,54.8374,58.8223,21.0005
2014-12-09,50.7209,50.2343,56.4789,18.8411
2014-12-10,50.9737,51.8028,57.2588,19.764
2014-12-11,50.6195,51.2154,59.2224,18.9318
2014-12-12,50.1738,53.2712,60.3084,20.0322
2014-12-13,50.1738,53.2712,60.3084,20.0322
2014-12-14,50.1738,53.2712,60.3084,20.0322
2014-12-15,49.9027,52.4431,62.5559,18.4741
2014-12-16,48.7821,48.6167,58.9056,15.6599
2014-12-17,48.5765,47.875,58.2358,15.9762
2014-12-18,49.8306,49.8309,65.24,18.9703
2014-12-19,49.9302,47.4973,60.1657,19.0058
2014-12-20,49.9302,47.4973,60.1657,19.0058
2014-12-21,49.9302,47.4973,60.1657,19.0058
2014-12-22,50.156,48.1643,61.4976,16.8685
2014-12-23,49.7783,46.1347,60.2815,15.0778
2014-12-24,49.7678,45.8713,59.0137,15.0536
2014-12-25,49.7678,45.8713,59.0137,15.0536
2014-12-26,50.0529,45.2699,64.1068,15.2013
2014-12-27,50.0529,45.2699,64.1068,15.2013
2014-12-28,50.0529,45.2699,64.1068,15.2013
2014-12-29,50.4396,46.3923,65.1992,16.1127
2014-12-30,50.5874,46.4951,65.6832,16.0565
2014-12-31,50.7797,47.0465,66.3131,16.4977
2015-01-01,51.0252,47.496,66.2649,17.0609
2015-01-02,51.3873,50.2421,63.3318,16.0731
2015-01-03,51.3873,50.2421,63.3318,16.0731
2015-01-04,51.3873,50.2421,63.3318,16.0731
2015-01-05,51.5502,50.7184,63.6343,16.1022
2015-01-06,50.0792,47.0634,58.9649,12.7895
2015-01-07,50.0973,47.9193,59.0224,13.3121
2015-01-08,51.1312,51.3013,61.5673,15.6506
2015-01-09,51.3217,53.2256,56.9447,17.2328
2015-01-10,51.3217,53.2256,56.9447,17.2328
2015-01-11,51.3217,53.2256,56.9447,17.2328
2015-01-12,51.8046,54.6674,57.4555,17.6254
2015-01-13,51.7162,52.5772,57.1868,16.868
2015-01-14,51.7261,52.7028,57.2169,16.9306
2015-01-15,52.7399,54.6938,59.5153,19.2223
2015-01-16,52.822,56.8126,54.2982,20.0009
2015-01-17,52.822,56.8126,54.2982,20.0009
2015-01-18,52.822,56.8126,54.2982,20.0009
2015-01-19,47.8545,42.0656,38.765,8.534
2015-01-20,48.2509,42.4524,39.9145,11.9996
2015-01-21,48.2586,42.0005,39.9368,13.7206
2015-01-22,48.5202,42.3059,40.3344,14.3371
2015-01-23,48.9674,45.8922,36.6244,19.9723
2015-01-24,48.9674,45.8922,36.6244,19.9723
2015-01-25,48.9674,45.8922,36.6244,19.9723
2015-01-26,48.9674,45.8922,36.6244,19.9723
2015-01-27,49.4672,51.1677,38.0189,20.4722
2015-01-28,49.4888,51.5918,38.0791,19.637
2015-01-29,49.5172,50.9896,41.0851,19.7057
2015-01-30,48.8562,48.6645,35.5332,18.7987
2015-01-31,48.8562,48.6645,35.5332,18.7987
2015-02-01,48.8562,48.6645,35.5332,18.7987
2015-02-02,48.7413,48.3148,33.8756,16.7093
2015-02-03,48.5999,49.5694,33.4872,18.7025
2015-02-04,48.4755,48.3556,33.1456,21.7561
2015-02-05,48.3722,47.8124,31.61,21.4967
2015-02-06,47.9715,46.2764,29.3308,18.4394
2015-02-07,47.9715,46.2764,29.3308,18.4394
2015-02-08,47.9715,46.2764,29.3308,18.4394
2015-02-09,47.0949,43.6035,27.8412,17.1008
2015-02-10,47.7643,45.7775,29.6583,17.4678
2015-02-11,48.4979,47.5913,31.6497,19.272
2015-02-12,49.0534,49.2337,33.6547,20.6381
2015-02-13,49.5662,51.6013,29.6414,21.3341
2015-02-14,49.5662,51.6013,29.6414,21.3341
2015-02-15,49.5662,51.6013,29.6414,21.3341
2015-02-16,49.5717,51.0398,29.1575,20.7205
2015-02-17,49.5717,51.0398,29.1575,20.7205
2015-02-18,49.9286,50.0705,30.0874,22.6087
2015-02-19,50.0609,49.4685,30.4321,22.9336
2015-02-20,49.916,48.8013,32.5984,22.4028
2015-02-21,49.916,48.8013,32.5984,22.4028
2015-02-22,49.916,48.8013,32.5984,22.4028
2015-02-23,49.5352,47.6661,33.7488,21.1847
2015-02-24,49.2238,46.1519,32.908,20.7114
2015-02-25,49.3483,46.2566,33.2441,19.0547
2015-02-26,48.5854,43.126,33.7652,17.2142
2015-02-27,49.6663,45.9284,33.8123,17.569
2015-02-28,49.6663,45.9284,33.8123,17.569
2015-03-01,49.6663,45.9284,33.8123,17.569
2015-03-02,50.5831,48.6221,36.4124,18.2887
2015-03-03,50.9906,50.1782,37.5114,18.7969
2015-03-04,50.5947,47.3157,36.4437,17.6156
2015-03-05,50.5106,41.2197,38.6389,17.6265
2015-03-06,50.5106,41.2197,38.6389,17.6265
2015-03-07,50.5106,41.2197,38.6389,17.6265
2015-03-08,50.5106,41.2197,38.6389,17.6265
2015-03-09,49.5845,38.6304,33.4107,15.5967
2015-03-10,49.521,50.1205,33.2399,15.408
2015-03-11,49.1209,50.0484,32.1634,14.5404
2015-03-12,49.7452,52.0135,32.7824,15.9962
2015-03-13,48.8578,49.415,29.5609,13.4998
2015-03-14,48.8578,49.415,29.5609,13.4998
2015-03-15,48.8578,49.415,29.5609,13.4998
2015-03-16,48.7448,49.0694,30.4907,12.7605
2015-03-17,49.3428,50.8982,32.0916,13.7445
2015-03-18,49.1483,48.8238,31.5709,12.8684
2015-03-19,48.8427,47.1387,32.8449,12.1666
2015-03-20,48.3393,45.6148,31.44,11.4554
2015-03-21,48.3393,45.6148,31.44,11.4554
2015-03-22,48.3393,45.6148,31.44,11.4554
2015-03-23,47.9059,44.3092,30.263,10.4561
2015-03-24,47.6357,41.6427,29.5283,9.6768
2015-03-25,47.5168,40.4659,29.2049,8.9625
2015-03-26,46.9732,38.5321,34.896,7.7159
2015-03-27,47.4476,37.5197,36.0041,8.8987
2015-03-28,47.4476,37.5197,36.0041,8.8987
2015-03-29,47.4476,37.5197,36.0041,8.8987
2015-03-30,48.3099,40.019,34.7887,17.4909
2015-03-31,48.3661,38.5316,34.9455,16.7302
2015-04-01,48.4983,39.9957,34.3082,15.5764
2015-04-02,48.4983,39.9957,34.3082,15.5764
2015-04-03,48.4983,39.9957,34.3082,15.5764
2015-04-04,48.4983,39.9957,34.3082,15.5764
2015-04-05,48.4983,39.9957,34.3082,15.5764
2015-04-06,48.6466,40.4238,34.7189,15.4541
2015-04-07,48.7692,40.6381,35.0584,17.062
2015-04-08,49.0046,41.3169,35.7103,16.7096
2015-04-09,49.2116,40.4569,39.059,17.2026
2015-04-10,49.4269,40.5763,37.9669,18.2892
2015-04-11,49.4269,40.5763,37.9669,18.2892
2015-04-12,49.4269,40.5763,37.9669,18.2892
2015-04-13,49.4563,40.6599,39.6089,19.0966
2015-04-14,49.4563,40.6599,39.6089,19.0966
2015-04-15,49.0312,40.9372,38.4089,18.2064
2015-04-16,48.5655,41.2207,36.3277,17.0837
2015-04-17,48.1774,38.2271,32.0157,16.8881
2015-04-18,48.1774,38.2271,32.0157,16.8881
2015-04-19,48.1774,38.2271,32.0157,16.8881
2015-04-20,47.2875,35.6739,30.4461,14.0527
2015-04-21,47.2131,34.2418,30.2409,13.0999
2015-04-22,47.3524,34.5307,30.6251,13.0833
2015-04-23,47.1847,33.3387,32.4736,12.6828
2015-04-24,46.4968,32.3074,31.9253,11.4182
2015-04-25,46.4968,32.3074,31.9253,11.4182
2015-04-26,46.4968,32.3074,31.9253,11.4182
2015-04-27,46.0114,30.9262,30.6207,11.9379
2015-04-28,46.6897,32.6092,32.5463,13.0282
2015-04-29,46.7886,33.536,32.8271,11.9955
2015-04-30,46.6791,32.7302,33.7311,13.817
2015-05-01,46.6791,32.7302,33.7311,13.817
2015-05-02,46.6791,32.7302,33.7311,13.817
2015-05-03,46.6791,32.7302,33.7311,13.817
2015-05-04,47.5174,35.1139,38.6131,16.0521
2015-05-05,47.4369,34.8528,38.3783,15.839
2015-05-06,45.7524,29.5838,33.4644,13.9477
2015-05-07,45.0357,28.5166,29.3962,12.1628
2015-05-08,45.72,26.4975,35.9881,11.9129
2015-05-09,45.72,26.4975,35.9881,11.9129
2015-05-10,45.72,26.4975,35.9881,11.9129
2015-05-11,46.5964,28.9223,40.0469,13.5017
2015-05-12,45.2705,22.3001,36.0619,9.4164
2015-05-13,45.9942,22.5822,38.237,12.6572
2015-05-14,46.3424,23.18,38.9656,13.51
2015-05-15,46.4306,21.1244,40.2254,13.1783
2015-05-16,46.4306,21.1244,40.2254,13.1783
2015-05-17,46.4306,21.1244,40.2254,13.1783
2015-05-18,46.9906,22.5852,41.4021,17.9892
2015-05-19,46.9076,18.6753,41.1523,17.1191
2015-05-20,46.9299,18.7771,41.2194,17.9662
2015-05-21,47.0458,18.8475,40.3983,18.2575
2015-05-22,46.9923,15.5491,40.3803,21.0359
2015-05-23,46.9923,15.5491,40.3803,21.0359
2015-05-24,46.9923,15.5491,40.3803,21.0359
2015-05-25,46.6359,14.6727,38.6389,18.1074
2015-05-26,46.6162,15.3555,38.5803,16.2467
2015-05-27,46.4943,15.6066,38.2179,14.7852
2015-05-28,46.5878,14.7644,37.2534,15.016
2015-05-29,47.1901,17.6978,41.7218,17.6077
2015-05-30,47.1901,17.6978,41.7218,17.6077
2015-05-31,47.1901,17.6978,41.7218,17.6077
2015-06-01,47.2697,17.8963,44.8422,16.1458
2015-06-02,46.1709,12.5395,41.4753,11.9281
2015-06-03,45.5205,10.334,39.4824,9.7197
2015-06-04,45.8214,10.9096,39.3951,10.4449
2015-06-05,45.6409,7.9721,34.936,12.9644
2015-06-06,45.6409,7.9721,34.936,12.9644
2015-06-07,45.6409,7.9721,34.936,12.9644
2015-06-08,45.149,6.8085,33.3182,11.089
2015-06-09,45.1327,5.8134,33.27,9.2198
2015-06-10,45.7439,7.1416,35.0748,10.3643
2015-06-11,45.031,5.9413,33.492,8.6443
2015-06-12,45.0165,7.3834,33.3238,7.2705
2015-06-13,45.0165,7.3834,33.3238,7.2705
2015-06-14,45.0165,7.3834,33.3238,7.2705
2015-06-15,45.0441,7.4492,32.0109,7.1407
2015-06-16,45.2555,7.8616,32.6305,6.9761
2015-06-17,45.5982,6.8802,33.6348,7.9145
2015-06-18,45.92,7.8428,36.9736,8.6761
2015-06-19,46.103,9.2739,33.1579,8.0075
2015-06-20,46.103,9.2739,33.1579,8.0075
2015-06-21,46.103,9.2739,33.1579,8.0075
2015-06-22,46.8183,10.9693,36.0028,9.2387
2015-06-23,47.0094,11.6276,36.558,9.9784
2015-06-24,46.6221,9.3115,35.4329,9.1362
2015-06-25,46.7771,9.2433,37.0741,9.499
2015-06-26,46.8938,9.151,36.8615,9.2927
2015-06-27,46.8938,9.151,36.8615,9.2927
2015-06-28,46.8938,9.151,36.8615,9.2927
2015-06-29,46.1633,7.4507,31.3502,6.6112
2015-06-30,46.4347,6.0771,32.1225,8.0198
2015-07-01,47.1996,7.0815,34.2989,9.9506
2015-07-02,47.4534,6.5035,34.3558,10.5418
2015-07-03,47.6387,6.2927,32.7627,10.1967
2015-07-04,47.6387,6.2927,32.7627,10.1967
2015-07-05,47.6387,6.2927,32.7627,10.1967
2015-07-06,47.9205,6.9215,34.1537,11.3467
2015-07-07,48.1009,7.2474,34.6587,10.43
2015-07-08,47.342,8.7907,32.5342,8.0081
2015-07-09,47.2563,9.859,33.353,7.8126
2015-07-10,47.4746,12.3436,33.1563,7.5541
2015-07-11,47.4746,12.3436,33.1563,7.5541
2015-07-12,47.4746,12.3436,33.1563,7.5541
2015-07-13,48.1615,13.9691,35.333,9.1605
2015-07-14,48.0256,13.554,34.9511,9.2169
2015-07-15,48.2938,12.1742,35.7048,9.0225
2015-07-16,48.7461,11.4984,37.2952,10.0435
2015-07-17,48.8885,11.375,38.7443,10.7902
2015-07-18,48.8885,11.375,38.7443,10.7902
2015-07-19,48.8885,11.375,38.7443,10.7902
2015-07-20,48.818,11.2144,39.0406,10.3783
2015-07-21,48.7704,11.2829,38.9051,9.6314
2015-07-22,49.0758,11.6473,39.7749,10.3774
2015-07-23,49.0801,11.1685,42.2533,10.3871
2015-07-24,48.2829,11.7507,41.8354,9.887
2015-07-25,48.2829,11.7507,41.8354,9.887
2015-07-26,48.2829,11.7507,41.8354,9.887
2015-07-27,47.0868,8.9823,38.3002,7.2788
2015-07-28,46.9535,8.9166,37.9087,7.2938
2015-07-29,47.4883,10.1571,39.4795,9.1816
2015-07-30,47.6202,10.261,37.4523,9.4848
2015-07-31,48.3628,13.1378,38.55,9.7232
2015-08-01,48.3628,13.1378,38.55,9.7232
2015-08-02,48.3628,13.1378,38.55,9.7232
2015-08-03,48.6862,13.8944,39.958,10.2126
2015-08-04,48.8839,12.2746,40.5263,10.4863
2015-08-05,49.2052,11.8976,41.4499,11.701
2015-08-06,49.5793,13.5304,41.5957,12.5503
2015-08-07,49.4273,14.8396,41.3388,11.6999
2015-08-08,49.4273,14.8396,41.3388,11.6999
2015-08-09,49.4273,14.8396,41.3388,11.6999
2015-08-10,49.1968,14.304,40.9711,11.9073
2015-08-11,48.4677,11.53,38.8819,9.1937
2015-08-12,47.6831,8.6732,36.6337,6.4647
2015-08-13,47.6544,9.1924,35.8035,6.4006
2015-08-14,48.3974,10.3578,37.3233,8.9266
2015-08-15,48.3974,10.3578,37.3233,8.9266
2015-08-16,48.3974,10.3578,37.3233,8.9266
2015-08-17,48.6735,10.9873,38.2758,8.5069
2015-08-18,49.0959,10.4716,39.4758,8.8196
2015-08-19,49.2485,10.4856,39.9093,9.1892
2015-08-20,48.2079,8.3608,36.9531,6.8821
2015-08-21,47.7833,6.5814,35.2359,5.8975
2015-08-22,47.7833,6.5814,35.2359,5.8975
2015-08-23,47.7833,6.5814,35.2359,5.8975
2015-08-24,44.2588,-1.2801,25.564,-0.9939
2015-08-25,45.1488,0.9234,28.089,0.5532
2015-08-26,44.857,0.259,27.2611,0.5618
2015-08-27,45.595,1.4968,30.8243,2.2163
2015-08-28,45.8044,1.7408,33.2798,2.9782
2015-08-29,45.8044,1.7408,33.2798,2.9782
2015-08-30,45.8044,1.7408,33.2798,2.9782
2015-08-31,45.6919,1.4909,34.0587,1.3774
2015-09-01,44.4302,-2.9546,30.3569,-1.4587
2015-09-02,44.0582,-4.7048,29.2655,-2.6168
2015-09-03,44.6785,-4.2615,31.1928,-1.2457
2015-09-04,43.8599,-6.4059,28.1475,-4.5939
2015-09-05,43.8599,-6.4059,28.1475,-4.5939
2015-09-06,43.8599,-6.4059,28.1475,-4.5939
2015-09-07,42.9753,-8.2935,23.8613,-6.6071
2015-09-08,43.8154,-7.7233,26.2826,-5.3528
2015-09-09,44.8327,-5.8882,29.2146,-3.1553
2015-09-10,44.8389,-5.197,28.705,-3.1419
2015-09-11,44.8522,-6.0862,28.1371,-5.415
2015-09-12,44.8522,-6.0862,28.1371,-5.415
2015-09-13,44.8522,-6.0862,28.1371,-5.415
2015-09-14,45.2369,-5.2807,26.8689,-5.063
2015-09-15,44.6132,-6.114,25.1198,-5.6799
2015-09-16,44.7429,-4.3021,24.5519,-6.1728
2015-09-17,44.7429,-4.3021,24.5519,-6.1728
2015-09-18,45.0737,-4.6301,25.1964,-6.6072
2015-09-19,45.0737,-4.6301,25.1964,-6.6072
2015-09-20,45.0737,-4.6301,25.1964,-6.6072
2015-09-21,45.2375,-4.2836,22.9427,-6.2963
2015-09-22,44.465,-6.1607,20.8433,-7.8549
2015-09-23,44.6005,-4.3759,21.2115,-8.0087
2015-09-24,44.7668,-2.7416,20.5911,-8.4976
2015-09-25,44.7668,-2.7416,20.5911,-8.4976
2015-09-26,44.7668,-2.7416,20.5911,-8.4976
2015-09-27,44.7668,-2.7416,20.5911,-8.4976
2015-09-28,44.051,-4.2967,17.3067,-9.5416
2015-09-29,44.0688,-4.7054,17.3541,-9.559
2015-09-30,44.6421,-3.3476,18.8808,-9.936
2015-10-01,44.5286,-3.0387,16.2435,-10.752
2015-10-02,44.5286,-3.0387,16.2435,-10.752
2015-10-03,44.5286,-3.0387,16.2435,-10.752
2015-10-04,44.5286,-3.0387,16.2435,-10.752
2015-10-05,45.4059,-1.1284,19.5417,-9.4815
2015-10-06,45.4074,-1.1251,19.5457,-8.2977
2015-10-07,45.679,0.695,20.2607,-7.4528
2015-10-08,45.4656,-0.1553,21.408,-7.8851
2015-10-09,45.8222,-0.1232,23.0146,-7.0956
2015-10-10,45.8222,-0.1232,23.0146,-7.0956
2015-10-11,45.8222,-0.1232,23.0146,-7.0956
2015-10-12,45.6458,-0.5076,22.5779,-9.0107
2015-10-13,45.5339,-1.2548,22.2774,-8.4383
2015-10-14,45.373,-1.4323,21.8453,-7.2148
2015-10-15,45.9129,-0.2594,23.4516,-6.1107
2015-10-16,46.4278,1.2896,23.9522,-4.6776
2015-10-17,46.4278,1.2896,23.9522,-4.6776
2015-10-18,46.4278,1.2896,23.9522,-4.6776
2015-10-19,46.3191,1.0524,24.0293,-4.6563
2015-10-20,46.4033,-0.4702,24.2547,-6.0827
2015-10-21,46.4163,-2.5025,24.0855,-6.0999
2015-10-22,46.4163,-2.5025,24.0855,-6.0999
2015-10-23,46.444,-2.4444,24.5531,-6.2605
2015-10-24,46.444,-2.4444,24.5531,-6.2605
2015-10-25,46.444,-2.4444,24.5531,-6.2605
2015-10-26,46.2908,-2.7661,25.016,-5.582
2015-10-27,46.7759,-2.079,26.3261,-3.8787
2015-10-28,46.2657,-3.4444,24.9482,-4.9191
2015-10-29,45.7434,-5.2896,24.3034,-5.9925
2015-10-30,45.5169,-8.3365,23.9743,-7.7563
2015-10-31,45.5169,-8.3365,23.9743,-7.7563
2015-11-01,45.5169,-8.3365,23.9743,-7.7563
2015-11-02,45.5207,-8.3288,23.1464,-8.1422
2015-11-03,45.7206,-8.0342,23.6872,-9.2912
2015-11-04,45.7237,-8.028,23.6956,-9.285
2015-11-05,45.1307,-9.5258,22.5592,-10.4615
2015-11-06,45.2694,-9.1169,22.0453,-10.6397
2015-11-07,45.2694,-9.1169,22.0453,-10.6397
2015-11-08,45.2694,-9.1169,22.0453,-10.6397
2015-11-09,45.5173,-8.6192,24.047,-9.958
2015-11-10,45.0331,-10.3385,22.7903,-8.1328
2015-11-11,45.0331,-10.3385,22.7903,-8.1328
2015-11-12,45.0331,-10.3385,22.7903,-8.1328
2015-11-13,45.0046,-11.134,22.863,-7.2208
2015-11-14,45.0046,-11.134,22.863,-7.2208
2015-11-15,45.0046,-11.134,22.863,-7.2208
2015-11-16,45.1253,-10.8956,25.0687,-6.972
2015-11-17,44.9638,-11.5375,24.6211,-7.21
2015-11-18,44.1823,-14.0469,22.4551,-6.7055
2015-11-19,44.7578,-12.0922,24.8304,-5.4903
2015-11-20,44.9142,-12.2646,25.1779,-5.1783
2015-11-21,44.9142,-12.2646,25.1779,-5.1783
2015-11-22,44.9142,-12.2646,25.1779,-5.1783
2015-11-23,44.7994,-12.4889,25.0507,-3.8776
2015-11-24,44.5335,-12.4903,24.3084,-1.7025
2015-11-25,44.5335,-12.4903,24.3084,-1.7025
2015-11-26,44.8215,-12.0103,24.5675,-1.0668
2015-11-27,45.4051,-12.6319,23.4049,-1.8864
2015-11-28,45.4051,-12.6319,23.4049,-1.8864
2015-11-29,45.4051,-12.6319,23.4049,-1.8864
2015-11-30,45.6197,-12.219,22.4394,-3.7017
2015-12-01,45.5782,-12.0867,22.328,-4.4003
2015-12-02,45.1108,-12.7999,21.0736,-4.2963
2015-12-03,44.7028,-14.4868,19.8479,-5.1619
2015-12-04,44.5362,-15.1866,18.0305,-4.6905
2015-12-05,44.5362,-15.1866,18.0305,-4.6905
2015-12-06,44.5362,-15.1866,18.0305,-4.6905
2015-12-07,44.3769,-15.49,17.7428,-4.1587
2015-12-08,43.9291,-14.6685,16.5547,-2.0736
2015-12-09,43.3019,-14.6271,14.8905,-4.9407
2015-12-10,43.6173,-14.4318,15.7354,-4.2483
2015-12-11,43.2935,-13.7129,16.2591,-6.7495
2015-12-12,43.2935,-13.7129,16.2591,-6.7495
2015-12-13,43.2935,-13.7129,16.2591,-6.7495
2015-12-14,43.4864,-13.3285,15.9882,-5.9013
2015-12-15,43.892,-12.0448,17.07,-5.5363
2015-12-16,44.1247,-9.5474,17.6907,-5.0355
2015-12-17,44.7535,-7.8701,18.6485,-3.6822
2015-12-18,44.3462,-11.1836,16.8709,-5.2919
2015-12-19,44.3462,-11.1836,16.8709,-5.2919
2015-12-20,44.3462,-11.1836,16.8709,-5.2919
2015-12-21,44.7113,-10.4524,19.5761,-4.0536
2015-12-22,44.5107,-11.2555,19.0396,-4.2051
2015-12-23,44.9182,-9.7635,20.1294,-3.6171
2015-12-24,44.8046,-10.4855,18.7912,-3.3994
2015-12-25,44.8046,-10.4855,18.7912,-3.3994
2015-12-26,44.8046,-10.4855,18.7912,-3.3994
2015-12-27,44.8046,-10.4855,18.7912,-3.3994
2015-12-28,44.9958,-10.1035,18.5916,-3.8333
2015-12-29,45.0273,-10.7303,18.6747,-4.097
2015-12-30,44.8146,-11.4115,18.1141,-5.3776
2015-12-31,44.9699,-11.4412,18.1866,-5.0497
2016-01-01,45.0575,-12.3178,15.9155,-5.1105
2016-01-02,45.0575,-12.3178,15.9155,-5.1105
2016-01-03,45.0575,-12.3178,15.9155,-5.1105
2016-01-04,44.2316,-13.925,12.9515,-5.5409
2016-01-05,44.235,-14.1904,12.9602,-4.4914
2016-01-06,43.9064,-12.3261,12.1211,-3.4137
2016-01-07,42.6667,-14.8323,8.6831,-6.1408
2016-01-08,42.9195,-16.3716,10.0311,-3.229
2016-01-09,42.9195,-16.3716,10.0311,-3.229
2016-01-10,42.9195,-16.3716,10.0311,-3.229
2016-01-11,42.627,-16.9416,10.9139,-5.15
2016-01-12,42.3708,-18.2104,10.2473,-4.2457
2016-01-13,42.5144,-17.7929,10.621,-2.7927
2016-01-14,42.2024,-18.4118,8.9243,-3.5061
2016-01-15,41.4128,-21.5993,7.836,-4.7176
2016-01-16,41.4128,-21.5993,7.836,-4.7176
2016-01-17,41.4128,-21.5993,7.836,-4.7176
2016-01-18,36.407,-31.0761,-6.2789,-15.7727
2016-01-19,36.8821,-22.9287,-5.0558,-14.8872
2016-01-20,36.0889,-25.2057,-7.0978,-17.1269
2016-01-21,36.038,-25.3232,-7.5339,-17.2438
2016-01-22,36.9014,-24.6409,-2.6184,-15.9299
2016-01-23,36.9014,-24.6409,-2.6184,-15.9299
2016-01-24,36.9014,-24.6409,-2.6184,-15.9299
2016-01-25,37.0214,-24.3958,-3.2826,-14.4154
2016-01-26,37.0214,-24.3958,-3.2826,-14.4154
2016-01-27,37.132,-24.9361,-2.9936,-13.1116
2016-01-28,36.945,-25.3467,-3.4246,-13.5492
2016-01-29,37.3564,-23.5381,-1.9998,-11.8252
2016-01-30,37.3564,-23.5381,-1.9998,-11.8252
2016-01-31,37.3564,-23.5381,-1.9998,-11.8252
2016-02-01,37.3467,-23.5579,-1.7807,-11.8808
2016-02-02,36.8203,-24.4577,-3.1651,-13.9916
2016-02-03,36.2427,-25.4264,-4.6842,-14.117
2016-02-04,36.4607,-24.7853,-3.3252,-13.6004
2016-02-05,36.966,-22.9417,-0.8925,-10.8404
2016-02-06,36.966,-22.9417,-0.8925,-10.8404
2016-02-07,36.966,-22.9417,-0.8925,-10.8404
2016-02-08,36.6301,-23.642,-0.5339,-9.488
2016-02-09,36.0432,-23.4669,-2.1275,-10.7592
2016-02-10,35.6841,-25.2913,-3.1026,-13.1641
2016-02-11,34.6172,-28.6212,-5.6472,-15.7603
2016-02-12,34.351,-30.6967,-4.5832,-19.0597
2016-02-13,34.351,-30.6967,-4.5832,-19.0597
2016-02-14,34.351,-30.6967,-4.5832,-19.0597
2016-02-15,35.786,-27.8016,-0.5196,-15.8477
2016-02-16,34.9475,-29.5011,-2.8505,-18.5335
2016-02-17,35.2887,-28.8128,-1.902,-16.1071
2016-02-18,35.5916,-28.715,-1.4866,-15.387
2016-02-19,35.7246,-28.4306,-0.9131,-14.452
2016-02-20,35.7246,-28.4306,-0.9131,-14.452
2016-02-21,35.7246,-28.4306,-0.9131,-14.452
2016-02-22,35.8071,-28.2653,-0.4329,-13.7966
2016-02-23,35.2086,-28.9221,-2.0972,-12.7859
2016-02-24,34.674,-29.5585,-3.5837,-14.3522
2016-02-25,34.1894,-30.7182,-4.2459,-15.5492
2016-02-26,34.3794,-30.7792,-0.1606,-18.2605
2016-02-27,34.3794,-30.7792,-0.1606,-18.2605
2016-02-28,34.3794,-30.7792,-0.1606,-18.2605
2016-02-29,34.2012,-31.138,-1.8659,-18.6842
2016-03-01,35.5492,-29.7212,2.0019,-15.3693
2016-03-02,36.5348,-28.3499,4.8299,-13.213
2016-03-03,37.1487,-26.5759,7.3814,-11.7547
2016-03-04,37.3679,-26.0197,4.1141,-10.4478
2016-03-05,37.3679,-26.0197,4.1141,-10.4478
2016-03-06,37.3679,-26.0197,4.1141,-10.4478
2016-03-07,37.3679,-26.0197,4.1141,-10.4478
2016-03-08,37.1226,-25.1327,3.4306,-10.5589
2016-03-09,37.3521,-24.5732,4.0701,-9.4585
2016-03-10,37.0023,-24.671,3.0102,-10.3064
2016-03-11,37.0719,-24.1229,4.2174,-10.1958
2016-03-12,37.0719,-24.1229,4.2174,-10.1958
2016-03-13,37.0719,-24.1229,4.2174,-10.1958
2016-03-14,37.252,-23.7542,5.3975,-10.8827
2016-03-15,37.0814,-23.9275,4.9148,-10.6728
2016-03-16,37.1983,-24.6125,5.2455,-9.3624
2016-03-17,37.3058,-24.0954,6.2692,-9.1005
2016-03-18,37.7558,-21.8942,12.6931,1.2011
2016-03-19,37.7558,-21.8942,12.6931,1.2011
2016-03-20,37.7558,-21.8942,12.6931,1.2011
2016-03-21,38.4709,-20.4149,15.3557,2.2385
2016-03-22,38.7563,-19.0991,16.2115,2.2734
2016-03-23,38.7942,-18.2378,27.2283,-1.0433
2016-03-24,38.7942,-18.2378,27.2283,-1.0433
2016-03-25,38.7942,-18.2378,27.2283,-1.0433
2016-03-26,38.7942,-18.2378,27.2283,-1.0433
2016-03-27,38.7942,-18.2378,27.2283,-1.0433
2016-03-28,38.259,-19.3658,25.4731,-3.7771
2016-03-29,38.2131,-20.9001,25.3225,-3.9338
2016-03-30,39.1434,-19.0685,28.3735,-1.7791
2016-03-31,39.1922,-19.1885,28.0423,-1.6566
2016-04-01,39.2673,-19.0337,28.9016,-2.4529
2016-04-02,39.2673,-19.0337,28.9016,-2.4529
2016-04-03,39.2673,-19.0337,28.9016,-2.4529
2016-04-04,39.4012,-18.7576,28.0457,-2.1778
2016-04-05,38.3875,-21.089,24.7514,-5.1324
2016-04-06,38.4298,-21.2007,24.8889,-3.9735
2016-04-07,38.1293,-22.1924,23.4206,-4.7244
2016-04-08,38.1179,-22.8803,22.6978,-3.7767
2016-04-09,38.1179,-22.8803,22.6978,-3.7767
2016-04-10,38.1179,-22.8803,22.6978,-3.7767
2016-04-11,38.7163,-21.6696,24.6689,-4.4007
2016-04-12,38.8793,-21.3866,25.1938,-3.9982
2016-04-13,39.5716,-17.8627,22.1976,0.4947
2016-04-14,39.5716,-17.8627,22.1976,0.4947
2016-04-15,39.5716,-17.8627,22.1976,0.4947
2016-04-16,39.5716,-17.8627,22.1976,0.4947
2016-04-17,39.5716,-17.8627,22.1976,0.4947
2016-04-18,39.8495,-15.7293,23.0557,-1.1838
2016-04-19,39.8495,-15.7293,23.0557,-1.1838
2016-04-20,40.0233,-15.2284,23.5924,-0.7528
2016-04-21,40.091,-15.3348,21.3845,-0.585
2016-04-22,40.3033,-13.3203,21.7575,-0.6946
2016-04-23,40.3033,-13.3203,21.7575,-0.6946
2016-04-24,40.3033,-13.3203,21.7575,-0.6946
2016-04-25,39.9803,-14.0149,21.5565,-1.5717
2016-04-26,40.4755,-12.0316,23.0621,0.203
2016-04-27,40.2798,-13.7287,22.4671,0.2671
2016-04-28,39.6188,-15.3238,19.3866,-1.3783
2016-04-29,39.6331,-15.0945,17.9981,0.7694
2016-04-30,39.6331,-15.0945,17.9981,0.7694
2016-05-01,39.6331,-15.0945,17.9981,0.7694
2016-05-02,39.4441,-15.4994,18.4589,0.2921
2016-05-03,38.8364,-18.2691,16.6339,-0.3469
2016-05-04,38.3672,-19.1195,15.2248,-3.3092
2016-05-05,38.6538,-15.5153,15.326,-2.5869
2016-05-06,38.6816,-15.3946,14.7032,-2.0089
2016-05-07,38.6816,-15.3946,14.7032,-2.0089
2016-05-08,38.6816,-15.3946,14.7032,-2.0089
2016-05-09,39.27,-14.1076,15.4881,-1.2627
2016-05-10,39.3692,-15.5102,15.7798,-0.16
2016-05-11,39.1708,-13.4739,15.1964,-1.3472
2016-05-12,39.3923,-14.3538,17.3102,-0.7893
2016-05-13,39.036,-15.9261,13.0996,0.3463
2016-05-14,39.036,-15.9261,13.0996,0.3463
2016-05-15,39.036,-15.9261,13.0996,0.3463
2016-05-16,38.9592,-16.0915,11.2322,1.4779
2016-05-17,39.1052,-16.7808,11.6491,1.8797
2016-05-18,39.0684,-16.712,11.544,0.8253
2016-05-19,38.5823,-17.7874,11.1184,-0.4292
2016-05-20,38.4137,-18.2553,16.2836,0.897
2016-05-21,38.4137,-18.2553,16.2836,0.897
2016-05-22,38.4137,-18.2553,16.2836,0.897
2016-05-23,38.1702,-18.7735,14.701,1.2067
2016-05-24,38.1481,-18.2001,14.6346,0.2373
2016-05-25,39.0062,-16.3248,17.2132,0.853
2016-05-26,39.9625,-14.0486,19.2608,3.3256
2016-05-27,40.1561,-14.9057,20.162,2.0117
2016-05-28,40.1561,-14.9057,20.162,2.0117
2016-05-29,40.1561,-14.9057,20.162,2.0117
2016-05-30,40.3246,-14.5486,23.088,1.9356
2016-05-31,40.4805,-14.3627,23.5638,3.0746
2016-06-01,40.3976,-12.5042,23.3108,3.4343
2016-06-02,40.6821,-10.6291,24.5667,4.1627
2016-06-03,40.6773,-10.8753,24.0366,3.7334
2016-06-04,40.6773,-10.8753,24.0366,3.7334
2016-06-05,40.6773,-10.8753,24.0366,3.7334
2016-06-06,40.7296,-10.7607,25.2818,4.338
2016-06-07,41.0812,-9.0097,26.3633,5.7464
2016-06-08,41.2494,-8.6042,26.8806,6.4127
2016-06-09,40.949,-10.4821,26.9044,5.6378
2016-06-10,40.6516,-9.6962,29.1048,4.3015
2016-06-11,40.6516,-9.6962,29.1048,4.3015
2016-06-12,40.6516,-9.6962,29.1048,4.3015
2016-06-13,40.3331,-10.4037,26.0008,4.3091
2016-06-14,40.477,-10.1392,26.4503,5.0827
2016-06-15,41.0207,-9.3575,28.1488,7.0844
2016-06-16,40.7674,-10.5943,26.6887,6.4231
2016-06-17,40.8184,-11.4626,30.404,9.0427
2016-06-18,40.8184,-11.4626,30.404,9.0427
2016-06-19,40.8184,-11.4626,30.404,9.0427
2016-06-20,41.1959,-10.6438,31.481,10.3185
2016-06-21,41.1209,-12.1692,31.2417,10.0499
2016-06-22,40.941,-12.9089,30.6675,6.3226
2016-06-23,41.2494,-11.5239,33.8362,7.1235
2016-06-24,40.2511,-14.1654,29.929,2.2557
2016-06-25,40.2511,-14.1654,29.929,2.2557
2016-06-26,40.2511,-14.1654,29.929,2.2557
2016-06-27,40.358,-13.9375,27.1739,1.9806
2016-06-28,40.4644,-12.3451,27.5092,1.8052
2016-06-29,40.817,-12.0981,28.6203,3.0165
2016-06-30,41.3219,-12.4529,28.5401,4.2908
2016-07-01,41.6604,-12.5493,32.9046,4.0363
2016-07-02,41.6604,-12.5493,32.9046,4.0363
2016-07-03,41.6604,-12.5493,32.9046,4.0363
2016-07-04,41.915,-12.0148,33.5043,4.8641
2016-07-05,41.7087,-13.2891,32.8472,3.4904
2016-07-06,41.7087,-13.2891,32.8472,3.4904
2016-07-07,41.361,-12.6336,32.9833,2.6277
2016-07-08,41.2655,-13.0788,30.561,4.3143
2016-07-09,41.2655,-13.0788,30.561,4.3143
2016-07-10,41.2655,-13.0788,30.561,4.3143
2016-07-11,41.9775,-11.579,31.553,4.8955
2016-07-12,42.3174,-12.1344,32.6182,5.5505
2016-07-13,42.396,-11.7221,32.8645,5.9198
2016-07-14,42.6395,-11.7081,33.5196,6.5282
2016-07-15,42.4453,-13.1794,34.9127,5.8478
2016-07-16,42.4453,-13.1794,34.9127,5.8478
2016-07-17,42.4453,-13.1794,34.9127,5.8478
2016-07-18,42.2498,-13.5793,34.8981,6.4975
2016-07-19,42.3683,-13.2117,35.2764,7.2574
2016-07-20,42.4972,-12.8627,35.688,6.1008
2016-07-21,42.0583,-14.2993,35.4391,5.005
2016-07-22,42.2671,-12.4595,39.1954,6.1801
2016-07-23,42.2671,-12.4595,39.1954,6.1801
2016-07-24,42.2671,-12.4595,39.1954,6.1801
2016-07-25,42.6973,-11.5685,42.1192,7.2516
2016-07-26,42.4631,-9.8195,41.3397,8.0332
2016-07-27,42.5912,-9.2907,41.7661,8.3649
2016-07-28,42.6571,-10.1735,43.4387,8.5326
2016-07-29,42.5735,-11.9706,47.4376,9.2076
2016-07-30,42.5735,-11.9706,47.4376,9.2076
2016-07-31,42.5735,-11.9706,47.4376,9.2076
2016-08-01,42.5284,-12.0638,49.0838,9.7734
2016-08-02,42.45,-12.809,48.809,10.0733
2016-08-03,42.0064,-14.069,47.254,10.7603
2016-08-04,42.1302,-14.3786,47.9857,11.0867
2016-08-05,42.9132,-13.1792,50.28,16.5454
2016-08-06,42.9132,-13.1792,50.28,16.5454
2016-08-07,42.9132,-13.1792,50.28,16.5454
2016-08-08,43.0143,-12.9746,50.634,14.7988
2016-08-09,42.9372,-12.7236,50.364,15.1131
2016-08-10,42.4848,-12.3441,48.7797,14.9263
2016-08-11,42.4272,-11.0226,47.7059,14.7705
2016-08-12,43.0339,-11.0822,53.908,18.4642
2016-08-13,43.0339,-11.0822,53.908,18.4642
2016-08-14,43.0339,-11.0822,53.908,18.4642
2016-08-15,43.0339,-11.0822,53.908,18.4642
2016-08-16,43.0077,-11.6404,53.8143,20.7125
2016-08-17,43.2681,-11.8702,54.7456,22.8241
2016-08-18,43.3375,-12.0024,57.4346,23.0211
2016-08-19,43.5416,-8.877,57.6081,21.7627
2016-08-20,43.5416,-8.877,57.6081,21.7627
2016-08-21,43.5416,-8.877,57.6081,21.7627
2016-08-22,43.2091,-9.5728,54.4362,22.2821
2016-08-23,43.3059,-2.153,54.7822,23.8883
2016-08-24,43.3792,-3.9195,55.0442,26.4184
2016-08-25,43.1265,-3.8578,53.2384,25.6819
2016-08-26,42.8824,-6.3793,55.9751,20.4748
2016-08-27,42.8824,-6.3793,55.9751,20.4748
2016-08-28,42.8824,-6.3793,55.9751,20.4748
2016-08-29,43.0738,-5.9614,55.4668,21.0125
2016-08-30,43.7361,-4.2804,57.8573,22.8732
2016-08-31,43.8682,-1.2649,58.3341,22.2228
2016-09-01,43.8206,-0.5393,56.5318,22.0902
2016-09-02,44.0347,0.3985,53.1882,20.8247
2016-09-03,44.0347,0.3985,53.1882,20.8247
2016-09-04,44.0347,0.3985,53.1882,20.8247
2016-09-05,44.0347,0.3985,53.1882,20.8247
2016-09-06,44.7493,4.128,55.6741,22.3193
2016-09-07,45.1138,2.9633,56.9421,25.6998
2016-09-08,45.1514,0.7109,57.0729,25.8046
2016-09-09,44.7009,-0.3373,52.3735,27.2384
2016-09-10,44.7009,-0.3373,52.3735,27.2384
2016-09-11,44.7009,-0.3373,52.3735,27.2384
2016-09-12,43.7085,-3.3787,48.3147,21.7592
2016-09-13,43.7085,-3.3787,48.3147,21.7592
2016-09-14,43.8842,-1.634,48.9109,21.7298
2016-09-15,43.6985,-2.3342,47.6949,21.2147
2016-09-16,44.0927,-2.1764,43.9414,21.2851
2016-09-17,44.0927,-2.1764,43.9414,21.2851
2016-09-18,44.0927,-2.1764,43.9414,21.2851
2016-09-19,44.1485,-2.0526,46.0947,21.0749
2016-09-20,43.9713,-2.799,45.5083,24.5431
2016-09-21,43.9488,-1.1609,45.4338,25.7181
2016-09-22,44.5178,-0.1854,50.0396,27.3458
2016-09-23,44.3248,-0.9873,49.8082,25.1597
2016-09-24,44.3248,-0.9873,49.8082,25.1597
2016-09-25,44.3248,-0.9873,49.8082,25.1597
2016-09-26,43.8503,-2.0473,48.9106,24.7697
2016-09-27,43.6798,-0.8427,48.3316,22.962
2016-09-28,43.9723,-0.219,49.3249,25.7253
2016-09-29,43.0387,-3.5917,47.5292,23.056
2016-09-30,43.5482,-2.2017,45.6642,27.3313
2016-10-01,43.5482,-2.2017,45.6642,27.3313
2016-10-02,43.5482,-2.2017,45.6642,27.3313
2016-10-03,44.1737,-0.797,46.6844,30.2997
2016-10-04,44.2943,-2.4481,47.0848,30.6555
2016-10-05,44.2391,-2.5729,46.9015,27.8979
2016-10-06,44.0652,-3.5329,45.7342,27.3951
2016-10-07,44.1615,-3.6242,44.4952,26.2118
2016-10-08,44.1615,-3.6242,44.4952,26.2118
2016-10-09,44.1615,-3.6242,44.4952,26.2118
2016-10-10,44.2559,-2.8067,43.2884,24.3056
2016-10-11,44.2559,-2.8067,43.2884,24.3056
2016-10-12,44.2559,-2.8067,43.2884,24.3056
2016-10-13,43.7268,-3.6281,41.1972,22.8195
2016-10-14,43.9139,-5.4146,43.1796,25.0332
2016-10-15,43.9139,-5.4146,43.1796,25.0332
2016-10-16,43.9139,-5.4146,43.1796,25.0332
2016-10-17,43.696,-5.884,39.4844,22.4962
2016-10-18,44.4773,-3.9763,41.9784,25.9039
2016-10-19,44.3461,-4.4333,41.5596,26.0026
2016-10-20,44.4691,-4.1951,41.1776,26.3521
2016-10-21,44.5679,-4.0395,41.467,24.9125
2016-10-22,44.5679,-4.0395,41.467,24.9125
2016-10-23,44.5679,-4.0395,41.467,24.9125
2016-10-24,44.6179,-3.9318,42.1378,25.0526
2016-10-25,44.4382,-4.0021,41.5653,24.549
2016-10-26,43.8292,-6.2996,39.6252,19.5204
2016-10-27,43.863,-5.1933,40.5082,19.6126
2016-10-28,43.9546,-3.4324,35.2882,21.6497
2016-10-29,43.9546,-3.4324,35.2882,21.6497
2016-10-30,43.9546,-3.4324,35.2882,21.6497
2016-10-31,43.9546,-3.4324,35.2882,21.6497
2016-11-01,43.818,-3.7405,34.8678,21.2348
2016-11-02,43.2352,-5.4361,33.074,18.9712
2016-11-03,42.8688,-6.2438,31.9462,17.963
2016-11-04,42.7053,-5.6641,32.2465,17.9353
2016-11-05,42.7053,-5.6641,32.2465,17.9353
2016-11-06,42.7053,-5.6641,32.2465,17.9353
2016-11-07,43.1182,-4.752,34.2452,22.1475
2016-11-08,43.2812,-4.9126,34.7526,22.6093
2016-11-09,42.6625,-5.2641,32.8264,23.1433
2016-11-10,43.7288,-2.8963,37.6587,26.2211
2016-11-11,42.7346,-5.0439,34.2555,28.6029
2016-11-12,42.7346,-5.0439,34.2555,28.6029
2016-11-13,42.7346,-5.0439,34.2555,28.6029
2016-11-14,42.7346,-5.0439,34.2555,28.6029
2016-11-15,41.8451,-7.2691,31.461,28.0963
2016-11-16,41.9903,-6.6131,31.9172,28.2303
2016-11-17,41.896,-5.1747,30.0088,27.9423
2016-11-18,41.6838,-7.1924,32.2384,29.0081
2016-11-19,41.6838,-7.1924,32.2384,29.0081
2016-11-20,41.6838,-7.1924,32.2384,29.0081
2016-11-21,40.5452,-9.7274,28.4141,28.3608
2016-11-22,40.7797,-8.9727,29.1568,27.8521
2016-11-23,41.0587,-7.8027,30.0404,28.7635
2016-11-24,41.0002,-7.934,27.2788,28.5801
2016-11-25,41.5577,-8.4735,28.8911,28.5561
2016-11-26,41.5577,-8.4735,28.8911,28.5561
2016-11-27,41.5577,-8.4735,28.8911,28.5561
2016-11-28,41.3928,-8.8367,26.5545,28.165
2016-11-29,41.3892,-9.2734,26.5435,26.436
2016-11-30,42.0938,-7.6449,28.6977,25.821
2016-12-01,41.794,-7.3526,26.8434,24.9249
2016-12-02,41.2458,-7.3881,24.665,23.513
2016-12-03,41.2458,-7.3881,24.665,23.513
2016-12-04,41.2458,-7.3881,24.665,23.513
2016-12-05,41.3652,-7.1201,24.4137,23.0909
2016-12-06,41.5167,-6.4452,24.8694,26.5302
2016-12-07,41.2773,-6.0365,24.1493,27.3444
2016-12-08,42.0951,-2.7869,24.6848,29.8674
2016-12-09,42.294,-2.3087,27.3659,33.0946
2016-12-10,42.294,-2.3087,27.3659,33.0946
2016-12-11,42.294,-2.3087,27.3659,33.0946
2016-12-12,41.9727,-3.0508,28.2185,33.7485
2016-12-13,42.3235,-2.6742,29.2901,35.2262
2016-12-14,42.0759,-4.1377,28.5337,37.0604
2016-12-15,42.166,-4.439,28.4605,37.3539
2016-12-16,42.1405,-4.9738,26.9281,42.1898
2016-12-17,42.1405,-4.9738,26.9281,42.1898
2016-12-18,42.1405,-4.9738,26.9281,42.1898
2016-12-19,41.8915,-5.5353,23.7504,36.5625
2016-12-20,41.6515,-6.8435,23.0415,33.6093
2016-12-21,41.5668,-6.6139,22.7912,33.8412
2016-12-22,41.0826,-8.5391,20.6066,32.2821
2016-12-23,41.0218,-8.4429,20.0085,31.43
2016-12-24,41.0218,-8.4429,20.0085,31.43
2016-12-25,41.0218,-8.4429,20.0085,31.43
2016-12-26,40.4686,-9.6776,17.4531,30.7924
2016-12-27,40.9789,-8.9273,18.9342,34.3562
2016-12-28,40.967,-9.0174,18.8997,34.1746
2016-12-29,41.2322,-7.9938,19.4036,35.0432
2016-12-30,41.6068,-7.6584,21.7249,32.0507
2016-12-31,41.6068,-7.6584,21.7249,32.0507
2017-01-01,41.6068,-7.6584,21.7249,32.0507
2017-01-02,41.6658,-7.5275,21.8191,31.9854
2017-01-03,41.7764,-5.5508,22.1425,32.7841
2017-01-04,41.8009,-5.5027,22.2141,32.6874
2017-01-05,42.1908,-3.9074,23.8982,33.925
2017-01-06,42.0515,-2.0224,25.1291,29.4665
2017-01-07,42.0515,-2.0224,25.1291,29.4665
2017-01-08,42.0515,-2.0224,25.1291,29.4665
2017-01-09,42.1906,-1.6983,25.9639,28.829
2017-01-10,42.6247,-0.0054,27.2599,30.3488
2017-01-11,43.0634,1.6346,28.5697,30.8874
2017-01-12,43.3746,2.0233,27.9672,31.8333
2017-01-13,43.1643,4.2294,26.7588,27.7735
2017-01-14,43.1643,4.2294,26.7588,27.7735
2017-01-15,43.1643,4.2294,26.7588,27.7735
2017-01-16,39.0431,-5.7221,15.9072,15.6606
2017-01-17,39.0379,7.2264,15.8917,14.0335
2017-01-18,39.2906,6.5303,16.6419,13.932
2017-01-19,39.4,9.1748,16.3216,14.2493
2017-01-20,38.7458,4.9982,13.7291,10.3011
2017-01-21,38.7458,4.9982,13.7291,10.3011
2017-01-22,38.7458,4.9982,13.7291,10.3011
2017-01-23,38.8864,5.3792,15.8571,9.3067
2017-01-24,39.1977,5.8785,16.7846,10.1817
2017-01-25,39.4353,6.203,20.511,10.0288
2017-01-26,39.4353,6.203,20.511,10.0288
2017-01-27,39.676,6.2094,22.1902,10.9672
2017-01-28,39.676,6.2094,22.1902,10.9672
2017-01-29,39.676,6.2094,22.1902,10.9672
2017-01-30,39.5494,5.8705,20.3448,10.098
2017-01-31,39.1877,4.9295,19.2442,8.7116
2017-02-01,39.9158,8.407,21.4597,9.635
2017-02-02,40.0869,10.6068,23.3701,10.1049
2017-02-03,40.2408,8.859,23.1283,10.2905
2017-02-04,40.2408,8.859,23.1283,10.2905
2017-02-05,40.2408,8.859,23.1283,10.2905
2017-02-06,40.5514,9.6992,23.6508,9.8302
2017-02-07,40.5945,10.8228,23.7822,9.4424
2017-02-08,40.5631,12.5402,23.6865,10.1103
2017-02-09,40.6844,14.0127,24.1695,10.4396
2017-02-10,40.8506,18.9211,25.6648,10.0774
2017-02-11,40.8506,18.9211,25.6648,10.0774
2017-02-12,40.8506,18.9211,25.6648,10.0774
2017-02-13,40.7197,18.5401,24.5437,7.5659
2017-02-14,40.6391,13.5614,24.2972,6.2924
2017-02-15,40.301,15.3187,23.2631,5.003
2017-02-16,40.7916,15.5939,24.2877,6.2813
2017-02-17,40.9347,14.5841,23.2253,6.2119
2017-02-18,40.9347,14.5841,23.2253,6.2119
2017-02-19,40.9347,14.5841,23.2253,6.2119
2017-02-20,41.3021,15.6125,23.123,9.7068
2017-02-21,41.4591,15.7846,23.591,10.1332
2017-02-22,41.2326,17.1095,22.9158,11.3311
2017-02-23,41.4032,20.4303,21.9682,11.3079
2017-02-24,41.4032,20.4303,21.9682,11.3079
2017-02-25,41.4032,20.4303,21.9682,11.3079
2017-02-26,41.4032,20.4303,21.9682,11.3079
2017-02-27,41.1727,19.7598,20.9727,10.6796
2017-02-28,41.0879,20.1358,20.7236,10.7001
2017-03-01,41.4015,16.4625,21.645,11.6515
2017-03-02,41.103,12.5037,21.0571,10.8465
2017-03-03,41.0757,9.9224,16.6768,12.6871
2017-03-04,41.0757,9.9224,16.6768,12.6871
2017-03-05,41.0757,9.9224,16.6768,12.6871
2017-03-06,41.1621,10.1536,15.0827,12.9796
2017-03-07,40.9882,9.6883,14.5965,12.5023
2017-03-08,40.8552,10.0548,14.2247,9.9239
2017-03-09,40.9438,9.6158,24.1191,10.1623
2017-03-10,40.9652,10.502,25.2781,7.2901
2017-03-11,40.9652,10.502,25.2781,7.2901
2017-03-12,40.9652,10.502,25.2781,7.2901
2017-03-13,40.9652,10.502,25.2781,7.2901
2017-03-14,41.6152,11.7127,27.2659,10.355
2017-03-15,41.6459,12.3094,27.3598,11.4868
2017-03-16,41.9714,12.8315,28.3553,12.3582
2017-03-17,42.0227,11.3013,27.2328,13.8848
2017-03-18,42.0227,11.3013,27.2328,13.8848
2017-03-19,42.0227,11.3013,27.2328,13.8848
2017-03-20,41.79,10.685,25.886,11.4299
2017-03-21,41.6892,8.3655,25.5824,13.3576
2017-03-22,41.1789,6.2509,24.0452,11.9713
2017-03-23,41.4103,6.7435,23.1317,12.6005
2017-03-24,41.5767,7.1725,21.6458,19.2078
2017-03-25,41.5767,7.1725,21.6458,19.2078
2017-03-26,41.5767,7.1725,21.6458,19.2078
2017-03-27,41.4159,6.758,20.0377,19.2174
2017-03-28,41.6995,8.9927,20.8597,19.5277
2017-03-29,41.9541,9.7898,21.5976,17.0555
2017-03-30,42.1058,7.5681,20.6007,17.4788
2017-03-31,42.1199,7.2646,20.9675,16.0919
2017-04-01,42.1199,7.2646,20.9675,16.0919
2017-04-02,42.1199,7.2646,20.9675,16.0919
2017-04-03,42.3652,7.5226,22.2919,17.3236
2017-04-04,42.3652,7.5226,22.2919,17.3236
2017-04-05,42.6544,11.1153,23.1267,18.1245
2017-04-06,42.5857,10.8143,22.8064,17.9342
2017-04-07,42.5071,11.5148,20.4433,20.138
2017-04-08,42.5071,11.5148,20.4433,20.138
2017-04-09,42.5071,11.5148,20.4433,20.138
2017-04-10,42.6767,11.9597,21.3779,20.7969
2017-04-11,43.0286,11.1382,22.3787,20.1071
2017-04-12,42.7739,10.0172,21.6543,20.7453
2017-04-13,42.4969,7.3924,21.929,17.5792
2017-04-14,42.4969,7.3924,21.929,17.5792
2017-04-15,42.4969,7.3924,21.929,17.5792
2017-04-16,42.4969,7.3924,21.929,17.5792
2017-04-17,42.3415,6.9997,21.4832,16.4437
2017-04-18,42.203,5.906,21.0858,15.6446
2017-04-19,42.0862,5.6129,20.7507,16.0979
2017-04-20,42.291,5.6659,20.2467,16.6629
2017-04-21,42.1,4.4579,18.9699,18.4737
2017-04-22,42.1,4.4579,18.9699,18.4737
2017-04-23,42.1,4.4579,18.9699,18.4737
2017-04-24,42.4872,5.4187,20.898,20.2615
2017-04-25,42.781,7.0052,21.7341,21.3824
2017-04-26,42.9666,6.1546,22.2622,21.9769
2017-04-27,42.8296,6.3302,21.6456,21.588
2017-04-28,42.8258,8.0556,21.7735,21.1699
2017-04-29,42.8258,8.0556,21.7735,21.1699
2017-04-30,42.8258,8.0556,21.7735,21.1699
2017-05-01,42.8258,8.0556,21.7735,21.1699
2017-05-02,42.7756,8.4461,21.6308,22.5479
2017-05-03,42.8315,10.287,21.7897,24.9438
2017-05-04,43.2636,12.7619,22.989,26.2043
2017-05-05,42.8842,10.8646,22.188,25.3656
2017-05-06,42.8842,10.8646,22.188,25.3656
2017-05-07,42.8842,10.8646,22.188,25.3656
2017-05-08,43.1102,11.4489,19.2768,27.3265
2017-05-09,43.2808,10.2134,19.7488,28.733
2017-05-10,43.5084,10.5138,20.3785,30.7658
2017-05-11,43.5637,11.2147,17.6892,30.932
2017-05-12,43.6381,11.7894,15.9425,30.1748
2017-05-13,43.6381,11.7894,15.9425,30.1748
2017-05-14,43.6381,11.7894,15.9425,30.1748
2017-05-15,43.9224,12.5177,14.5812,32.3985
2017-05-16,44.3102,13.7349,15.5928,33.8216
2017-05-17,44.6302,14.1286,16.4276,34.2993
2017-05-18,44.1812,13.0868,11.7776,32.9482
2017-05-19,44.2372,15.16,10.3494,33.7263
2017-05-20,44.2372,15.16,10.3494,33.7263
2017-05-21,44.2372,15.16,10.3494,33.7263
2017-05-22,44.0869,14.7687,8.405,33.2716
2017-05-23,43.8173,14.7945,7.7421,30.8956
2017-05-24,43.6169,14.3357,7.2493,29.664
2017-05-25,44.537,14.1793,10.2104,32.3993
2017-05-26,45.0041,12.0729,11.7487,32.7797
2017-05-27,45.0041,12.0729,11.7487,32.7797
2017-05-28,45.0041,12.0729,11.7487,32.7797
2017-05-29,44.8006,11.5661,11.7381,33.3879
2017-05-30,45.0914,11.8211,12.4634,35.419
2017-05-31,45.1068,11.4285,12.5018,38.2148
2017-06-01,44.9779,11.338,9.6316,37.8198
2017-06-02,45.0629,10.7814,7.7951,36.6524
2017-06-03,45.0629,10.7814,7.7951,36.6524
2017-06-04,45.0629,10.7814,7.7951,36.6524
2017-06-05,45.1291,10.9442,6.7614,34.3316
2017-06-06,45.0531,10.6151,6.5816,33.1982
2017-06-07,45.1885,9.998,6.9019,33.4348
2017-06-08,45.1912,9.556,5.9506,33.4428
2017-06-09,45.3168,11.4761,6.5495,32.2122
2017-06-10,45.3168,11.4761,6.5495,32.2122
2017-06-11,45.3168,11.4761,6.5495,32.2122
2017-06-12,45.1393,11.0394,7.6763,31.8378
2017-06-13,45.0673,11.7378,7.5045,33.4742
2017-06-14,44.9523,11.0564,7.2302,31.7419
2017-06-15,44.8025,9.2192,6.7819,31.3028
2017-06-16,45.0143,10.2794,6.0028,32.8302
2017-06-17,45.0143,10.2794,6.0028,32.8302
2017-06-18,45.0143,10.2794,6.0028,32.8302
2017-06-19,45.3245,11.0394,7.4287,32.4201
2017-06-20,45.4762,10.3901,7.7883,31.3476
2017-06-21,45.3667,10.3252,7.5287,31.7861
2017-06-22,45.3113,10.6746,7.5953,31.6252
2017-06-23,44.9032,11.5577,4.5177,30.9796
2017-06-24,44.9032,11.5577,4.5177,30.9796
2017-06-25,44.9032,11.5577,4.5177,30.9796
2017-06-26,44.9032,11.5577,4.5177,30.9796
2017-06-27,44.4853,10.2267,3.545,29.8322
2017-06-28,44.4743,9.9097,3.5194,26.5444
2017-06-29,44.782,9.7141,2.3016,27.42
2017-06-30,45.1033,8.2642,0.9634,27.2325
2017-07-01,45.1033,8.2642,0.9634,27.2325
2017-07-02,45.1033,8.2642,0.9634,27.2325
2017-07-03,45.5204,9.2654,1.5663,28.0487
2017-07-04,45.4158,8.3521,1.3329,26.5678
2017-07-05,45.4796,9.041,1.4753,27.3204
2017-07-06,45.7555,9.7025,2.018,28.0928
2017-07-07,45.7823,10.9457,5.9636,27.6329
2017-07-08,45.7823,10.9457,5.9636,27.6329
2017-07-09,45.7823,10.9457,5.9636,27.6329
2017-07-10,46.227,12.0234,9.3913,29.2535
2017-07-11,46.1542,9.9499,9.219,29.4528
2017-07-12,46.293,9.3947,9.5475,30.0826
2017-07-13,46.6155,9.9526,10.2198,30.9888
2017-07-14,46.5363,9.6383,5.5609,32.0782
2017-07-15,46.5363,9.6383,5.5609,32.0782
2017-07-16,46.5363,9.6383,5.5609,32.0782
2017-07-17,46.7336,10.1031,6.4658,32.1338
2017-07-18,46.5415,10.1579,6.0282,32.0836
2017-07-19,46.7447,10.3294,6.4911,33.1356
2017-07-20,46.6065,9.6696,6.3454,32.742
2017-07-21,46.694,10.4736,6.088,34.5831
2017-07-22,46.694,10.4736,6.088,34.5831
2017-07-23,46.694,10.4736,6.088,34.5831
2017-07-24,46.9748,11.138,8.7231,36.2212
2017-07-25,47.0332,10.155,8.8583,38.1643
2017-07-26,47.3818,11.5835,9.6651,39.1667
2017-07-27,47.3057,11.0692,9.7336,38.9432
2017-07-28,47.3077,11.1201,9.9093,35.6812
2017-07-29,47.3077,11.1201,9.9093,35.6812
2017-07-30,47.3077,11.1201,9.9093,35.6812
2017-07-31,47.7664,12.1975,11.7426,36.7415
2017-08-01,47.8409,12.4917,11.9169,37.0548
2017-08-02,47.665,12.285,11.5054,37.0223
2017-08-03,47.3089,12.6231,8.6572,35.9987
2017-08-04,47.827,11.4506,9.4389,35.8494
2017-08-05,47.827,11.4506,9.4389,35.8494
2017-08-06,47.827,11.4506,9.4389,35.8494
2017-08-07,48.0717,12.0208,11.69,36.5456
2017-08-08,47.6799,10.8466,10.7797,36.342
2017-08-09,47.2806,10.1157,9.8519,35.4803
2017-08-10,46.7843,10.1201,7.6563,34.0582
2017-08-11,46.0768,7.0709,5.0662,30.7952
2017-08-12,46.0768,7.0709,5.0662,30.7952
2017-08-13,46.0768,7.0709,5.0662,30.7952
2017-08-14,46.6641,8.4357,6.4054,32.4052
2017-08-15,46.6641,8.4357,6.4054,32.4052
2017-08-16,47.2521,9.8689,7.7462,34.2378
2017-08-17,47.4672,9.7048,6.8068,34.8489
2017-08-18,47.0848,8.1375,5.2635,33.1655
2017-08-19,47.0848,8.1375,5.2635,33.1655
2017-08-20,47.0848,8.1375,5.2635,33.1655
2017-08-21,46.5285,6.8599,3.7825,31.9579
2017-08-22,46.4996,7.6153,3.718,31.6028
2017-08-23,46.9943,8.5171,4.8215,33.3247
2017-08-24,47.1642,9.985,4.7611,36.6781
2017-08-25,47.1642,9.985,4.7611,36.6781
2017-08-26,47.1642,9.985,4.7611,36.6781
2017-08-27,47.1642,9.985,4.7611,36.6781
2017-08-28,47.4502,10.6519,5.3964,37.8749
2017-08-29,46.95,8.999,4.2854,36.6132
2017-08-30,47.3244,8.2044,5.117,38.8484
2017-08-31,47.347,7.9301,3.4163,38.9147
2017-09-01,47.5867,8.0664,1.8072,38.9734
2017-09-02,47.5867,8.0664,1.8072,38.9734
2017-09-03,47.5867,8.0664,1.8072,38.9734
2017-09-04,47.3275,7.4777,0.9938,39.4742
2017-09-05,47.4867,7.8393,1.3335,38.7441
2017-09-06,47.311,5.7246,0.9586,36.3575
2017-09-07,47.4279,5.1295,-0.1152,36.6944
2017-09-08,47.3956,6.0283,-0.6565,35.2205
2017-09-09,47.3956,6.0283,-0.6565,35.2205
2017-09-10,47.3956,6.0283,-0.6565,35.2205
2017-09-11,47.6371,6.5685,-0.255,35.9231
2017-09-12,48.255,10.4019,1.0388,37.8584
2017-09-13,48.1228,10.0994,0.762,34.9626
2017-09-14,48.3019,10.0667,1.6486,35.4649
2017-09-15,48.417,9.8073,1.8475,33.6334
2017-09-16,48.417,9.8073,1.8475,33.6334
2017-09-17,48.417,9.8073,1.8475,33.6334
2017-09-18,48.8156,10.7113,3.2872,34.7336
2017-09-19,48.9927,10.9725,3.6619,36.0818
2017-09-20,48.9112,11.2344,3.4895,32.9268
2017-09-21,48.6403,10.6749,2.6509,32.1905
2017-09-22,47.6318,7.4608,4.7808,28.5411
2017-09-23,47.6318,7.4608,4.7808,28.5411
2017-09-24,47.6318,7.4608,4.7808,28.5411
2017-09-25,47.1504,6.3748,2.437,26.8271
2017-09-26,47.4728,8.2611,3.1374,27.8804
2017-09-27,46.8328,7.2184,1.747,24.7145
2017-09-28,46.9108,6.6826,1.4402,24.9222
2017-09-29,47.0284,7.9916,2.4046,23.9586
2017-09-30,47.0284,7.9916,2.4046,23.9586
2017-10-01,47.0284,7.9916,2.4046,23.9586
2017-10-02,47.0284,7.9916,2.4046,23.9586
2017-10-03,47.185,6.817,2.7456,23.1782
2017-10-04,47.281,6.7429,2.9547,24.4784
2017-10-05,47.2816,6.8774,2.956,24.48
2017-10-06,47.8313,8.31,3.0596,27.0082
2017-10-07,47.8313,8.31,3.0596,27.0082
2017-10-08,47.8313,8.31,3.0596,27.0082
2017-10-09,47.9603,8.6021,4.5372,29.3571
2017-10-10,48.0445,8.5607,4.7207,28.9806
2017-10-11,47.6959,7.773,3.9609,28.0833
2017-10-12,47.9629,8.3763,4.0128,28.8003
2017-10-13,48.3597,10.1239,6.603,30.95
2017-10-14,48.3597,10.1239,6.603,30.95
2017-10-15,48.3597,10.1239,6.603,30.95
2017-10-16,48.631,10.7417,6.0962,31.2758
2017-10-17,48.564,11.1406,5.95,29.6554
2017-10-18,48.2004,8.1505,1.245,28.9288
2017-10-19,48.2004,8.1505,1.245,28.9288
2017-10-20,48.2004,8.1505,1.245,28.9288
2017-10-21,48.2004,8.1505,1.245,28.9288
2017-10-22,48.2004,8.1505,1.245,28.9288
2017-10-23,48.3802,8.5539,1.6226,29.4097
2017-10-24,48.6588,9.0567,2.2078,30.4928
2017-10-25,50.6313,13.9364,6.3511,36.7382
2017-10-26,50.7341,15.7541,6.2072,37.0159
2017-10-27,50.5314,14.9627,3.7883,39.2544
2017-10-28,50.5314,14.9627,3.7883,39.2544
2017-10-29,50.5314,14.9627,3.7883,39.2544
2017-10-30,50.7573,15.4767,2.2168,38.9922
2017-10-31,50.5552,15.0169,1.8098,37.6971
2017-11-01,51.2851,17.0412,3.2797,38.7407
2017-11-02,51.2429,18.5213,3.0737,38.6266
2017-11-03,51.4345,20.4406,3.1115,39.4308
2017-11-04,51.4345,20.4406,3.1115,39.4308
2017-11-05,51.4345,20.4406,3.1115,39.4308
2017-11-06,51.716,21.0997,3.8253,39.0735
2017-11-07,51.063,18.4256,2.5143,37.6647
2017-11-08,50.582,16.8683,1.5487,37.8497
2017-11-09,50.8606,19.2162,1.96,38.6089
2017-11-10,51.2714,19.9763,2.1697,39.8001
2017-11-11,51.2714,19.9763,2.1697,39.8001
2017-11-12,51.2714,19.9763,2.1697,39.8001
2017-11-13,50.7989,18.8707,0.3074,38.5117
2017-11-14,50.6014,18.4085,-0.0825,38.1423
2017-11-15,50.6929,21.1442,0.0981,40.4998
2017-11-16,51.3545,22.3009,1.0356,42.3335
2017-11-17,51.8345,24.3517,1.8139,45.6332
2017-11-18,51.8345,24.3517,1.8139,45.6332
2017-11-19,51.8345,24.3517,1.8139,45.6332
2017-11-20,51.6723,23.9625,0.9367,44.1729
2017-11-21,51.8437,27.8664,1.2715,44.4907
2017-11-22,52.085,27.7229,1.7428,45.3873
2017-11-23,52.2791,27.3277,1.0468,45.9291
2017-11-24,52.2267,25.6727,1.8175,43.8209
2017-11-25,52.2267,25.6727,1.8175,43.8209
2017-11-26,52.2267,25.6727,1.8175,43.8209
2017-11-27,52.1863,25.5755,0.4164,43.7097
2017-11-28,52.0529,25.7535,0.1597,41.4727
2017-11-29,52.0336,25.7178,0.1226,39.6538
2017-11-30,51.3478,21.9842,-0.9581,37.8131
2017-12-01,50.8288,23.2339,-3.7935,35.337
2017-12-02,50.8288,23.2339,-3.7935,35.337
2017-12-03,50.8288,23.2339,-3.7935,35.337
2017-12-04,50.8887,23.3791,-3.0891,35.3596
2017-12-05,50.9244,23.1093,-3.0211,34.9606
2017-12-06,50.3904,21.3738,-4.038,33.6981
2017-12-07,51.235,24.1239,-0.4769,35.939
2017-12-08,51.6658,22.1587,2.067,37.7354
2017-12-09,51.6658,22.1587,2.067,37.7354
2017-12-10,51.6658,22.1587,2.067,37.7354
2017-12-11,52.044,23.0529,3.7274,38.7274
2017-12-12,51.9246,23.7104,3.4895,39.4368
2017-12-13,51.4308,21.5183,2.5053,37.1777
2017-12-14,51.5723,22.5697,3.3457,37.5551
2017-12-15,51.7941,22.9081,3.9403,37.3113
2017-12-16,51.7941,22.9081,3.9403,37.3113
2017-12-17,51.7941,22.9081,3.9403,37.3113
2017-12-18,52.2498,23.9895,4.6457,37.6331
2017-12-19,52.7927,26.0225,5.733,39.131
2017-12-20,52.6575,26.424,5.4622,40.8275
2017-12-21,52.8761,27.2075,5.4233,41.4121
2017-12-22,53.0142,29.2342,5.9163,40.8304
2017-12-23,53.0142,29.2342,5.9163,40.8304
2017-12-24,53.0142,29.2342,5.9163,40.8304
2017-12-25,53.0142,29.2342,5.9163,40.8304
2017-12-26,53.1225,31.2684,6.1327,40.8446
2017-12-27,52.9047,29.1023,5.6976,39.4365
2017-12-28,52.7602,28.7871,4.6008,39.0556
2017-12-29,53.0537,27.5121,3.9755,38.2276
2017-12-30,53.0537,27.5121,3.9755,38.2276
2017-12-31,53.0537,27.5121,3.9755,38.2276
2018-01-01,52.6631,26.5733,2.4827,36.0375
2018-01-02,52.5252,26.0631,2.2144,35.127
2018-01-03,52.623,25.9635,2.4047,34.3802
2018-01-04,53.1622,27.1796,3.127,35.7571
2018-01-05,53.3128,26.7798,4.2667,36.3799
2018-01-06,53.3128,26.7798,4.2667,36.3799
2018-01-07,53.3128,26.7798,4.2667,36.3799
2018-01-08,53.3915,26.9669,4.033,36.5236
2018-01-09,53.3919,26.5493,4.0338,36.8788
2018-01-10,53.1701,24.7401,3.6016,38.3467
2018-01-11,53.1243,23.363,2.5475,38.2275
2018-01-12,53.341,23.5767,1.1397,37.1509
2018-01-13,53.341,23.5767,1.1397,37.1509
2018-01-14,53.341,23.5767,1.1397,37.1509
2018-01-15,48.3503,12.0146,-8.4656,26.3201
2018-01-16,47.8001,22.4291,-9.5072,24.4681
2018-01-17,48.527,24.3074,-8.1311,24.9212
2018-01-18,48.145,22.5357,0.607,23.9378
2018-01-19,48.5097,25.1999,-0.0216,25.6077
2018-01-20,48.5097,25.1999,-0.0216,25.6077
2018-01-21,48.5097,25.1999,-0.0216,25.6077
2018-01-22,48.5364,25.2688,-0.8802,26.363
2018-01-23,49.2052,26.5358,0.4856,29.851
2018-01-24,49.0614,25.164,0.192,28.1716
2018-01-25,48.434,22.0738,-2.1875,26.9122
2018-01-26,48.434,22.0738,-2.1875,26.9122
2018-01-27,48.434,22.0738,-2.1875,26.9122
2018-01-28,48.434,22.0738,-2.1875,26.9122
2018-01-29,48.2115,21.513,-1.3196,26.671
2018-01-30,47.9918,21.3465,-1.7693,25.9009
2018-01-31,47.6942,21.7071,-2.3784,25.4325
2018-02-01,47.3592,18.6478,-2.8356,24.5515
2018-02-02,45.9943,14.2977,-4.9158,23.0752
2018-02-03,45.9943,14.2977,-4.9158,23.0752
2018-02-04,45.9943,14.2977,-4.9158,23.0752
2018-02-05,45.9936,14.2959,-4.1231,22.6483
2018-02-06,45.1696,11.3885,-5.8408,21.1017
2018-02-07,45.2915,11.5705,-5.5867,22.9855
2018-02-08,46.2949,14.1306,-1.6987,25.7102
2018-02-09,46.0133,12.638,-6.1975,25.3581
2018-02-10,46.0133,12.638,-6.1975,25.3581
2018-02-11,46.0133,12.638,-6.1975,25.3581
2018-02-12,46.4561,14.0875,-6.2746,29.0411
2018-02-13,46.4561,14.0875,-6.2746,29.0411
2018-02-14,45.6739,12.3891,-7.8527,26.9675
2018-02-15,45.4253,12.7151,-8.3644,26.2764
2018-02-16,44.987,9.8994,-10.1355,22.678
2018-02-17,44.987,9.8994,-10.1355,22.678
2018-02-18,44.987,9.8994,-10.1355,22.678
2018-02-19,44.3122,8.2509,-11.2265,20.8036
2018-02-20,44.357,7.3965,-11.1367,23.03
2018-02-21,44.25,6.7317,-11.3511,23.0438
2018-02-22,43.8825,6.4267,-11.4115,22.0219
2018-02-23,44.6962,7.9535,-8.0049,27.6848
2018-02-24,44.6962,7.9535,-8.0049,27.6848
2018-02-25,44.6962,7.9535,-8.0049,27.6848
2018-02-26,44.9455,8.5556,-9.505,27.1392
2018-02-27,44.5964,8.3155,-10.2079,29.5101
2018-02-28,44.6506,8.6709,-10.0988,28.1167
2018-03-01,44.4565,8.2307,-11.9858,26.7462
2018-03-02,44.4565,8.2307,-11.9858,26.7462
2018-03-03,44.4565,8.2307,-11.9858,26.7462
2018-03-04,44.4565,8.2307,-11.9858,26.7462
2018-03-05,43.7735,6.5679,-13.338,24.1678
2018-03-06,43.1487,4.8263,-14.575,21.5186
2018-03-07,42.3681,3.3666,-16.1204,18.0456
2018-03-08,42.5424,4.1297,-14.2022,18.5312
2018-03-09,42.2018,3.0187,-15.1641,17.8966
2018-03-10,42.2018,3.0187,-15.1641,17.8966
2018-03-11,42.2018,3.0187,-15.1641,17.8966
2018-03-12,42.7035,4.2434,-12.5964,21.1076
2018-03-13,42.875,4.662,-12.2453,20.5312
2018-03-14,42.8991,3.0852,-12.196,21.3749
2018-03-15,42.8225,2.8252,-12.1496,21.1581
2018-03-16,42.2086,0.4424,-13.5826,22.1402
2018-03-17,42.2086,0.4424,-13.5826,22.1402
2018-03-18,42.2086,0.4424,-13.5826,22.1402
2018-03-19,41.3564,-1.5856,-14.4456,21.942
2018-03-20,41.5019,-0.6894,-14.1446,23.8744
2018-03-21,41.2808,-0.9796,-14.602,23.7813
2018-03-22,40.9726,-0.501,-14.4727,22.8571
2018-03-23,40.4387,-2.7371,-13.9111,21.9918
2018-03-24,40.4387,-2.7371,-13.9111,21.9918
2018-03-25,40.4387,-2.7371,-13.9111,21.9918
2018-03-26,41.152,-1.0215,-13.2685,24.1436
2018-03-27,41.5568,0.3402,-12.4154,36.2884
2018-03-28,41.2304,-2.1118,-14.9859,32.4272
2018-03-29,41.2304,-2.1118,-14.9859,32.4272
2018-03-30,41.2304,-2.1118,-14.9859,32.4272
2018-03-31,41.2304,-2.1118,-14.9859,32.4272
2018-04-01,41.2304,-2.1118,-14.9859,32.4272
2018-04-02,41.7676,-0.8364,-13.8782,35.21
2018-04-03,42.0718,-0.6925,-13.251,38.1079
2018-04-04,41.6582,-1.6688,-14.1038,35.3805
2018-04-05,42.5127,-0.3322,-12.6091,38.1574
2018-04-06,42.6568,0.3522,-13.3196,39.8804
2018-04-07,42.6568,0.3522,-13.3196,39.8804
2018-04-08,42.6568,0.3522,-13.3196,39.8804
2018-04-09,42.6864,0.4218,-13.6373,38.3573
2018-04-10,42.8836,0.4848,-13.2383,38.0381
2018-04-11,42.7466,-0.6554,-13.5155,37.6467
2018-04-12,42.7823,0.0196,-13.4947,37.7617
2018-04-13,42.7581,0.6146,-11.9579,33.7679
2018-04-14,42.7581,0.6146,-11.9579,33.7679
2018-04-15,42.7581,0.6146,-11.9579,33.7679
2018-04-16,42.5681,0.1675,-11.643,33.3378
2018-04-17,42.552,0.4971,-11.6764,31.4011
2018-04-18,42.482,0.6611,-11.8217,31.1849
2018-04-19,42.7186,1.5026,-9.662,31.9155
2018-04-20,42.4878,0.9211,-9.9543,29.0516
2018-04-21,42.4878,0.9211,-9.9543,29.0516
2018-04-22,42.4878,0.9211,-9.9543,29.0516
2018-04-23,42.6069,1.204,-8.366,29.4134
2018-04-24,42.5022,0.0353,-8.5911,28.4004
2018-04-25,42.1983,-1.3621,-9.2447,28.3001
2018-04-26,42.0267,-2.1875,-8.6602,27.7784
2018-04-27,42.6468,-0.418,-8.6383,27.906
2018-04-28,42.6468,-0.418,-8.6383,27.906
2018-04-29,42.6468,-0.418,-8.6383,27.906
2018-04-30,42.946,0.2807,-7.9974,27.8615
2018-05-01,42.946,0.2807,-7.9974,27.8615
2018-05-02,42.2982,-1.1161,-9.3851,27.0304
2018-05-03,42.0934,-1.7233,-11.4148,26.4153
2018-05-04,41.6338,-2.9158,-7.5538,23.1828
2018-05-05,41.6338,-2.9158,-7.5538,23.1828
2018-05-06,41.6338,-2.9158,-7.5538,23.1828
2018-05-07,42.0811,-1.8727,-7.9591,24.5187
2018-05-08,42.1052,-2.3312,-7.9064,24.8553
2018-05-09,42.1208,-2.6802,-7.8723,23.872
2018-05-10,41.7404,-4.0636,-10.4214,22.7532
2018-05-11,41.9762,-3.8084,-9.4216,24.8047
2018-05-12,41.9762,-3.8084,-9.4216,24.8047
2018-05-13,41.9762,-3.8084,-9.4216,24.8047
2018-05-14,41.8958,-3.9926,-9.7668,22.1103
2018-05-15,41.6301,-5.219,-10.3391,20.6156
2018-05-16,41.1863,-7.0501,-11.2949,17.5908
2018-05-17,41.0785,-7.9581,-12.5815,17.283
2018-05-18,40.3472,-8.7935,-14.2385,17.3716
2018-05-19,40.3472,-8.7935,-14.2385,17.3716
2018-05-20,40.3472,-8.7935,-14.2385,17.3716
2018-05-21,39.9743,-9.6365,-14.9344,17.5787
2018-05-22,40.325,-8.5329,-14.1881,22.0694
2018-05-23,40.0263,-8.6518,-14.8237,20.2786
2018-05-24,39.8352,-8.6703,-14.5825,19.7043
2018-05-25,40.3012,-10.4499,-13.4941,19.3912
2018-05-26,40.3012,-10.4499,-13.4941,19.3912
2018-05-27,40.3012,-10.4499,-13.4941,19.3912
2018-05-28,40.9341,-9.0436,-13.257,22.0176
2018-05-29,40.7043,-9.1434,-13.744,21.8024
2018-05-30,40.7031,-9.732,-13.7465,24.2433
2018-05-31,40.6938,-9.7834,-13.9114,24.2149
2018-06-01,40.5176,-10.0866,-11.5749,24.3268
2018-06-02,40.5176,-10.0866,-11.5749,24.3268
2018-06-03,40.5176,-10.0866,-11.5749,24.3268
2018-06-04,40.1019,-11.0091,-12.136,22.7706
2018-06-05,39.8904,-11.6083,-12.5994,21.6371
2018-06-06,40.5184,-10.0652,-11.2235,24.6321
2018-06-07,41.1277,-8.9864,-8.9067,26.5063
2018-06-08,41.2274,-9.024,-8.4466,29.734
2018-06-09,41.2274,-9.024,-8.4466,29.734
2018-06-10,41.2274,-9.024,-8.4466,29.734
2018-06-11,41.1889,-9.109,-8.5027,29.9785
2018-06-12,41.5389,-7.9762,-7.7252,31.9227
2018-06-13,41.4404,-8.0477,-7.944,29.46
2018-06-14,41.2463,-8.2443,-8.4313,28.8536
2018-06-15,40.9322,-9.0685,-10.8619,27.7403
2018-06-16,40.9322,-9.0685,-10.8619,27.7403
2018-06-17,40.9322,-9.0685,-10.8619,27.7403
2018-06-18,40.9711,-8.982,-11.1314,27.6466
2018-06-19,40.4876,-10.6717,-12.1801,29.3472
2018-06-20,40.563,-10.8039,-12.0166,29.4611
2018-06-21,40.3577,-11.0411,-13.7993,28.8058
2018-06-22,40.5292,-9.741,-13.3567,31.7316
2018-06-23,40.5292,-9.741,-13.3567,31.7316
2018-06-24,40.5292,-9.741,-13.3567,31.7316
2018-06-25,40.0363,-10.8386,-14.6235,30.2328
2018-06-26,39.7529,-11.4698,-15.2278,28.3208
2018-06-27,39.0368,-12.2479,-16.7549,23.0106
2018-06-28,38.6769,-13.0354,-16.2172,21.8765
2018-06-29,39.2789,-12.9135,-17.2264,23.505
2018-06-30,39.2789,-12.9135,-17.2264,23.505
2018-07-01,39.2789,-12.9135,-17.2264,23.505
2018-07-02,39.0243,-13.4779,-18.0828,24.7791
2018-07-03,39.1204,-14.0596,-17.8811,24.8015
2018-07-04,39.2126,-13.6587,-17.6875,24.8968
2018-07-05,38.7981,-14.6912,-19.0365,23.5766
2018-07-06,39.1473,-14.4925,-17.1596,24.6182
2018-07-07,39.1473,-14.4925,-17.1596,24.6182
2018-07-08,39.1473,-14.4925,-17.1596,24.6182
2018-07-09,39.6017,-13.5,-16.5834,26.885
2018-07-10,39.8819,-13.726,-15.9932,26.1834
2018-07-11,39.5518,-14.3051,-16.6885,23.9511
2018-07-12,39.5049,-14.6633,-17.9741,23.8041
2018-07-13,39.2874,-15.5769,-19.404,25.1311
2018-07-14,39.2874,-15.5769,-19.404,25.1311
2018-07-15,39.2874,-15.5769,-19.404,25.1311
2018-07-16,38.3212,-17.6531,-21.6151,23.0282
2018-07-17,39.0212,-16.5029,-20.1833,24.0292
2018-07-18,38.5604,-17.1484,-21.1258,23.1183
2018-07-19,38.3589,-17.9396,-21.4247,22.4749
2018-07-20,38.5761,-17.3853,-21.4017,23.4716
2018-07-21,38.5761,-17.3853,-21.4017,23.4716
2018-07-22,38.5761,-17.3853,-21.4017,23.4716
2018-07-23,39.0397,-16.3925,-19.1438,27.6383
2018-07-24,39.6008,-15.6978,-17.9817,30.4147
2018-07-25,39.8439,-15.2856,-17.4782,32.6216
2018-07-26,40.0622,-15.4481,-14.9184,33.3482
2018-07-27,40.5129,-14.363,-14.925,39.2172
2018-07-28,40.5129,-14.363,-14.925,39.2172
2018-07-29,40.5129,-14.363,-14.925,39.2172
2018-07-30,40.7187,-13.928,-15.8057,39.0277
2018-07-31,40.8484,-14.483,-15.5376,41.4634
