2007-04-02,10.03,,,
2007-04-03,10.04,,,
2007-04-04,10.05,,,
2007-04-05,10.07,,,
2007-04-06,10.07,,,
2007-04-07,10.07,,,
2007-04-08,10.07,,,
2007-04-09,10.11,,,
2007-04-10,10.13,,,
2007-04-11,10.13,,,
2007-04-12,10.13,,,
2007-04-13,10.16,,,
2007-04-14,10.16,,,
2007-04-15,10.16,,,
2007-04-16,10.21,,,
2007-04-17,10.22,,,
2007-04-18,10.23,,,
2007-04-19,10.22,,,
2007-04-20,10.27,,,
2007-04-21,10.27,,,
2007-04-22,10.27,,,
2007-04-23,10.28,,,
2007-04-24,10.31,,,
2007-04-25,10.32,,,
2007-04-26,10.3,,,
2007-04-27,10.28,,,
2007-04-28,10.28,,,
2007-04-29,10.28,,,
2007-04-30,10.33,,,
2007-05-01,10.33,,,
2007-05-02,10.33,,,
2007-05-03,10.37,,,
2007-05-04,10.36,,,
2007-05-05,10.36,,,
2007-05-06,10.36,,,
2007-05-07,10.35,,,
2007-05-08,10.32,,,
2007-05-09,10.33,,,
2007-05-10,10.34,,,
2007-05-11,10.35,,,
2007-05-12,10.35,,,
2007-05-13,10.35,,,
2007-05-14,10.39,,,
2007-05-15,10.4,,,
2007-05-16,10.43,,,
2007-05-17,10.47,,,
2007-05-18,10.5,,,
2007-05-19,10.5,,,
2007-05-20,10.5,,,
2007-05-21,10.52,,,
2007-05-22,10.54,,,
2007-05-23,10.51,,,
2007-05-24,10.49,,,
2007-05-25,10.51,,,
2007-05-26,10.51,,,
2007-05-27,10.51,,,
2007-05-28,10.54,,,
2007-05-29,10.57,,,
2007-05-30,10.53,,,
2007-05-31,10.55,,,
2007-06-01,10.58,,,
2007-06-02,10.58,,,
2007-06-03,10.58,,,
2007-06-04,10.55,,,
2007-06-05,10.6,,,
2007-06-06,10.54,,,
2007-06-07,10.52,,,
2007-06-08,10.51,,,
2007-06-09,10.51,,,
2007-06-10,10.51,,,
2007-06-11,10.47,,,
2007-06-12,10.45,,,
2007-06-13,10.44,,,
2007-06-14,10.52,,,
2007-06-15,10.58,,,
2007-06-16,10.58,,,
2007-06-17,10.58,,,
2007-06-18,10.58,,,
2007-06-19,10.67,,,
2007-06-20,10.75,,,
2007-06-21,10.82,,,
2007-06-22,10.86,,,
2007-06-23,10.86,,,
2007-06-24,10.86,,,
2007-06-25,10.91,,,
2007-06-26,10.96,,,
2007-06-27,10.93,,,
2007-06-28,10.95,,,
2007-06-29,11.03,,,
2007-06-30,11.03,,,
2007-07-01,11.03,,,
2007-07-02,11.06,,,
2007-07-03,11.14,,,
2007-07-04,11.24,,,
2007-07-05,11.18,,,
2007-07-06,11.25,,,
2007-07-07,11.25,,,
2007-07-08,11.25,,,
2007-07-09,11.34,,,
2007-07-10,11.36,,,
2007-07-11,11.49,,,
2007-07-12,11.79,,,
2007-07-13,11.86,,,
2007-07-14,11.86,,,
2007-07-15,11.86,,,
2007-07-16,11.95,,,
2007-07-17,11.85,,,
2007-07-18,11.83,,,
2007-07-19,11.91,,,
2007-07-20,11.88,,,
2007-07-21,11.88,,,
2007-07-22,11.88,,,
2007-07-23,12.05,,,
2007-07-24,12.07,,,
2007-07-25,11.97,,,
2007-07-26,12.05,,,
2007-07-27,11.65,,,
2007-07-28,11.65,,,
2007-07-29,11.65,,,
2007-07-30,11.63,,,
2007-07-31,11.87,,,
2007-08-01,11.39,,,
2007-08-02,11.43,,,
2007-08-03,11.65,,,
2007-08-04,11.65,,,
2007-08-05,11.65,,,
2007-08-06,11.58,,,
2007-08-07,11.66,,,
2007-08-08,11.8,,,
2007-08-09,11.59,,,
2007-08-10,11.42,,,
2007-08-11,11.42,,,
2007-08-12,11.42,,,
2007-08-13,11.54,,,
2007-08-14,11.49,,,
2007-08-15,11.49,,,
2007-08-16,11.0,,,
2007-08-17,10.85,,,
2007-08-18,10.85,,,
2007-08-19,10.85,,,
2007-08-20,11.04,,,
2007-08-21,10.65,,,
2007-08-22,10.81,,,
2007-08-23,10.7,,,
2007-08-24,10.93,,,
2007-08-25,10.93,,,
2007-08-26,10.93,,,
2007-08-27,11.29,,,
2007-08-28,11.41,,,
2007-08-29,11.52,,,
2007-08-30,11.5,,,
2007-08-31,11.78,,,
2007-09-01,11.78,,,
2007-09-02,11.78,,,
2007-09-03,11.9,,,
2007-09-04,11.96,,,
2007-09-05,11.89,,,
2007-09-06,12.07,,,
2007-09-07,11.99,,,
2007-09-08,11.99,,,
2007-09-09,11.99,,,
2007-09-10,12.05,,,
2007-09-11,12.1,,,
2007-09-12,12.13,,,
2007-09-13,12.23,,,
2007-09-14,12.09,,,
2007-09-15,12.09,,,
2007-09-16,12.09,,,
2007-09-17,12.1,,,
2007-09-18,12.21,,,
2007-09-19,12.49,,,
2007-09-20,12.63,,,
2007-09-21,12.72,,,
2007-09-22,12.72,,,
2007-09-23,12.72,,,
2007-09-24,12.96,,,
2007-09-25,12.91,,,
2007-09-26,12.74,,,
2007-09-27,12.87,,,
2007-09-28,13.1,,,
2007-09-29,13.1,,,
2007-09-30,13.1,,,
2007-10-01,13.48,,,
2007-10-02,13.48,,,
2007-10-03,13.87,,,
2007-10-04,14.02,,,
2007-10-05,13.89,,,
2007-10-06,13.89,,,
2007-10-07,13.89,,,
2007-10-08,13.36,,,
2007-10-09,13.97,,,
2007-10-10,14.15,,,
2007-10-11,14.63,,,
2007-10-12,14.48,,,
2007-10-13,14.48,,,
2007-10-14,14.48,,,
2007-10-15,15.15,,,
2007-10-16,15.32,,,
2007-10-17,14.8,,,
2007-10-18,14.02,,,
2007-10-19,13.32,,,
2007-10-20,13.32,,,
2007-10-21,13.32,,,
2007-10-22,13.4,,,
2007-10-23,14.12,,,
2007-10-24,14.28,,,
2007-10-25,14.43,,,
2007-10-26,14.74,,,
2007-10-27,14.74,,,
2007-10-28,14.74,,,
2007-10-29,15.02,,,
2007-10-30,15.0,,,
2007-10-31,15.33,,,
2007-11-01,15.1,,,
2007-11-02,15.35,,,
2007-11-03,15.35,,,
2007-11-04,15.35,,,
2007-11-05,15.41,,,
2007-11-06,15.29,,,
2007-11-07,15.21,,,
2007-11-08,15.2,,,
2007-11-09,15.2,,,
2007-11-10,15.2,,,
2007-11-11,15.2,,,
2007-11-12,15.0,,,
2007-11-13,15.31,,,
2007-11-14,15.68,,,
2007-11-15,15.73,,,
2007-11-16,15.75,,,
2007-11-17,15.75,,,
2007-11-18,15.75,,,
2007-11-19,16.04,,,
2007-11-20,15.82,,,
2007-11-21,15.05,,,
2007-11-22,14.9,,,
2007-11-23,15.23,,,
2007-11-24,15.23,,,
2007-11-25,15.23,,,
2007-11-26,15.51,,,
2007-11-27,15.42,,,
2007-11-28,15.24,,,
2007-11-29,15.27,,,
2007-11-30,15.62,,,
2007-12-01,15.62,,,
2007-12-02,15.62,,,
2007-12-03,16.09,,,
2007-12-04,16.25,,,
2007-12-05,16.56,,,
2007-12-06,16.59,,,
2007-12-07,16.46,,,
2007-12-08,16.46,,,
2007-12-09,16.46,,,
2007-12-10,16.45,,,
2007-12-11,16.61,,,
2007-12-12,16.73,,,
2007-12-13,16.63,,,
2007-12-14,16.69,,,
2007-12-15,16.69,,,
2007-12-16,16.69,,,
2007-12-17,15.97,,,
2007-12-18,15.95,,,
2007-12-19,16.03,,,
2007-12-20,16.07,,,
2007-12-21,16.07,,,
2007-12-22,16.07,,,
2007-12-23,16.07,,,
2007-12-24,16.52,,,
2007-12-25,16.52,,,
2007-12-26,16.97,,,
2007-12-27,16.96,,,
2007-12-28,17.1,,,
2007-12-29,17.1,,,
2007-12-30,17.1,,,
2007-12-31,17.4,,,
2008-01-01,17.55,,,
2008-01-02,17.74,,,
2008-01-03,18.11,,,
2008-01-04,18.21,,,
2008-01-05,18.21,,,
2008-01-06,18.21,,,
2008-01-07,18.19,,,
2008-01-08,17.94,,,
2008-01-09,17.78,,,
2008-01-10,17.18,,,
2008-01-11,17.18,,,
2008-01-12,17.18,,,
2008-01-13,17.18,,,
2008-01-14,17.35,,,
2008-01-15,16.98,,,
2008-01-16,16.53,,,
2008-01-17,16.45,,,
2008-01-18,15.81,,,
2008-01-19,15.81,,,
2008-01-20,15.81,,,
2008-01-21,13.96,,,
2008-01-22,12.97,,,
2008-01-23,14.06,,,
2008-01-24,13.59,,,
2008-01-25,14.5,,,
2008-01-26,14.5,,,
2008-01-27,14.5,,,
2008-01-28,14.3,,,
2008-01-29,14.37,,,
2008-01-30,13.94,,,
2008-01-31,13.93,,,
2008-02-01,14.07,,,
2008-02-02,14.07,,,
2008-02-03,14.07,,,
2008-02-04,14.47,,,
2008-02-05,14.58,,,
2008-02-06,14.36,,,
2008-02-07,13.85,,,
2008-02-08,13.59,,,
2008-02-09,13.59,,,
2008-02-10,13.59,,,
2008-02-11,12.57,,,
2008-02-12,12.26,,,
2008-02-13,12.28,,,
2008-02-14,12.95,,,
2008-02-15,13.22,,,
2008-02-16,13.22,,,
2008-02-17,13.22,,,
2008-02-18,13.2,,,
2008-02-19,13.15,,,
2008-02-20,12.79,,,
2008-02-21,12.99,,,
2008-02-22,12.77,,,
2008-02-23,12.77,,,
2008-02-24,12.77,,,
2008-02-25,12.92,,,
2008-02-26,13.14,,,
2008-02-27,13.18,,,
2008-02-28,13.12,,,
2008-02-29,13.0,,,
2008-03-01,13.0,,,
2008-03-02,13.0,,,
2008-03-03,12.37,,,
2008-03-04,12.23,,,
2008-03-05,12.23,,,
2008-03-06,12.23,,,
2008-03-07,11.7,,,
2008-03-08,11.7,,,
2008-03-09,11.7,,,
2008-03-10,11.92,,,
2008-03-11,12.25,,,
2008-03-12,12.19,,,
2008-03-13,11.41,,,
2008-03-14,11.66,,,
2008-03-15,11.66,,,
2008-03-16,11.66,,,
2008-03-17,10.92,,,
2008-03-18,10.87,,,
2008-03-19,10.74,,,
2008-03-20,10.74,,,
2008-03-21,10.74,,,
2008-03-22,10.74,,,
2008-03-23,10.74,,,
2008-03-24,10.56,,,
2008-03-25,11.26,,,
2008-03-26,11.36,,,
2008-03-27,11.42,,,
2008-03-28,11.83,,,
2008-03-29,11.83,,,
2008-03-30,11.83,,,
2008-03-31,11.57,,,
2008-04-01,11.52,14.8554,,
2008-04-02,11.55,15.0398,,
2008-04-03,11.5,14.4279,,
2008-04-04,11.24,11.6187,,
2008-04-05,11.24,11.6187,,
2008-04-06,11.24,11.6187,,
2008-04-07,11.4,13.2075,,
2008-04-08,11.35,12.2651,,
2008-04-09,11.42,12.7345,,
2008-04-10,11.45,13.0306,,
2008-04-11,11.56,13.7795,,
2008-04-12,11.56,13.7795,,
2008-04-13,11.56,13.7795,,
2008-04-14,11.56,13.7795,,
2008-04-15,11.7,14.5935,,
2008-04-16,11.72,14.6771,,
2008-04-17,11.93,16.1636,,
2008-04-18,11.93,16.1636,,
2008-04-19,11.93,16.1636,,
2008-04-20,11.93,16.1636,,
2008-04-21,12.15,18.3057,,
2008-04-22,12.31,19.7471,,
2008-04-23,12.27,19.0107,,
2008-04-24,12.12,17.4419,,
2008-04-25,12.32,19.8444,,
2008-04-26,12.32,19.8444,,
2008-04-27,12.32,19.8444,,
2008-04-28,12.38,20.428,,
2008-04-29,12.53,21.2972,,
2008-04-30,12.6,21.9748,,
2008-05-01,12.6,21.9748,,
2008-05-02,12.83,23.8417,,
2008-05-03,12.83,23.8417,,
2008-05-04,12.83,23.8417,,
2008-05-05,12.81,23.6486,,
2008-05-06,12.55,21.256,,
2008-05-07,12.53,21.4147,,
2008-05-08,12.45,20.5227,,
2008-05-09,12.06,16.5217,,
2008-05-10,12.06,16.5217,,
2008-05-11,12.06,16.5217,,
2008-05-12,12.0,15.942,,
2008-05-13,11.97,15.2069,,
2008-05-14,12.02,15.5769,,
2008-05-15,12.17,16.6826,,
2008-05-16,12.31,17.2381,,
2008-05-17,12.31,17.2381,,
2008-05-18,12.31,17.2381,,
2008-05-19,12.31,17.2381,,
2008-05-20,12.15,15.4943,,
2008-05-21,12.21,15.8444,,
2008-05-22,11.93,13.5109,,
2008-05-23,11.71,11.4177,,
2008-05-24,11.71,11.4177,,
2008-05-25,11.71,11.4177,,
2008-05-26,11.46,9.039,,
2008-05-27,11.35,7.685,,
2008-05-28,11.5,8.7985,,
2008-05-29,11.34,7.6923,,
2008-05-30,11.22,6.0491,,
2008-05-31,11.22,6.0491,,
2008-06-01,11.22,6.0491,,
2008-06-02,10.92,3.2136,,
2008-06-03,10.81,2.4645,,
2008-06-04,10.51,-0.8491,,
2008-06-05,10.63,0.8539,,
2008-06-06,10.51,0.0,,
2008-06-07,10.51,0.0,,
2008-06-08,10.51,0.0,,
2008-06-09,10.19,-3.0447,,
2008-06-10,10.1,-3.5339,,
2008-06-11,10.17,-2.6794,,
2008-06-12,10.26,-1.7241,,
2008-06-13,10.21,-3.4972,,
2008-06-14,10.21,-3.4972,,
2008-06-15,10.21,-3.4972,,
2008-06-16,10.38,-1.8904,,
2008-06-17,10.57,-0.0945,,
2008-06-18,10.43,-2.2493,,
2008-06-19,10.2,-5.1163,,
2008-06-20,9.85,-9.3002,,
2008-06-21,9.85,-9.3002,,
2008-06-22,9.85,-9.3002,,
2008-06-23,9.53,-12.2468,,
2008-06-24,9.37,-14.1155,,
2008-06-25,9.47,-13.5949,,
2008-06-26,9.49,-13.1747,,
2008-06-27,9.18,-16.7724,,
2008-06-28,9.18,-16.7724,,
2008-06-29,9.18,-16.7724,,
2008-06-30,8.85,-19.7643,,
2008-07-01,8.52,-22.9656,,
2008-07-02,8.8,-21.0054,,
2008-07-03,8.53,-24.1103,,
2008-07-04,8.75,-22.2222,,
2008-07-05,8.75,-22.2222,,
2008-07-06,8.75,-22.2222,,
2008-07-07,8.86,-21.2444,,
2008-07-08,8.8,-22.3986,,
2008-07-09,9.1,-19.8944,,
2008-07-10,9.11,-20.7137,,
2008-07-11,8.89,-25.0422,,
2008-07-12,8.89,-25.0422,,
2008-07-13,8.89,-25.0422,,
2008-07-14,8.86,-25.2951,,
2008-07-15,8.57,-28.2845,,
2008-07-16,8.39,-29.1983,,
2008-07-17,8.52,-27.9797,,
2008-07-18,8.72,-26.5993,,
2008-07-19,8.72,-26.5993,,
2008-07-20,8.72,-26.5993,,
2008-07-21,8.77,-26.1785,,
2008-07-22,8.94,-25.8091,,
2008-07-23,9.38,-22.2867,,
2008-07-24,9.33,-22.0551,,
2008-07-25,9.17,-21.2876,,
2008-07-26,9.17,-21.2876,,
2008-07-27,9.17,-21.2876,,
2008-07-28,9.22,-20.8584,,
2008-07-29,8.91,-23.3878,,
2008-07-30,9.08,-23.5046,,
2008-07-31,9.05,-20.5443,,
2008-08-01,9.21,-20.9442,,
2008-08-02,9.21,-20.9442,,
2008-08-03,9.21,-20.9442,,
2008-08-04,9.3,-20.1717,,
2008-08-05,9.53,-17.7029,,
2008-08-06,9.51,-18.4391,,
2008-08-07,9.64,-18.3051,,
2008-08-08,9.63,-15.6743,,
2008-08-09,9.63,-15.6743,,
2008-08-10,9.63,-15.6743,,
2008-08-11,9.85,-13.7478,,
2008-08-12,9.8,-15.078,,
2008-08-13,9.78,-14.8825,,
2008-08-14,9.59,-11.6129,,
2008-08-15,9.59,-11.6129,,
2008-08-16,9.59,-11.6129,,
2008-08-17,9.59,-11.6129,,
2008-08-18,9.5,-12.4424,,
2008-08-19,9.46,-14.3116,,
2008-08-20,9.51,-10.7042,,
2008-08-21,9.31,-13.876,,
2008-08-22,9.36,-14.3641,,
2008-08-23,9.36,-14.3641,,
2008-08-24,9.36,-14.3641,,
2008-08-25,9.36,-14.3641,,
2008-08-26,9.38,-16.9176,,
2008-08-27,9.29,-18.5802,,
2008-08-28,9.18,-20.3125,,
2008-08-29,9.42,-20.034,,
2008-08-30,9.42,-20.034,,
2008-08-31,9.42,-20.034,,
2008-09-01,9.4,-20.2037,,
2008-09-02,9.55,-20.1505,,
2008-09-03,9.55,-20.1505,,
2008-09-04,9.61,-19.1758,,
2008-09-05,9.49,-20.8507,,
2008-09-06,9.49,-20.8507,,
2008-09-07,9.49,-20.8507,,
2008-09-08,9.65,-19.5163,,
2008-09-09,9.63,-20.083,,
2008-09-10,9.5,-21.4876,,
2008-09-11,9.35,-22.9184,,
2008-09-12,9.23,-23.6559,,
2008-09-13,9.23,-23.6559,,
2008-09-14,9.23,-23.6559,,
2008-09-15,8.88,-26.5509,,
2008-09-16,8.86,-26.7769,,
2008-09-17,8.74,-28.4193,,
2008-09-18,8.71,-30.2642,,
2008-09-19,8.97,-29.4811,,
2008-09-20,8.97,-29.4811,,
2008-09-21,8.97,-29.4811,,
2008-09-22,9.02,-29.0881,,
2008-09-23,8.82,-31.9444,,
2008-09-24,8.86,-31.371,,
2008-09-25,8.79,-31.0047,,
2008-09-26,8.49,-35.1908,,
2008-09-27,8.49,-35.1908,,
2008-09-28,8.49,-35.1908,,
2008-09-29,8.12,-38.0153,,
2008-09-30,8.21,-39.095,,
2008-10-01,8.29,-40.2307,,
2008-10-02,8.29,-40.2307,,
2008-10-03,8.05,-42.0446,,
2008-10-04,8.05,-42.0446,,
2008-10-05,8.05,-42.0446,,
2008-10-06,7.53,-45.7883,,
2008-10-07,7.43,-44.3862,,
2008-10-08,7.1,-49.8233,,
2008-10-09,7.1,-49.8233,,
2008-10-10,6.58,-54.558,,
2008-10-11,6.58,-54.558,,
2008-10-12,6.58,-54.558,,
2008-10-13,7.02,-51.5193,,
2008-10-14,7.19,-52.5413,,
2008-10-15,6.79,-55.6789,,
2008-10-16,6.65,-55.0676,,
2008-10-17,6.4,-51.952,,
2008-10-18,6.4,-51.952,,
2008-10-19,6.4,-51.952,,
2008-10-20,6.37,-52.1772,,
2008-10-21,6.51,-51.4179,,
2008-10-22,6.24,-55.8074,,
2008-10-23,5.81,-59.3137,,
2008-10-24,5.19,-64.7897,,
2008-10-25,5.19,-64.7897,,
2008-10-26,5.19,-64.7897,,
2008-10-27,5.0,-66.7111,,
2008-10-28,5.0,-66.7111,,
2008-10-29,5.4,-64.775,,
2008-10-30,5.4,-64.775,,
2008-10-31,5.78,-62.3453,,
2008-11-01,5.78,-62.3453,,
2008-11-02,5.78,-62.3453,,
2008-11-03,6.13,-60.0651,,
2008-11-04,6.4,-58.4685,,
2008-11-05,6.1,-60.1046,,
2008-11-06,5.98,-60.6838,,
2008-11-07,6.16,-59.4737,,
2008-11-08,6.16,-59.4737,,
2008-11-09,6.16,-59.4737,,
2008-11-10,6.48,-57.3684,,
2008-11-11,6.18,-58.8,,
2008-11-12,5.99,-61.7985,,
2008-11-13,5.99,-61.7985,,
2008-11-14,5.9,-62.5397,,
2008-11-15,5.9,-62.5397,,
2008-11-16,5.9,-62.5397,,
2008-11-17,5.76,-63.4286,,
2008-11-18,5.54,-65.4613,,
2008-11-19,5.42,-65.7396,,
2008-11-20,5.22,-65.3156,,
2008-11-21,5.4,-64.5437,,
2008-11-22,5.4,-64.5437,,
2008-11-23,5.4,-64.5437,,
2008-11-24,5.4,-64.5437,,
2008-11-25,5.26,-66.0864,,
2008-11-26,5.34,-64.9606,,
2008-11-27,5.34,-64.9606,,
2008-11-28,5.32,-65.9411,,
2008-11-29,5.32,-65.9411,,
2008-11-30,5.32,-65.9411,,
2008-12-01,5.2,-66.7093,,
2008-12-02,5.12,-68.179,,
2008-12-03,5.21,-67.9385,,
2008-12-04,5.43,-67.2101,,
2008-12-05,5.33,-67.6185,,
2008-12-06,5.33,-67.6185,,
2008-12-07,5.33,-67.6185,,
2008-12-08,5.38,-67.2948,,
2008-12-09,5.38,-67.2948,,
2008-12-10,5.63,-66.1048,,
2008-12-11,5.76,-65.5708,,
2008-12-12,5.84,-65.009,,
2008-12-13,5.84,-65.009,,
2008-12-14,5.84,-65.009,,
2008-12-15,6.09,-63.5111,,
2008-12-16,6.27,-60.7389,,
2008-12-17,5.96,-62.6332,,
2008-12-18,6.11,-61.884,,
2008-12-19,6.2,-61.4188,,
2008-12-20,6.2,-61.4188,,
2008-12-21,6.2,-61.4188,,
2008-12-22,6.1,-62.0411,,
2008-12-23,5.9,-64.2857,,
2008-12-24,5.79,-65.881,,
2008-12-25,5.79,-65.881,,
2008-12-26,5.65,-66.9591,,
2008-12-27,5.65,-66.9591,,
2008-12-28,5.65,-66.9591,,
2008-12-29,5.76,-66.3158,,
2008-12-30,5.91,-66.0345,,
2008-12-31,5.96,-66.0399,,
2009-01-01,6.13,-65.4453,,
2009-01-02,6.24,-65.7331,,
2009-01-03,6.24,-65.7331,,
2009-01-04,6.24,-65.7331,,
2009-01-05,6.42,-64.7446,,
2009-01-06,6.45,-64.541,,
2009-01-07,5.94,-66.5917,,
2009-01-08,5.94,-66.5917,,
2009-01-09,5.7,-66.8219,,
2009-01-10,5.7,-66.8219,,
2009-01-11,5.7,-66.8219,,
2009-01-12,5.6,-67.404,,
2009-01-13,5.46,-68.5303,,
2009-01-14,5.54,-67.3734,,
2009-01-15,5.44,-67.0901,,
2009-01-16,5.53,-65.0221,,
2009-01-17,5.53,-65.0221,,
2009-01-18,5.53,-65.0221,,
2009-01-19,5.58,-64.7059,,
2009-01-20,5.55,-60.2436,,
2009-01-21,5.38,-58.5197,,
2009-01-22,5.3,-62.3044,,
2009-01-23,5.18,-64.2759,,
2009-01-24,5.18,-64.2759,,
2009-01-25,5.18,-64.2759,,
2009-01-26,5.18,-64.2759,,
2009-01-27,5.29,-63.007,,
2009-01-28,5.41,-62.3521,,
2009-01-29,5.36,-61.5495,,
2009-01-30,5.45,-61.2651,,
2009-01-31,5.45,-61.2651,,
2009-02-01,5.45,-61.2651,,
2009-02-02,5.33,-62.118,,
2009-02-03,5.28,-63.5107,,
2009-02-04,5.27,-63.8546,,
2009-02-05,5.22,-63.649,,
2009-02-06,5.26,-61.2951,,
2009-02-07,5.26,-61.2951,,
2009-02-08,5.26,-61.2951,,
2009-02-09,5.39,-60.3385,,
2009-02-10,5.45,-56.6428,,
2009-02-11,5.53,-54.894,,
2009-02-12,5.53,-54.9674,,
2009-02-13,5.61,-57.5643,,
2009-02-14,5.61,-57.5643,,
2009-02-15,5.61,-57.5643,,
2009-02-16,5.45,-58.7746,,
2009-02-17,5.31,-59.7727,,
2009-02-18,5.3,-59.6958,,
2009-02-19,5.29,-58.6396,,
2009-02-20,5.18,-59.4362,,
2009-02-21,5.18,-59.4362,,
2009-02-22,5.18,-59.4362,,
2009-02-23,5.18,-59.4362,,
2009-02-24,5.16,-60.0619,,
2009-02-25,5.18,-60.5784,,
2009-02-26,5.18,-60.698,,
2009-02-27,5.16,-60.3077,,
2009-02-28,5.16,-60.3077,,
2009-03-01,5.16,-60.3077,,
2009-03-02,5.02,-61.3846,,
2009-03-03,4.9,-60.388,,
2009-03-04,4.91,-59.8528,,
2009-03-05,4.77,-60.9975,,
2009-03-06,4.76,-59.3162,,
2009-03-07,4.76,-59.3162,,
2009-03-08,4.76,-59.3162,,
2009-03-09,4.66,-61.9592,,
2009-03-10,4.66,-61.9592,,
2009-03-11,4.66,-61.9592,,
2009-03-12,4.71,-61.3618,,
2009-03-13,4.86,-58.319,,
2009-03-14,4.86,-58.319,,
2009-03-15,4.86,-58.319,,
2009-03-16,4.98,-57.2899,,
2009-03-17,5.09,-53.3883,,
2009-03-18,5.22,-51.9779,,
2009-03-19,5.21,-51.4898,,
2009-03-20,5.23,-51.3035,,
2009-03-21,5.23,-51.3035,,
2009-03-22,5.23,-51.3035,,
2009-03-23,5.45,-49.2551,,
2009-03-24,5.34,-49.4318,,
2009-03-25,5.41,-51.9538,,
2009-03-26,5.52,-51.4085,,
2009-03-27,5.71,-51.7329,,
2009-03-28,5.71,-51.7329,,
2009-03-29,5.71,-51.7329,,
2009-03-30,5.5,-53.508,,
2009-03-31,5.73,-50.4754,,
2009-04-01,5.88,-48.9583,,
2009-04-02,6.17,-45.1068,,
2009-04-03,6.17,-45.1068,,
2009-04-04,6.17,-45.1068,,
2009-04-05,6.17,-45.1068,,
2009-04-06,6.34,-44.386,,
2009-04-07,6.34,-44.386,,
2009-04-08,6.55,-42.2907,,
2009-04-09,6.61,-42.8201,,
2009-04-10,6.61,-42.8201,,
2009-04-11,6.61,-42.8201,,
2009-04-12,6.61,-42.8201,,
2009-04-13,6.99,-39.5329,,
2009-04-14,6.99,-39.5329,,
2009-04-15,7.36,-37.094,,
2009-04-16,6.92,-40.9556,,
2009-04-17,6.91,-42.0788,,
2009-04-18,6.91,-42.0788,,
2009-04-19,6.91,-42.0788,,
2009-04-20,7.0,-41.3244,,
2009-04-21,6.97,-42.6337,,
2009-04-22,6.83,-44.5167,,
2009-04-23,6.88,-43.9283,,
2009-04-24,6.96,-43.5065,,
2009-04-25,6.96,-43.5065,,
2009-04-26,6.96,-43.5065,,
2009-04-27,6.92,-43.8312,,
2009-04-28,6.64,-46.3651,,
2009-04-29,6.79,-47.0772,,
2009-04-30,6.79,-47.0772,,
2009-05-01,6.79,-47.0772,,
2009-05-02,6.79,-47.0772,,
2009-05-03,6.79,-47.0772,,
2009-05-04,7.02,-45.2845,,
2009-05-05,7.14,-44.2623,,
2009-05-06,7.08,-43.5857,,
2009-05-07,7.28,-41.8994,,
2009-05-08,7.34,-39.1376,,
2009-05-09,7.34,-39.1376,,
2009-05-10,7.34,-39.1376,,
2009-05-11,7.24,-39.9668,,
2009-05-12,7.38,-38.5,,
2009-05-13,7.39,-38.2623,,
2009-05-14,7.5,-37.604,,
2009-05-15,7.63,-38.0179,,
2009-05-16,7.63,-38.0179,,
2009-05-17,7.63,-38.0179,,
2009-05-18,7.63,-38.0179,,
2009-05-19,9.35,-24.0455,,
2009-05-20,10.15,-16.4609,,
2009-05-21,10.13,-17.0352,,
2009-05-22,10.28,-12.2118,,
2009-05-23,10.28,-12.2118,,
2009-05-24,10.28,-12.2118,,
2009-05-25,10.52,-10.1623,,
2009-05-26,10.34,-9.7731,,
2009-05-27,10.62,-6.4317,,
2009-05-28,10.7,-6.9565,,
2009-05-29,10.99,-2.0499,,
2009-05-30,10.99,-2.0499,,
2009-05-31,10.99,-2.0499,,
2009-06-01,11.32,0.8913,,
2009-06-02,11.32,3.663,,
2009-06-03,11.54,6.753,,
2009-06-04,11.81,12.3692,,
2009-06-05,11.89,13.1304,,
2009-06-06,11.89,13.1304,,
2009-06-07,11.89,13.1304,,
2009-06-08,11.18,6.3749,,
2009-06-09,11.46,12.4632,,
2009-06-10,11.76,16.4356,,
2009-06-11,11.64,14.4543,,
2009-06-12,11.43,11.9491,,
2009-06-13,11.43,11.9491,,
2009-06-14,11.43,11.9491,,
2009-06-15,11.18,9.5005,,
2009-06-16,11.4,9.8266,,
2009-06-17,11.09,4.9196,,
2009-06-18,10.86,4.1227,,
2009-06-19,11.0,11.6751,,
2009-06-20,11.0,11.6751,,
2009-06-21,11.0,11.6751,,
2009-06-22,10.94,11.066,,
2009-06-23,10.96,15.0052,,
2009-06-24,11.08,18.2497,,
2009-06-25,11.02,16.3675,,
2009-06-26,11.16,21.5686,,
2009-06-27,11.16,21.5686,,
2009-06-28,11.16,21.5686,,
2009-06-29,11.31,23.2026,,
2009-06-30,11.11,25.5367,,
2009-07-01,11.31,32.7465,,
2009-07-02,11.36,29.0909,,
2009-07-03,11.5,31.4286,,
2009-07-04,11.5,31.4286,,
2009-07-05,11.5,31.4286,,
2009-07-06,11.05,26.2857,,
2009-07-07,11.05,24.7178,,
2009-07-08,10.99,24.8864,,
2009-07-09,11.03,21.2088,,
2009-07-10,10.89,22.4972,,
2009-07-11,10.89,22.4972,,
2009-07-12,10.89,22.4972,,
2009-07-13,10.76,21.0349,,
2009-07-14,10.86,22.5734,,
2009-07-15,11.02,28.5881,,
2009-07-16,11.07,31.9428,,
2009-07-17,11.2,28.4404,,
2009-07-18,11.2,28.4404,,
2009-07-19,11.2,28.4404,,
2009-07-20,11.29,29.4725,,
2009-07-21,11.23,28.0502,,
2009-07-22,11.17,24.9441,,
2009-07-23,11.35,21.0021,,
2009-07-24,11.52,25.627,,
2009-07-25,11.52,25.627,,
2009-07-26,11.52,25.627,,
2009-07-27,11.57,26.1723,,
2009-07-28,11.7,26.898,,
2009-07-29,11.71,31.4254,,
2009-07-30,11.86,30.6167,,
2009-07-31,11.89,29.0988,,
2009-08-01,11.89,29.0988,,
2009-08-02,11.89,29.0988,,
2009-08-03,12.05,30.836,,
2009-08-04,12.15,30.6452,,
2009-08-05,12.25,28.5414,,
2009-08-06,12.04,26.6036,,
2009-08-07,11.84,22.9491,,
2009-08-08,11.84,22.9491,,
2009-08-09,11.84,22.9491,,
2009-08-10,11.6,20.4569,,
2009-08-11,11.71,18.8832,,
2009-08-12,11.69,19.2857,,
2009-08-13,11.87,21.3701,,
2009-08-14,11.88,23.879,,
2009-08-15,11.88,23.879,,
2009-08-16,11.88,23.879,,
2009-08-17,11.57,20.6465,,
2009-08-18,11.77,23.8947,,
2009-08-19,11.63,22.9387,,
2009-08-20,11.7,23.0284,,
2009-08-21,11.84,26.4957,,
2009-08-22,11.84,26.4957,,
2009-08-23,11.84,26.4957,,
2009-08-24,11.92,27.3504,,
2009-08-25,11.88,26.9231,,
2009-08-26,11.96,27.5053,,
2009-08-27,12.06,29.817,,
2009-08-28,12.16,29.087,,
2009-08-29,12.16,29.087,,
2009-08-30,12.16,29.087,,
2009-08-31,12.25,30.0425,,
2009-09-01,12.17,29.4681,,
2009-09-02,12.21,27.8534,,
2009-09-03,12.18,27.5393,,
2009-09-04,12.2,28.5564,,
2009-09-05,12.2,28.5564,,
2009-09-06,12.2,28.5564,,
2009-09-07,12.55,32.2445,,
2009-09-08,12.49,29.4301,,
2009-09-09,12.37,28.4528,,
2009-09-10,12.4,30.5263,,
2009-09-11,12.28,33.0444,,
2009-09-12,12.28,33.0444,,
2009-09-13,12.28,33.0444,,
2009-09-14,12.35,33.8028,,
2009-09-15,12.52,40.991,,
2009-09-16,12.61,42.3251,,
2009-09-17,12.6,44.1648,,
2009-09-18,12.71,41.6945,,
2009-09-19,12.71,41.6945,,
2009-09-20,12.71,41.6945,,
2009-09-21,12.71,41.6945,,
2009-09-22,12.82,42.1286,,
2009-09-23,12.61,42.9705,,
2009-09-24,12.64,42.6637,,
2009-09-25,12.66,49.1166,,
2009-09-26,12.66,49.1166,,
2009-09-27,12.66,49.1166,,
2009-09-28,12.66,49.1166,,
2009-09-29,12.75,57.0197,,
2009-09-30,12.87,56.76,,
2009-10-01,12.91,60.3727,,
2009-10-02,12.91,60.3727,,
2009-10-03,12.91,60.3727,,
2009-10-04,12.91,60.3727,,
2009-10-05,12.65,57.1429,,
2009-10-06,12.62,67.5963,,
2009-10-07,12.78,72.0054,,
2009-10-08,12.92,81.9718,,
2009-10-09,12.86,95.4407,,
2009-10-10,12.86,95.4407,,
2009-10-11,12.86,95.4407,,
2009-10-12,12.95,84.4729,,
2009-10-13,12.95,84.4729,,
2009-10-14,13.19,83.4492,,
2009-10-15,13.22,94.6981,,
2009-10-16,13.27,107.3437,,
2009-10-17,13.27,107.3437,,
2009-10-18,13.27,107.3437,,
2009-10-19,13.27,107.3437,,
2009-10-20,13.44,110.989,,
2009-10-21,13.35,105.0691,,
2009-10-22,13.08,109.6154,,
2009-10-23,13.29,156.0694,,
2009-10-24,13.29,156.0694,,
2009-10-25,13.29,156.0694,,
2009-10-26,12.98,150.0963,,
2009-10-27,12.47,149.4,,
2009-10-28,12.33,146.6,,
2009-10-29,12.09,123.8889,,
2009-10-30,12.0,107.6125,,
2009-10-31,12.0,107.6125,,
2009-11-01,12.0,107.6125,,
2009-11-02,12.0,107.6125,,
2009-11-03,11.49,87.4388,,
2009-11-04,11.85,85.1562,,
2009-11-05,12.0,96.7213,,
2009-11-06,12.16,97.4026,,
2009-11-07,12.16,97.4026,,
2009-11-08,12.16,97.4026,,
2009-11-09,12.3,99.6753,,
2009-11-10,12.34,90.4321,,
2009-11-11,12.56,103.2362,,
2009-11-12,12.45,107.8464,,
2009-11-13,12.5,111.8644,,
2009-11-14,12.5,111.8644,,
2009-11-15,12.5,111.8644,,
2009-11-16,12.66,114.5763,,
2009-11-17,12.71,120.6597,,
2009-11-18,12.69,129.0614,,
2009-11-19,12.46,129.8893,,
2009-11-20,12.57,132.7778,,
2009-11-21,12.57,132.7778,,
2009-11-22,12.57,132.7778,,
2009-11-23,12.7,135.1852,,
2009-11-24,12.72,135.5556,,
2009-11-25,12.72,141.8251,,
2009-11-26,12.58,135.5805,,
2009-11-27,12.41,133.2707,,
2009-11-28,12.41,133.2707,,
2009-11-29,12.41,133.2707,,
2009-11-30,12.67,138.1579,,
2009-12-01,12.81,146.3462,,
2009-12-02,12.86,151.1719,,
2009-12-03,12.88,147.2169,,
2009-12-04,12.78,139.7749,,
2009-12-05,12.78,139.7749,,
2009-12-06,12.78,139.7749,,
2009-12-07,12.71,138.4615,,
2009-12-08,12.83,138.4758,,
2009-12-09,12.83,138.4758,,
2009-12-10,12.83,127.8863,,
2009-12-11,12.88,120.5479,,
2009-12-12,12.88,120.5479,,
2009-12-13,12.88,120.5479,,
2009-12-14,12.86,120.2055,,
2009-12-15,12.8,110.1806,,
2009-12-16,12.82,104.4657,,
2009-12-17,13.03,118.6242,,
2009-12-18,12.95,108.871,,
2009-12-19,12.95,108.871,,
2009-12-20,12.95,108.871,,
2009-12-21,12.88,107.7419,,
2009-12-22,12.96,112.459,,
2009-12-23,13.13,122.5424,,
2009-12-24,13.24,134.3363,,
2009-12-25,13.24,134.3363,,
2009-12-26,13.24,134.3363,,
2009-12-27,13.24,134.3363,,
2009-12-28,13.24,134.3363,,
2009-12-29,13.38,132.2917,,
2009-12-30,13.44,127.4112,,
2009-12-31,13.54,116.9872,,
2010-01-01,13.54,116.9872,,
2010-01-02,13.54,116.9872,,
2010-01-03,13.54,116.9872,,
2010-01-04,13.65,118.75,,
2010-01-05,13.81,115.109,,
2010-01-06,13.77,113.4884,,
2010-01-07,13.87,133.5017,,
2010-01-08,13.88,143.5088,,
2010-01-09,13.88,143.5088,,
2010-01-10,13.88,143.5088,,
2010-01-11,14.01,145.7895,,
2010-01-12,13.97,149.4643,,
2010-01-13,14.0,156.4103,,
2010-01-14,14.14,155.2347,,
2010-01-15,14.14,155.6962,,
2010-01-16,14.14,155.6962,,
2010-01-17,14.14,155.6962,,
2010-01-18,14.25,157.6854,,
2010-01-19,14.13,153.2258,,
2010-01-20,14.1,154.0541,,
2010-01-21,13.85,157.4349,,
2010-01-22,13.77,165.8301,,
2010-01-23,13.77,165.8301,,
2010-01-24,13.77,165.8301,,
2010-01-25,13.58,162.1622,,
2010-01-26,13.58,162.1622,,
2010-01-27,13.12,148.0151,,
2010-01-28,13.19,143.8078,,
2010-01-29,13.24,142.9358,,
2010-01-30,13.24,142.9358,,
2010-01-31,13.24,142.9358,,
2010-02-01,13.5,147.7064,,
2010-02-02,13.37,150.8443,,
2010-02-03,13.51,155.8712,,
2010-02-04,13.26,151.6129,,
2010-02-05,12.93,145.8175,,
2010-02-06,12.93,145.8175,,
2010-02-07,12.93,145.8175,,
2010-02-08,13.04,147.9087,,
2010-02-09,13.12,143.4137,,
2010-02-10,13.13,140.9174,,
2010-02-11,13.25,136.1854,,
2010-02-12,13.25,136.1854,,
2010-02-13,13.25,136.1854,,
2010-02-14,13.25,136.1854,,
2010-02-15,13.29,136.8984,,
2010-02-16,13.37,145.3211,,
2010-02-17,13.42,152.7307,,
2010-02-18,13.31,151.1321,,
2010-02-19,13.15,153.861,,
2010-02-20,13.15,153.861,,
2010-02-21,13.15,153.861,,
2010-02-22,13.13,153.4749,,
2010-02-23,13.04,151.7375,,
2010-02-24,12.98,151.5504,,
2010-02-25,12.99,150.7722,,
2010-02-26,13.04,152.7132,,
2010-02-27,13.04,152.7132,,
2010-02-28,13.04,152.7132,,
2010-03-01,13.04,152.7132,,
2010-03-02,13.37,166.3347,,
2010-03-03,13.48,175.102,,
2010-03-04,13.46,174.1344,,
2010-03-05,13.54,184.4538,,
2010-03-06,13.54,184.4538,,
2010-03-07,13.54,184.4538,,
2010-03-08,13.6,185.7143,,
2010-03-09,13.58,191.4163,,
2010-03-10,13.6,191.8455,,
2010-03-11,13.56,190.9871,,
2010-03-12,13.55,178.8066,,
2010-03-13,13.55,178.8066,,
2010-03-14,13.55,178.8066,,
2010-03-15,13.51,177.9835,,
2010-03-16,13.61,173.2932,,
2010-03-17,13.65,168.1729,,
2010-03-18,13.72,162.8352,,
2010-03-19,13.81,164.0535,,
2010-03-20,13.81,164.0535,,
2010-03-21,13.81,164.0535,,
2010-03-22,13.68,161.5679,,
2010-03-23,13.69,156.367,,
2010-03-24,13.69,156.367,,
2010-03-25,13.68,152.8651,,
2010-03-26,13.69,139.7548,,
2010-03-27,13.69,139.7548,,
2010-03-28,13.69,139.7548,,
2010-03-29,13.73,140.4553,,
2010-03-30,13.76,150.1818,,
2010-03-31,13.83,141.3613,,
2010-04-01,13.95,126.094,38.5303,
2010-04-02,13.95,126.094,38.5303,
2010-04-03,13.95,126.094,38.5303,
2010-04-04,13.95,126.094,38.5303,
2010-04-05,14.08,128.201,39.8213,
2010-04-06,14.2,123.9748,41.0129,
2010-04-07,14.21,124.1325,41.1122,
2010-04-08,14.14,115.8779,39.8615,
2010-04-09,14.22,115.1286,40.3751,
2010-04-10,14.22,115.1286,40.3751,
2010-04-11,14.22,115.1286,40.3751,
2010-04-12,14.18,114.5234,39.5669,
2010-04-13,14.17,102.7182,39.4685,
2010-04-14,14.17,102.7182,39.4685,
2010-04-15,14.23,93.3424,39.3732,
2010-04-16,14.21,105.644,39.0411,
2010-04-17,14.21,105.644,39.0411,
2010-04-18,14.21,105.644,39.0411,
2010-04-19,14.15,104.7757,37.7799,
2010-04-20,14.28,104.0,39.0458,
2010-04-21,14.37,106.1693,39.9221,
2010-04-22,14.38,110.5417,39.8833,
2010-04-23,14.43,107.3276,40.0971,
2010-04-24,14.43,107.3276,40.0971,
2010-04-25,14.43,107.3276,40.0971,
2010-04-26,14.63,110.2011,42.3152,
2010-04-27,14.61,111.1272,42.1206,
2010-04-28,14.42,117.1687,40.2724,
2010-04-29,14.49,113.4021,40.2711,
2010-04-30,14.52,113.8439,40.0193,
2010-05-01,14.52,113.8439,40.0193,
2010-05-02,14.52,113.8439,40.0193,
2010-05-03,14.47,113.1075,39.6718,
2010-05-04,14.33,104.1311,38.3205,
2010-05-05,14.23,99.2997,37.3552,
2010-05-06,14.15,99.8588,36.715,
2010-05-07,13.97,90.327,35.1064,
2010-05-08,13.97,90.327,35.1064,
2010-05-09,13.97,90.327,35.1064,
2010-05-10,14.27,94.4142,37.8744,
2010-05-11,14.21,96.2707,37.2947,
2010-05-12,14.21,92.5474,37.2947,
2010-05-13,14.39,94.7226,38.4986,
2010-05-14,14.21,86.2385,35.7211,
2010-05-15,14.21,86.2385,35.7211,
2010-05-16,14.21,86.2385,35.7211,
2010-05-17,14.15,85.4522,34.7619,
2010-05-18,14.16,85.5832,34.8571,
2010-05-19,13.85,48.1283,31.9048,
2010-05-20,13.72,35.1724,30.4183,
2010-05-21,13.68,33.0739,30.4099,
2010-05-22,13.68,33.0739,30.4099,
2010-05-23,13.68,33.0739,30.4099,
2010-05-24,13.68,33.0739,30.1618,
2010-05-25,13.35,26.9011,27.0219,
2010-05-26,13.59,31.4313,29.3054,
2010-05-27,13.68,28.8136,29.7913,
2010-05-28,13.89,26.3876,31.6588,
2010-05-29,13.89,26.3876,31.6588,
2010-05-30,13.89,26.3876,31.6588,
2010-05-31,14.01,27.4795,32.4197,
2010-06-01,13.85,22.3498,30.9074,
2010-06-02,13.85,22.3498,30.9074,
2010-06-03,14.0,21.3172,32.7014,
2010-06-04,14.02,17.9142,33.27,
2010-06-05,14.02,17.9142,33.27,
2010-06-06,14.02,17.9142,33.27,
2010-06-07,13.8,16.0639,31.3035,
2010-06-08,13.67,22.2719,30.0666,
2010-06-09,13.76,20.0698,30.9229,
2010-06-10,13.88,18.0272,32.5692,
2010-06-11,14.01,22.5722,33.1749,
2010-06-12,14.01,22.5722,33.1749,
2010-06-13,14.01,22.5722,33.1749,
2010-06-14,14.13,23.622,33.5539,
2010-06-15,14.2,27.0125,34.2155,
2010-06-16,14.22,24.7368,34.4045,
2010-06-17,14.32,29.1253,35.3497,
2010-06-18,14.24,29.4545,31.6081,
2010-06-19,14.24,29.4545,31.6081,
2010-06-20,14.24,29.4545,31.6081,
2010-06-21,14.44,31.2727,32.965,
2010-06-22,14.36,31.2614,32.2284,
2010-06-23,14.43,31.6606,32.8729,
2010-06-24,14.3,29.0614,31.0724,
2010-06-25,14.18,27.0609,29.4977,
2010-06-26,14.18,27.0609,29.4977,
2010-06-27,14.18,27.0609,29.4977,
2010-06-28,14.34,28.4946,30.0091,
2010-06-29,14.16,25.1989,28.3772,
2010-06-30,14.18,27.6328,28.5585,
2010-07-01,14.12,24.8453,27.6673,
2010-07-02,14.07,22.3478,25.8497,
2010-07-03,14.07,22.3478,25.8497,
2010-07-04,14.07,22.3478,25.8497,
2010-07-05,14.12,22.7826,25.5111,
2010-07-06,14.16,28.1448,25.8667,
2010-07-07,14.12,27.7828,25.5111,
2010-07-08,14.29,30.0273,26.0141,
2010-07-09,14.38,32.0478,21.9678,
2010-07-10,14.38,32.0478,21.9678,
2010-07-11,14.38,32.0478,21.9678,
2010-07-12,14.43,32.5069,21.6695,
2010-07-13,14.57,35.4089,22.8499,
2010-07-14,14.6,34.4383,23.1029,
2010-07-15,14.57,32.2142,21.9247,
2010-07-16,14.6,30.3571,22.5861,
2010-07-17,14.6,30.3571,22.5861,
2010-07-18,14.6,30.3571,22.5861,
2010-07-19,14.55,29.9107,22.4747,
2010-07-20,14.5,28.4322,22.0539,
2010-07-21,14.6,30.0089,22.8956,
2010-07-22,14.63,30.9758,21.4108,
2010-07-23,14.6,26.7361,21.1618,
2010-07-24,14.6,26.7361,21.1618,
2010-07-25,14.6,26.7361,21.1618,
2010-07-26,14.53,26.1285,24.721,
2010-07-27,14.54,25.6698,24.8069,
2010-07-28,14.5,23.9316,24.4635,
2010-07-29,14.53,24.082,24.9355,
2010-07-30,14.62,22.9605,27.909,
2010-07-31,14.62,22.9605,27.909,
2010-08-01,14.62,22.9605,27.909,
2010-08-02,14.77,24.222,26.7811,
2010-08-03,14.85,23.2365,27.4678,
2010-08-04,14.87,22.3868,27.6395,
2010-08-05,14.93,21.8776,28.9292,
2010-08-06,14.86,25.5068,28.214,
2010-08-07,14.86,25.5068,28.214,
2010-08-08,14.86,25.5068,28.214,
2010-08-09,15.02,26.8581,31.5236,
2010-08-10,14.99,29.2241,31.2609,
2010-08-11,14.83,26.6439,29.8599,
2010-08-12,14.88,27.2883,28.9428,
2010-08-13,14.94,25.7576,35.8182,
2010-08-14,14.94,25.7576,35.8182,
2010-08-15,14.94,25.7576,35.8182,
2010-08-16,14.8,24.5791,36.4055,
2010-08-17,14.85,28.3492,36.8664,
2010-08-18,15.06,27.9524,38.8018,
2010-08-19,15.16,30.3525,37.3188,
2010-08-20,15.25,28.8007,42.5234,
2010-08-21,15.25,28.8007,42.5234,
2010-08-22,15.25,28.8007,42.5234,
2010-08-23,15.39,29.9831,40.8051,
2010-08-24,15.23,27.7685,39.3413,
2010-08-25,15.01,26.3468,37.3285,
2010-08-26,14.99,25.3344,32.7724,
2010-08-27,14.88,22.3684,29.3913,
2010-08-28,14.88,22.3684,29.3913,
2010-08-29,14.88,22.3684,29.3913,
2010-08-30,14.95,22.9441,26.91,
2010-08-31,14.84,21.1429,25.9762,
2010-09-01,15.06,23.7469,27.8438,
2010-09-02,15.16,24.1605,27.395,
2010-09-03,15.18,24.4262,25.7664,
2010-09-04,15.18,24.4262,25.7664,
2010-09-05,15.18,24.4262,25.7664,
2010-09-06,15.57,27.623,29.8582,
2010-09-07,15.61,24.3825,30.1918,
2010-09-08,15.67,25.4604,30.6922,
2010-09-09,15.7,27.8502,28.3729,
2010-09-10,15.7,27.8502,28.3729,
2010-09-11,15.7,27.8502,28.3729,
2010-09-12,15.7,27.8502,28.3729,
2010-09-13,15.84,28.9902,31.0174,
2010-09-14,15.71,27.2065,29.9421,
2010-09-15,15.87,26.7572,31.2655,
2010-09-16,15.68,24.3458,29.5868,
2010-09-17,15.83,24.5476,25.3365,
2010-09-18,15.83,24.5476,25.3365,
2010-09-19,15.83,24.5476,25.3365,
2010-09-20,15.9,25.0983,25.0,
2010-09-21,15.74,23.8395,23.7421,
2010-09-22,15.66,22.1529,23.1132,
2010-09-23,15.66,24.1872,20.8333,
2010-09-24,15.77,24.5656,22.533,
2010-09-25,15.77,24.5656,22.533,
2010-09-26,15.77,24.5656,22.533,
2010-09-27,15.83,25.0395,20.8397,
2010-09-28,15.85,25.1975,20.9924,
2010-09-29,15.71,23.2157,19.9237,
2010-09-30,15.63,21.4452,15.9496,
2010-10-01,15.94,23.4702,13.6947,
2010-10-02,15.94,23.4702,13.6947,
2010-10-03,15.94,23.4702,13.6947,
2010-10-04,15.96,23.6251,14.9028,
2010-10-05,16.02,26.6403,15.3348,
2010-10-06,16.26,28.8431,17.0626,
2010-10-07,16.12,26.1346,20.6587,
2010-10-08,16.11,25.2722,10.1162,
2010-10-09,16.11,25.2722,10.1162,
2010-10-10,16.11,25.2722,10.1162,
2010-10-11,16.23,26.2053,12.0856,
2010-10-12,16.08,24.1699,11.0497,
2010-10-13,16.24,25.4054,12.1547,
2010-10-14,16.05,21.6831,5.9406,
2010-10-15,15.79,18.9902,12.6248,
2010-10-16,15.79,18.9902,12.6248,
2010-10-17,15.79,18.9902,12.6248,
2010-10-18,15.73,18.5381,18.0931,
2010-10-19,15.75,18.6888,18.2432,
2010-10-20,15.68,16.6667,17.7177,
2010-10-21,15.91,19.176,18.7313,
2010-10-22,15.82,19.0369,9.6327,
2010-10-23,15.82,19.0369,9.6327,
2010-10-24,15.82,19.0369,9.6327,
2010-10-25,15.93,19.8646,8.0733,
2010-10-26,15.89,22.4191,7.8019,
2010-10-27,15.82,26.8645,7.327,
2010-10-28,15.61,26.6018,3.9281,
2010-10-29,15.53,29.4167,2.8477,
2010-10-30,15.53,29.4167,2.8477,
2010-10-31,15.53,29.4167,2.8477,
2010-11-01,15.77,31.4167,2.7362,
2010-11-02,15.81,31.75,2.9967,
2010-11-03,15.91,38.4682,3.6482,
2010-11-04,16.19,33.1414,6.5132,
2010-11-05,16.19,33.1414,6.5132,
2010-11-06,16.19,33.1414,6.5132,
2010-11-07,16.19,33.1414,6.5132,
2010-11-08,16.25,33.6349,6.9079,
2010-11-09,16.33,32.7642,7.4342,
2010-11-10,16.33,32.3339,7.4342,
2010-11-11,16.12,28.3439,7.4667,
2010-11-12,15.81,26.48,0.5086,
2010-11-13,15.81,26.48,0.5086,
2010-11-14,15.81,26.48,0.5086,
2010-11-15,15.8,26.4,0.3175,
2010-11-16,15.45,21.5578,-1.9048,
2010-11-17,15.45,21.5578,-1.9048,
2010-11-18,15.52,22.301,-3.2419,
2010-11-19,15.22,21.0819,2.1477,
2010-11-20,15.22,21.0819,2.1477,
2010-11-21,15.22,21.0819,2.1477,
2010-11-22,15.36,22.1957,0.8536,
2010-11-23,15.15,19.2913,-0.5253,
2010-11-24,15.0,17.9245,-1.5102,
2010-11-25,14.67,15.3302,-5.4159,
2010-11-26,14.24,14.7462,-6.7453,
2010-11-27,14.24,14.7462,-6.7453,
2010-11-28,14.24,14.7462,-6.7453,
2010-11-29,14.44,16.3578,-7.5544,
2010-11-30,14.65,15.6275,-6.21,
2010-12-01,14.97,16.8618,-4.1613,
2010-12-02,15.05,17.0295,-6.4636,
2010-12-03,14.81,15.8842,-10.7294,
2010-12-04,14.81,15.8842,-10.7294,
2010-12-05,14.81,15.8842,-10.7294,
2010-12-06,14.81,15.8842,-10.0243,
2010-12-07,14.8,16.4437,-10.0851,
2010-12-08,14.56,13.484,-11.5431,
2010-12-09,14.07,9.6648,-14.4681,
2010-12-10,14.41,11.8789,-13.3494,
2010-12-11,14.41,11.8789,-13.3494,
2010-12-12,14.41,11.8789,-13.3494,
2010-12-13,14.7,14.1304,-11.9233,
2010-12-14,14.9,15.8631,-10.725,
2010-12-15,14.73,15.0781,-11.7436,
2010-12-16,14.76,13.9768,-8.1518,
2010-12-17,14.76,13.9768,-8.1518,
2010-12-18,14.76,13.9768,-8.1518,
2010-12-19,14.76,13.9768,-8.1518,
2010-12-20,14.76,13.9768,-8.1518,
2010-12-21,14.87,15.4503,-7.4673,
2010-12-22,14.81,14.2747,-7.8407,
2010-12-23,14.77,12.4905,-10.5932,
2010-12-24,14.94,12.8399,-11.9104,
2010-12-25,14.94,12.8399,-11.9104,
2010-12-26,14.94,12.8399,-11.9104,
2010-12-27,14.83,12.0091,-13.2749,
2010-12-28,14.74,11.3293,-13.8012,
2010-12-29,14.88,11.2108,-12.9825,
2010-12-30,14.94,11.1607,-14.1379,
2010-12-31,15.09,11.4476,-16.6759,
2011-01-01,15.09,11.4476,-16.6759,
2011-01-02,15.09,11.4476,-16.6759,
2011-01-03,15.19,12.1861,-16.5843,
2011-01-04,15.18,11.2088,-16.6392,
2011-01-05,15.04,8.9066,-17.408,
2011-01-06,14.92,8.3515,-17.9769,
2011-01-07,14.54,4.755,-15.3667,
2011-01-08,14.54,4.755,-15.3667,
2011-01-09,14.54,4.755,-15.3667,
2011-01-10,14.16,2.0173,-17.5786,
2011-01-11,14.1,0.6424,-17.9278,
2011-01-12,14.28,2.219,-16.8801,
2011-01-13,14.15,1.0714,-18.4438,
2011-01-14,13.94,-1.4144,-15.2584,
2011-01-15,13.94,-1.4144,-15.2584,
2011-01-16,13.94,-1.4144,-15.2584,
2011-01-17,13.74,-2.8289,-13.093,
2011-01-18,13.81,-3.0877,-12.6502,
2011-01-19,13.83,-2.1231,-12.5237,
2011-01-20,13.82,-1.9858,-1.0029,
2011-01-21,13.78,0.0726,1.3981,
2011-01-22,13.78,0.0726,1.3981,
2011-01-23,13.78,0.0726,1.3981,
2011-01-24,13.82,0.3631,-4.6897,
2011-01-25,13.73,1.1046,-5.3103,
2011-01-26,13.73,1.1046,-5.3103,
2011-01-27,13.48,2.7439,-5.7343,
2011-01-28,13.19,-0.3776,-5.3123,
2011-01-29,13.19,-0.3776,-5.3123,
2011-01-30,13.19,-0.3776,-5.3123,
2011-01-31,13.17,-0.5287,-6.3966,
2011-02-01,13.0,-3.7037,-7.6048,
2011-02-02,13.09,-2.0942,-6.9652,
2011-02-03,13.37,-1.0363,-7.6019,
2011-02-04,13.1,1.3148,-5.4152,
2011-02-05,13.1,1.3148,-5.4152,
2011-02-06,13.1,1.3148,-5.4152,
2011-02-07,13.06,1.0054,-3.8999,
2011-02-08,12.7,-2.6074,-6.5489,
2011-02-09,12.3,-6.25,-9.4923,
2011-02-10,12.27,-6.5499,-2.3866,
2011-02-11,12.53,-5.434,-3.2432,
2011-02-12,12.53,-5.434,-3.2432,
2011-02-13,12.53,-5.434,-3.2432,
2011-02-14,12.99,-1.9623,-1.7398,
2011-02-15,12.94,-2.6336,-2.118,
2011-02-16,12.97,-2.9918,-1.8911,
2011-02-17,13.11,-2.31,-0.6818,
2011-02-18,12.83,-2.4335,-1.2317,
2011-02-19,12.83,-2.4335,-1.2317,
2011-02-20,12.83,-2.4335,-1.2317,
2011-02-21,12.9,-1.9011,1.018,
2011-02-22,12.84,-2.2087,0.5482,
2011-02-23,12.82,-1.6871,0.3915,
2011-02-24,12.51,-3.621,-3.1734,
2011-02-25,12.52,-3.9877,-4.5732,
2011-02-26,12.52,-3.9877,-4.5732,
2011-02-27,12.52,-3.9877,-4.5732,
2011-02-28,12.65,-2.9908,-2.6923,
2011-03-01,13.01,-2.6926,0.0769,
2011-03-02,13.01,-2.6926,0.0769,
2011-03-03,12.94,-4.0059,4.6079,
2011-03-04,12.91,-4.6529,5.5601,
2011-03-05,12.91,-4.6529,5.5601,
2011-03-06,12.91,-4.6529,5.5601,
2011-03-07,12.76,-5.7607,9.0598,
2011-03-08,12.83,-5.6618,9.6581,
2011-03-09,12.88,-5.1546,10.0855,
2011-03-10,12.82,-5.7353,7.5503,
2011-03-11,12.68,-6.4207,11.1306,
2011-03-12,12.68,-6.4207,11.1306,
2011-03-13,12.68,-6.4207,11.1306,
2011-03-14,12.81,-5.4613,9.8628,
2011-03-15,12.63,-6.5137,8.319,
2011-03-16,12.74,-6.3924,9.2624,
2011-03-17,12.71,-6.8864,16.3919,
2011-03-18,12.6,-8.7618,17.3184,
2011-03-19,12.6,-8.7618,17.3184,
2011-03-20,12.6,-8.7618,17.3184,
2011-03-21,12.55,-9.1238,16.8529,
2011-03-22,12.67,-7.383,17.9702,
2011-03-23,12.79,-6.5741,19.0875,
2011-03-24,12.88,-5.9167,21.9697,
2011-03-25,13.08,-4.4558,14.5359,
2011-03-26,13.08,-4.4558,14.5359,
2011-03-27,13.08,-4.4558,14.5359,
2011-03-28,13.13,-4.0906,10.989,
2011-03-29,13.14,-4.2972,11.0735,
2011-03-30,13.2,-4.0698,11.5807,
2011-03-31,13.25,-4.1938,14.5203,
2011-04-01,13.39,-4.0143,16.4348,
2011-04-02,13.39,-4.0143,16.4348,
2011-04-03,13.39,-4.0143,16.4348,
2011-04-04,13.62,-2.3656,21.1744,
2011-04-05,13.72,-2.5568,22.0641,
2011-04-06,13.74,-3.2394,22.242,
2011-04-07,13.79,-2.9557,20.9649,
2011-04-08,13.63,-4.1491,19.0393,
2011-04-09,13.63,-4.1491,19.0393,
2011-04-10,13.63,-4.1491,19.0393,
2011-04-11,13.46,-5.0776,16.436,
2011-04-12,13.46,-5.0776,16.436,
2011-04-13,13.66,-3.5992,18.1661,
2011-04-14,13.66,-3.5992,18.1661,
2011-04-15,13.6,-4.2928,13.9983,
2011-04-16,13.6,-4.2928,13.9983,
2011-04-17,13.6,-4.2928,13.9983,
2011-04-18,13.46,-5.278,12.8248,
2011-04-19,13.5,-4.5936,13.1601,
2011-04-20,13.65,-4.4118,14.4174,
2011-04-21,13.64,-5.4747,12.5413,
2011-04-22,13.64,-5.4747,12.5413,
2011-04-23,13.64,-5.4747,12.5413,
2011-04-24,13.64,-5.4747,12.5413,
2011-04-25,13.64,-5.4747,10.7143,
2011-04-26,13.63,-6.8353,10.6331,
2011-04-27,13.57,-7.1184,10.1461,
2011-04-28,13.5,-6.38,9.0468,
2011-04-29,13.41,-7.6446,6.4286,
2011-04-30,13.41,-7.6446,6.4286,
2011-05-01,13.41,-7.6446,6.4286,
2011-05-02,13.33,-8.1956,3.8971,
2011-05-03,13.04,-9.8825,1.6368,
2011-05-04,12.99,-9.351,1.2471,
2011-05-05,12.85,-9.6978,0.3123,
2011-05-06,12.93,-7.4445,3.8554,
2011-05-07,12.93,-7.4445,3.8554,
2011-05-08,12.93,-7.4445,3.8554,
2011-05-09,13.04,-6.6571,8.126,
2011-05-10,13.06,-8.4793,8.2919,
2011-05-11,13.1,-7.8114,8.6235,
2011-05-12,12.96,-8.7966,8.0,
2011-05-13,13.1,-7.8114,7.6417,
2011-05-14,13.1,-7.8114,7.6417,
2011-05-15,13.1,-7.8114,7.6417,
2011-05-16,13.0,-8.5151,5.6052,
2011-05-17,12.88,-8.9753,4.6304,
2011-05-18,12.77,-9.8164,3.7368,
2011-05-19,12.79,-7.6534,3.8993,
2011-05-20,12.86,-5.9942,7.7955,
2011-05-21,12.86,-5.9942,7.7955,
2011-05-22,12.86,-5.9942,7.7955,
2011-05-23,12.63,-7.6754,7.8565,
2011-05-24,12.62,-7.7485,7.7711,
2011-05-25,12.57,-5.8427,7.3442,
2011-05-26,12.68,-6.6961,10.6457,
2011-05-27,12.82,-7.7034,13.0511,
2011-05-28,12.82,-7.7034,13.0511,
2011-05-29,12.82,-7.7034,13.0511,
2011-05-30,12.83,-7.6314,14.3494,
2011-05-31,13.05,-6.8522,16.3102,
2011-06-01,13.12,-5.2708,16.934,
2011-06-02,12.98,-6.2816,18.8645,
2011-06-03,12.89,-8.0599,21.2606,
2011-06-04,12.89,-8.0599,21.2606,
2011-06-05,12.89,-8.0599,21.2606,
2011-06-06,12.88,-8.1312,22.55,
2011-06-07,12.92,-6.3768,22.9305,
2011-06-08,12.89,-5.7059,22.6451,
2011-06-09,12.89,-6.3227,26.4966,
2011-06-10,12.82,-8.4939,24.9513,
2011-06-11,12.82,-8.4939,24.9513,
2011-06-12,12.82,-8.4939,24.9513,
2011-06-13,12.84,-8.3512,25.7591,
2011-06-14,12.86,-8.988,25.9549,
2011-06-15,12.74,-10.2817,24.7796,
2011-06-16,12.63,-11.1814,21.6763,
2011-06-17,12.56,-11.7978,23.1373,
2011-06-18,12.56,-11.7978,23.1373,
2011-06-19,12.56,-11.7978,23.1373,
2011-06-20,12.32,-13.4831,25.0761,
2011-06-21,12.3,-14.8199,24.8731,
2011-06-22,12.27,-14.5543,24.5685,
2011-06-23,12.31,-14.6916,29.171,
2011-06-24,12.58,-11.2835,32.5606,
2011-06-25,12.58,-11.2835,32.5606,
2011-06-26,12.58,-11.2835,32.5606,
2011-06-27,12.75,-10.0846,38.8889,
2011-06-28,12.77,-10.9484,39.1068,
2011-06-29,12.84,-9.322,39.8693,
2011-06-30,12.88,-9.1678,45.5367,
2011-07-01,12.91,-8.2445,51.3482,
2011-07-02,12.91,-8.2445,51.3482,
2011-07-03,12.91,-8.2445,51.3482,
2011-07-04,13.01,-7.5338,48.6857,
2011-07-05,12.92,-8.4986,47.6571,
2011-07-06,12.94,-8.6158,47.8857,
2011-07-07,13.14,-6.9405,48.307,
2011-07-08,12.98,-9.7357,42.4808,
2011-07-09,12.98,-9.7357,42.4808,
2011-07-10,12.98,-9.7357,42.4808,
2011-07-11,12.91,-10.2225,45.2193,
2011-07-12,12.75,-11.6424,43.4196,
2011-07-13,12.93,-11.256,45.4443,
2011-07-14,13.0,-10.9589,46.7269,
2011-07-15,12.93,-11.4384,51.7606,
2011-07-16,12.93,-11.4384,51.7606,
2011-07-17,12.93,-11.4384,51.7606,
2011-07-18,12.94,-11.3699,48.3945,
2011-07-19,12.98,-10.7904,48.8532,
2011-07-20,12.85,-11.3793,47.3624,
2011-07-21,12.83,-12.1233,46.2942,
2011-07-22,13.04,-10.6849,39.7642,
2011-07-23,13.04,-10.6849,39.7642,
2011-07-24,13.04,-10.6849,39.7642,
2011-07-25,13.17,-9.7945,43.6205,
2011-07-26,12.96,-10.8052,41.3304,
2011-07-27,12.92,-11.1417,40.8942,
2011-07-28,12.78,-11.8621,38.6117,
2011-07-29,12.6,-13.8167,39.2265,
2011-07-30,12.6,-13.8167,39.2265,
2011-07-31,12.6,-13.8167,39.2265,
2011-08-01,12.68,-13.2695,37.6764,
2011-08-02,12.56,-14.9628,36.3735,
2011-08-03,12.47,-16.0269,35.3963,
2011-08-04,12.36,-16.8796,32.9032,
2011-08-05,12.11,-18.5061,25.6224,
2011-08-06,12.11,-18.5061,25.6224,
2011-08-07,12.11,-18.5061,25.6224,
2011-08-08,11.96,-19.5155,24.1952,
2011-08-09,11.86,-21.0386,23.1568,
2011-08-10,12.01,-19.8799,24.7144,
2011-08-11,11.97,-19.2852,21.5228,
2011-08-12,11.9,-20.3481,24.0876,
2011-08-13,11.9,-20.3481,24.0876,
2011-08-14,11.9,-20.3481,24.0876,
2011-08-15,11.9,-20.3481,24.0876,
2011-08-16,11.8,-20.2703,23.0448,
2011-08-17,11.79,-20.6061,22.9406,
2011-08-18,11.6,-22.9748,22.1053,
2011-08-19,11.39,-25.3115,22.3416,
2011-08-20,11.39,-25.3115,22.3416,
2011-08-21,11.39,-25.3115,22.3416,
2011-08-22,11.52,-24.459,23.0769,
2011-08-23,11.58,-24.7563,23.7179,
2011-08-24,11.44,-24.8851,22.2222,
2011-08-25,11.4,-24.0506,21.7949,
2011-08-26,11.18,-24.8656,21.7865,
2011-08-27,11.18,-24.8656,21.7865,
2011-08-28,11.18,-24.8656,21.7865,
2011-08-29,11.46,-22.9839,21.6561,
2011-08-30,11.59,-23.0412,23.2979,
2011-08-31,11.59,-23.0412,23.2979,
2011-09-01,11.59,-23.0412,23.2979,
2011-09-02,11.74,-22.6614,22.1644,
2011-09-03,11.74,-22.6614,22.1644,
2011-09-04,11.74,-22.6614,22.1644,
2011-09-05,11.69,-22.9908,23.1823,
2011-09-06,11.74,-24.5986,23.7092,
2011-09-07,11.91,-23.7028,25.5005,
2011-09-08,11.96,-23.6758,23.9378,
2011-09-09,11.76,-25.0955,25.7754,
2011-09-10,11.76,-25.0955,25.7754,
2011-09-11,11.76,-25.0955,25.7754,
2011-09-12,11.54,-26.4968,25.0271,
2011-09-13,11.49,-27.4621,24.4854,
2011-09-14,11.58,-26.289,25.4605,
2011-09-15,11.69,-26.339,31.6441,
2011-09-16,11.76,-25.7107,35.0172,
2011-09-17,11.76,-25.7107,35.0172,
2011-09-18,11.76,-25.7107,35.0172,
2011-09-19,11.68,-26.216,30.2118,
2011-09-20,11.83,-25.5975,31.8841,
2011-09-21,11.86,-24.6506,32.2185,
2011-09-22,11.44,-26.9476,26.8293,
2011-09-23,11.35,-28.0279,29.124,
2011-09-24,11.35,-28.0279,29.124,
2011-09-25,11.35,-28.0279,29.124,
2011-09-26,11.17,-29.1693,31.5665,
2011-09-27,11.43,-27.7953,34.629,
2011-09-28,11.34,-28.4543,33.5689,
2011-09-29,11.41,-27.3711,40.5172,
2011-09-30,11.23,-29.5483,35.4644,
2011-10-01,11.23,-29.5483,35.4644,
2011-10-02,11.23,-29.5483,35.4644,
2011-10-03,11.08,-30.4893,37.6398,
2011-10-04,10.86,-31.9549,34.9068,
2011-10-05,10.79,-33.6408,43.2935,
2011-10-06,10.79,-33.6408,43.2935,
2011-10-07,10.98,-31.8436,54.6479,
2011-10-08,10.98,-31.8436,54.6479,
2011-10-09,10.98,-31.8436,54.6479,
2011-10-10,11.17,-30.6642,69.7568,
2011-10-11,11.21,-30.9304,70.3647,
2011-10-12,11.37,-29.291,72.7964,
2011-10-13,11.29,-30.4803,60.8262,
2011-10-14,11.33,-28.2457,70.3759,
2011-10-15,11.33,-28.2457,70.3759,
2011-10-16,11.33,-28.2457,70.3759,
2011-10-17,11.3,-28.4357,76.5625,
2011-10-18,11.19,-28.862,74.8437,
2011-10-19,11.35,-27.9365,77.3437,
2011-10-20,11.26,-28.1888,76.7661,
2011-10-21,11.16,-29.4564,92.0826,
2011-10-22,11.16,-29.4564,92.0826,
2011-10-23,11.16,-29.4564,92.0826,
2011-10-24,11.22,-29.0771,116.185,
2011-10-25,11.33,-28.3818,126.6,
2011-10-26,11.33,-28.3818,126.6,
2011-10-27,11.33,-28.3818,126.6,
2011-10-28,11.69,-24.7263,116.4815,
2011-10-29,11.69,-24.7263,116.4815,
2011-10-30,11.69,-24.7263,116.4815,
2011-10-31,11.61,-25.2415,100.8651,
2011-11-01,11.49,-27.1401,98.7889,
2011-11-02,11.45,-27.5775,98.0969,
2011-11-03,11.51,-27.6556,87.7651,
2011-11-04,11.54,-28.7214,87.3377,
2011-11-05,11.54,-28.7214,87.3377,
2011-11-06,11.54,-28.7214,87.3377,
2011-11-07,11.54,-28.7214,87.3377,
2011-11-08,11.53,-29.0462,87.1753,
2011-11-09,11.35,-30.496,75.1543,
2011-11-10,11.35,-30.496,75.1543,
2011-11-11,11.26,-28.7793,87.98,
2011-11-12,11.26,-28.7793,87.98,
2011-11-13,11.26,-28.7793,87.98,
2011-11-14,11.16,-29.4118,89.1525,
2011-11-15,10.94,-30.7595,85.4237,
2011-11-16,10.81,-30.0324,83.2203,
2011-11-17,10.63,-31.1974,84.5486,
2011-11-18,10.58,-30.4862,102.682,
2011-11-19,10.58,-30.4862,102.682,
2011-11-20,10.58,-30.4862,102.682,
2011-11-21,10.4,-31.6689,92.5926,
2011-11-22,10.4,-32.2917,92.5926,
2011-11-23,10.21,-32.6073,89.0741,
2011-11-24,10.35,-31.0,91.6667,
2011-11-25,10.36,-27.2472,94.0075,
2011-11-26,10.36,-27.2472,94.0075,
2011-11-27,10.36,-27.2472,94.0075,
2011-11-28,10.59,-25.632,99.0602,
2011-11-29,10.49,-27.3546,97.1805,
2011-11-30,10.54,-28.0546,98.1203,
2011-12-01,10.62,-29.0581,104.2308,
2011-12-02,10.81,-27.0088,99.0792,
2011-12-03,10.81,-27.0088,99.0792,
2011-12-04,10.81,-27.0088,99.0792,
2011-12-05,10.8,-27.0763,102.6266,
2011-12-06,10.8,-27.0763,102.6266,
2011-12-07,10.82,-26.8919,103.0019,
2011-12-08,10.57,-27.4038,96.4684,
2011-12-09,10.41,-27.7585,80.7292,
2011-12-10,10.41,-27.7585,80.7292,
2011-12-11,10.41,-27.7585,80.7292,
2011-12-12,10.21,-29.1464,74.8288,
2011-12-13,10.24,-30.3401,75.3425,
2011-12-14,10.12,-32.0805,73.2877,
2011-12-15,10.1,-31.4325,65.8456,
2011-12-16,9.97,-32.4526,63.1751,
2011-12-17,9.97,-32.4526,63.1751,
2011-12-18,9.97,-32.4526,63.1751,
2011-12-19,9.87,-33.1301,59.1935,
2011-12-20,9.76,-33.8753,57.4194,
2011-12-21,9.95,-33.0868,60.4839,
2011-12-22,10.07,-32.0054,65.082,
2011-12-23,10.05,-32.7309,73.5751,
2011-12-24,10.05,-32.7309,73.5751,
2011-12-25,10.05,-32.7309,73.5751,
2011-12-26,10.15,-32.0616,79.646,
2011-12-27,10.13,-31.6925,79.292,
2011-12-28,10.06,-31.7503,78.0531,
2011-12-29,9.99,-32.8629,73.4375,
2011-12-30,9.96,-33.996,62.4796,
2011-12-31,9.96,-33.996,62.4796,
2012-01-01,9.96,-33.996,62.4796,
2012-01-02,9.98,-33.8635,59.9359,
2012-01-03,10.2,-32.8506,63.4615,
2012-01-04,10.2,-32.8063,63.4615,
2012-01-05,10.16,-32.4468,58.2555,
2012-01-06,10.12,-30.3989,70.3704,
2012-01-07,10.12,-30.3989,70.3704,
2012-01-08,10.12,-30.3989,70.3704,
2012-01-09,10.1,-30.5365,77.193,
2012-01-10,10.3,-27.2599,80.7018,
2012-01-11,10.38,-26.383,82.1053,
2012-01-12,10.41,-27.1008,85.8929,
2012-01-13,10.51,-24.6055,93.1985,
2012-01-14,10.51,-24.6055,93.1985,
2012-01-15,10.51,-24.6055,93.1985,
2012-01-16,10.54,-24.3902,90.5967,
2012-01-17,10.75,-21.7613,94.3942,
2012-01-18,10.74,-22.2303,94.2134,
2012-01-19,10.96,-20.752,96.4158,
2012-01-20,10.97,-20.3919,106.9811,
2012-01-21,10.97,-20.3919,106.9811,
2012-01-22,10.97,-20.3919,106.9811,
2012-01-23,10.98,-20.3193,111.9691,
2012-01-24,11.11,-19.6093,114.4788,
2012-01-25,11.2,-18.4268,116.2162,
2012-01-26,11.2,-18.4268,116.2162,
2012-01-27,11.37,-13.7983,112.1269,
2012-01-28,11.37,-13.7983,112.1269,
2012-01-29,11.37,-13.7983,112.1269,
2012-01-30,11.03,-16.376,102.3853,
2012-01-31,11.27,-14.4267,106.789,
2012-02-01,11.44,-12.0,109.9083,
2012-02-02,11.62,-11.2299,118.0113,
2012-02-03,11.8,-9.9237,126.0536,
2012-02-04,11.8,-9.9237,126.0536,
2012-02-05,11.8,-9.9237,126.0536,
2012-02-06,11.89,-9.2366,126.0456,
2012-02-07,11.75,-10.0306,123.384,
2012-02-08,11.88,-6.4567,125.8555,
2012-02-09,11.96,-2.7642,121.8924,
2012-02-10,11.92,-4.8683,115.5515,
2012-02-11,11.92,-4.8683,115.5515,
2012-02-12,11.92,-4.8683,115.5515,
2012-02-13,11.89,-5.1077,111.943,
2012-02-14,11.99,-7.6982,113.7255,
2012-02-15,12.3,-4.9459,119.2513,
2012-02-16,12.36,-4.7032,126.789,
2012-02-17,12.43,-3.1177,139.9614,
2012-02-18,12.43,-3.1177,139.9614,
2012-02-19,12.43,-3.1177,139.9614,
2012-02-20,12.43,-3.1177,139.9614,
2012-02-21,12.55,-2.7132,142.278,
2012-02-22,12.1,-5.7632,133.5907,
2012-02-23,12.0,-6.3963,131.6602,
2012-02-24,11.84,-5.4313,128.5714,
2012-02-25,11.84,-5.4313,128.5714,
2012-02-26,11.84,-5.4313,128.5714,
2012-02-27,11.45,-8.5463,121.8992,
2012-02-28,11.84,-6.4032,129.4574,
2012-02-29,11.91,-8.455,130.814,
2012-03-01,11.83,-9.0699,135.6574,
2012-03-02,11.8,-8.598,147.3795,
2012-03-03,11.8,-8.598,147.3795,
2012-03-04,11.8,-8.598,147.3795,
2012-03-05,11.66,-9.6824,144.958,
2012-03-06,11.5,-9.8746,141.5966,
2012-03-07,11.42,-11.3354,145.0644,
2012-03-08,11.42,-11.3354,145.0644,
2012-03-09,11.67,-7.9653,147.7707,
2012-03-10,11.67,-7.9653,147.7707,
2012-03-11,11.67,-7.9653,147.7707,
2012-03-12,11.83,-6.7035,143.4156,
2012-03-13,11.97,-6.5574,146.2963,
2012-03-14,12.06,-4.5131,148.1481,
2012-03-15,11.87,-6.8289,138.3534,
2012-03-16,11.73,-6.9048,125.144,
2012-03-17,11.73,-6.9048,125.144,
2012-03-18,11.73,-6.9048,125.144,
2012-03-19,11.56,-8.254,121.0325,
2012-03-20,11.58,-7.7291,121.4149,
2012-03-21,11.76,-7.1823,124.8566,
2012-03-22,11.44,-10.5551,109.9083,
2012-03-23,11.49,-12.156,108.1522,
2012-03-24,11.49,-12.156,108.1522,
2012-03-25,11.49,-12.156,108.1522,
2012-03-26,11.24,-14.0673,96.8476,
2012-03-27,11.31,-13.8614,98.0736,
2012-03-28,11.22,-14.6119,96.4974,
2012-03-29,11.26,-14.697,104.7273,
2012-03-30,11.54,-13.8163,87.034,14.9402
2012-03-31,11.54,-13.8163,87.034,14.9402
2012-04-01,11.54,-13.8163,87.034,14.9402
2012-04-02,11.65,-12.9948,88.8169,15.9204
2012-04-03,11.77,-13.583,90.7618,16.8818
2012-04-04,11.74,-13.8665,77.6097,15.8934
2012-04-05,11.74,-13.8665,77.6097,15.8934
2012-04-06,11.74,-13.8665,77.6097,15.8934
2012-04-07,11.74,-13.8665,77.6097,15.8934
2012-04-08,11.74,-13.8665,77.6097,15.8934
2012-04-09,11.55,-15.2605,74.7352,14.0178
2012-04-10,11.54,-14.2645,74.584,13.9191
2012-04-11,11.48,-14.7103,73.6762,12.9921
2012-04-12,11.58,-15.2269,65.6652,13.9764
2012-04-13,11.52,-15.2941,66.474,12.7202
2012-04-14,11.52,-15.2941,66.474,12.7202
2012-04-15,11.52,-15.2941,66.474,12.7202
2012-04-16,11.55,-15.0735,67.1491,12.9032
2012-04-17,11.72,-12.9272,69.6093,14.6771
2012-04-18,11.77,-12.8148,70.3329,14.6056
2012-04-19,11.78,-13.6996,68.2857,14.703
2012-04-20,11.62,-14.8094,68.8953,12.7061
2012-04-21,11.62,-14.8094,68.8953,12.7061
2012-04-22,11.62,-14.8094,68.8953,12.7061
2012-04-23,11.38,-16.5689,63.5057,10.2713
2012-04-24,11.34,-16.8622,62.931,10.0971
2012-04-25,11.25,-17.4615,61.6379,9.4358
2012-04-26,11.18,-17.6124,61.5607,8.7549
2012-04-27,11.16,-16.7785,64.3594,8.0348
2012-04-28,11.16,-16.7785,64.3594,8.0348
2012-04-29,11.16,-16.7785,64.3594,8.0348
2012-04-30,11.27,-15.4539,65.9794,8.6789
2012-05-01,11.27,-15.4539,65.9794,8.6789
2012-05-02,11.22,-13.9571,65.243,8.3012
2012-05-03,11.03,-15.0885,57.1225,6.4672
2012-05-04,10.8,-16.4733,48.3516,4.6512
2012-05-05,10.8,-16.4733,48.3516,4.6512
2012-05-06,10.8,-16.4733,48.3516,4.6512
2012-05-07,10.86,-16.0093,47.9564,5.1307
2012-05-08,10.7,-17.9448,45.7766,3.4816
2012-05-09,10.55,-19.219,43.733,1.9324
2012-05-10,10.52,-19.6947,45.3039,1.6425
2012-05-11,10.42,-20.458,38.9333,0.1923
2012-05-12,10.42,-20.458,38.9333,0.1923
2012-05-13,10.42,-20.458,38.9333,0.1923
2012-05-14,10.29,-21.4504,34.8624,-1.3423
2012-05-15,10.41,-19.9231,36.4351,-0.5731
2012-05-16,10.23,-20.5745,34.076,-2.5714
2012-05-17,10.25,-19.7338,34.3381,-2.381
2012-05-18,10.24,-20.3733,1.0859,-2.8463
2012-05-19,10.24,-20.3733,1.0859,-2.8463
2012-05-20,10.24,-20.3733,1.0859,-2.8463
2012-05-21,10.36,-19.4401,0.7782,-1.4272
2012-05-22,10.25,-18.844,-0.2918,-2.2879
2012-05-23,10.17,-19.4136,-1.07,-3.235
2012-05-24,10.29,-18.1384,-2.1863,-2.0932
2012-05-25,10.4,-18.8768,-2.8037,-1.6083
2012-05-26,10.4,-18.8768,-2.8037,-1.6083
2012-05-27,10.4,-18.8768,-2.8037,-1.6083
2012-05-28,10.57,-17.5507,-3.8217,0.3799
2012-05-29,10.63,-17.1473,-3.2757,0.7583
2012-05-30,10.58,-18.9272,-3.7307,0.0
2012-05-31,10.58,-19.3598,-6.5371,0.0
2012-06-01,10.45,-18.9294,-11.5157,-1.4151
2012-06-02,10.45,-18.9294,-11.5157,-1.4151
2012-06-03,10.45,-18.9294,-11.5157,-1.4151
2012-06-04,10.45,-18.9294,-12.111,-0.8539
2012-06-05,10.48,-18.6335,-11.8587,-0.3802
2012-06-06,10.79,-16.4861,-9.2515,2.6641
2012-06-07,10.9,-15.4383,-2.5045,3.7108
2012-06-08,10.98,-14.3526,-5.6701,5.0718
2012-06-09,10.98,-14.3526,-5.6701,5.0718
2012-06-10,10.98,-14.3526,-5.6701,5.0718
2012-06-11,10.97,-14.4306,-4.0245,5.0766
2012-06-12,11.1,-13.5514,-2.8871,5.5133
2012-06-13,11.07,-13.9191,-3.1496,4.6314
2012-06-14,10.87,-14.6782,-2.7728,2.741
2012-06-15,11.03,-12.1815,1.5654,3.3739
2012-06-16,11.03,-12.1815,1.5654,3.3739
2012-06-17,11.03,-12.1815,1.5654,3.3739
2012-06-18,10.89,-13.2962,-1.0,1.3023
2012-06-19,10.95,-11.1201,-0.4545,1.2015
2012-06-20,11.04,-10.2439,0.3636,1.6575
2012-06-21,11.17,-8.965,2.1024,2.8545
2012-06-22,11.18,-11.1288,1.4519,2.0073
2012-06-23,11.18,-11.1288,1.4519,2.0073
2012-06-24,11.18,-11.1288,1.4519,2.0073
2012-06-25,11.12,-11.6057,-0.3584,1.7383
2012-06-26,11.17,-12.3922,0.0896,2.0091
2012-06-27,11.25,-11.9029,0.8065,1.9946
2012-06-28,11.25,-12.3832,-0.5305,1.9946
2012-06-29,11.51,-10.8443,1.3204,3.3214
2012-06-30,11.51,-10.8443,1.3204,3.3214
2012-07-01,11.51,-10.8443,1.3204,3.3214
2012-07-02,11.55,-10.5345,0.4348,2.758
2012-07-03,11.59,-10.9147,0.7826,3.6673
2012-07-04,11.68,-9.5975,1.5652,3.8222
2012-07-05,11.78,-8.9645,6.6063,4.7111
2012-07-06,11.71,-9.7843,6.165,3.081
2012-07-07,11.71,-9.7843,6.165,3.081
2012-07-08,11.71,-9.7843,6.165,3.081
2012-07-09,11.58,-10.7858,6.3361,0.7833
2012-07-10,11.74,-9.0627,7.8053,-0.4241
2012-07-11,11.66,-8.549,7.0707,-1.6863
2012-07-12,11.55,-10.6729,7.342,-2.6138
2012-07-13,11.49,-11.1369,3.794,-3.038
2012-07-14,11.49,-11.1369,3.794,-3.038
2012-07-15,11.49,-11.1369,3.794,-3.038
2012-07-16,11.44,-11.5236,2.1429,-3.2967
2012-07-17,11.39,-11.9784,1.6964,-4.3661
2012-07-18,11.45,-11.7874,2.2321,-3.6195
2012-07-19,11.47,-10.7393,1.5943,-3.4512
2012-07-20,11.38,-12.7301,0.2643,-5.7167
2012-07-21,11.38,-12.7301,0.2643,-5.7167
2012-07-22,11.38,-12.7301,0.2643,-5.7167
2012-07-23,11.14,-14.5706,-3.2986,-6.934
2012-07-24,11.18,-15.1101,-2.9514,-7.2199
2012-07-25,11.09,-14.429,-3.7326,-4.8069
2012-07-26,10.95,-15.2477,-5.3587,-6.0086
2012-07-27,11.0,-12.6984,-7.2513,-7.3294
2012-07-28,11.0,-12.6984,-7.2513,-7.3294
2012-07-29,11.0,-12.6984,-7.2513,-7.3294
2012-07-30,11.25,-10.7143,-5.3827,-1.2291
2012-07-31,11.25,-11.2776,-5.3827,-1.5748
2012-08-01,11.35,-9.6338,-4.5416,-2.5751
2012-08-02,11.33,-9.1419,-5.9751,-2.7468
2012-08-03,11.23,-7.2667,-6.7276,-3.6878
2012-08-04,11.23,-7.2667,-6.7276,-3.6878
2012-08-05,11.23,-7.2667,-6.7276,-3.6878
2012-08-06,11.39,-5.9455,-3.8007,-3.4746
2012-08-07,11.5,-3.8462,-2.8716,-0.7765
2012-08-08,11.44,-3.5413,-3.3784,0.1751
2012-08-09,11.38,-5.2456,-1.8966,-0.3503
2012-08-10,11.32,-4.8739,-4.6335,-1.4795
2012-08-11,11.32,-4.8739,-4.6335,-1.4795
2012-08-12,11.32,-4.8739,-4.6335,-1.4795
2012-08-13,11.38,-4.3697,-4.2088,-0.9574
2012-08-14,11.45,-2.9661,-3.6195,5.53
2012-08-15,11.45,-2.9661,-3.6195,5.53
2012-08-16,11.47,-2.7142,-0.8643,5.7143
2012-08-17,11.42,0.2634,-3.5473,5.6429
2012-08-18,11.42,0.2634,-3.5473,5.6429
2012-08-19,11.42,0.2634,-3.5473,5.6429
2012-08-20,11.42,0.2634,-3.5473,5.6429
2012-08-21,11.48,-0.3472,-3.0405,7.2897
2012-08-22,11.44,-1.209,-3.3784,4.6661
2012-08-23,11.42,-0.1748,-4.1946,4.4831
2012-08-24,11.3,1.0733,-6.3018,-0.9641
2012-08-25,11.3,1.0733,-6.3018,-0.9641
2012-08-26,11.3,1.0733,-6.3018,-0.9641
2012-08-27,11.19,0.0894,-7.977,-2.8646
2012-08-28,11.11,-3.0541,-8.6349,-3.3913
2012-08-29,11.01,-5.0043,-9.4572,-6.5365
2012-08-30,11.07,-4.4866,-9.6327,-6.0272
2012-08-31,10.99,-6.3884,-9.7701,-8.1104
2012-09-01,10.99,-6.3884,-9.7701,-8.1104
2012-09-02,10.99,-6.3884,-9.7701,-8.1104
2012-09-03,10.93,-6.8995,-10.4098,-8.074
2012-09-04,10.99,-5.988,-9.918,-8.9478
2012-09-05,10.87,-7.4106,-10.9016,-9.3411
2012-09-06,10.88,-8.6482,-13.3068,-9.2577
2012-09-07,11.09,-5.6973,-10.5645,-8.3471
2012-09-08,11.09,-5.6973,-10.5645,-8.3471
2012-09-09,11.09,-5.6973,-10.5645,-8.3471
2012-09-10,11.16,-5.102,-9.1205,-7.9967
2012-09-11,11.15,-3.3795,-9.202,-8.8307
2012-09-12,11.23,-2.2628,-8.5505,-7.1133
2012-09-13,11.18,-3.4542,-9.4737,-7.5269
2012-09-14,11.46,-2.551,-9.0476,-6.1425
2012-09-15,11.46,-2.551,-9.0476,-6.1425
2012-09-16,11.46,-2.551,-9.0476,-6.1425
2012-09-17,11.78,0.1701,-7.3171,-5.6845
2012-09-18,11.85,0.1691,-6.7663,-6.8396
2012-09-19,11.85,0.1691,-6.7663,-6.8396
2012-09-20,11.73,-1.0961,-7.7105,-7.783
2012-09-21,12.1,6.6079,-4.2722,-6.2742
2012-09-22,12.1,6.6079,-4.2722,-6.2742
2012-09-23,12.1,6.6079,-4.2722,-6.2742
2012-09-24,12.19,7.4009,-3.7125,-4.3171
2012-09-25,12.2,9.2211,-3.6335,-5.2059
2012-09-26,12.19,6.6492,-3.7125,-6.9466
2012-09-27,12.14,7.0547,-4.1074,-7.3282
2012-09-28,12.25,9.0828,-5.1123,-9.1246
2012-09-29,12.25,9.0828,-5.1123,-9.1246
2012-09-30,12.25,9.0828,-5.1123,-9.1246
2012-10-01,12.28,10.8303,-4.8799,-12.4108
2012-10-02,12.28,10.8303,-4.8799,-12.4108
2012-10-03,12.36,13.8122,-4.2603,-11.0151
2012-10-04,12.49,15.7553,-1.2648,-10.0792
2012-10-05,12.45,13.388,-3.6378,-10.8805
2012-10-06,12.45,13.388,-3.6378,-10.8805
2012-10-07,12.45,13.388,-3.6378,-10.8805
2012-10-08,12.24,11.4754,-4.8212,-13.4982
2012-10-09,12.34,10.4745,-4.0435,-15.6528
2012-10-10,12.16,8.4746,-5.4432,-16.0221
2012-10-11,12.34,8.5312,-4.7104,-14.779
2012-10-12,12.29,8.4731,-7.0348,-19.7781
2012-10-13,12.29,8.4731,-7.0348,-19.7781
2012-10-14,12.29,8.4731,-7.0348,-19.7781
2012-10-15,12.29,8.4731,-7.3851,-16.9595
2012-10-16,12.13,7.3451,-8.5908,-13.4807
2012-10-17,12.16,8.6685,-8.3647,-8.7087
2012-10-18,12.32,8.5463,-7.159,-7.5075
2012-10-19,12.21,9.4086,-6.6514,-13.5269
2012-10-20,12.21,9.4086,-6.6514,-13.5269
2012-10-21,12.21,9.4086,-6.6514,-13.5269
2012-10-22,12.27,9.9462,-7.6749,-14.0756
2012-10-23,12.26,8.2083,-7.7502,-16.825
2012-10-24,12.26,8.2083,-7.7502,-16.825
2012-10-25,12.25,8.12,-5.624,-16.8928
2012-10-26,12.17,4.1061,0.6617,-18.8667
2012-10-27,12.17,4.1061,0.6617,-18.8667
2012-10-28,12.17,4.1061,0.6617,-18.8667
2012-10-29,12.15,3.935,1.25,-20.7436
2012-10-30,11.87,2.2394,-1.0833,-21.3907
2012-10-31,11.9,3.5683,-0.8333,-22.4756
2012-11-01,11.99,4.7162,-0.0833,-21.8893
2012-11-02,12.1,4.8527,0.8333,-20.8633
2012-11-03,12.1,4.8527,0.8333,-20.8633
2012-11-04,12.1,4.8527,0.8333,-20.8633
2012-11-05,12.06,4.5061,-0.8224,-20.7101
2012-11-06,12.07,4.5927,-0.7401,-20.5921
2012-11-07,12.14,5.2905,-0.1645,-20.1316
2012-11-08,12.08,6.4317,-1.7886,-20.5263
2012-11-09,11.94,6.0391,-4.0964,-22.0118
2012-11-10,11.94,6.0391,-4.0964,-22.0118
2012-11-11,11.94,6.0391,-4.0964,-22.0118
2012-11-12,12.0,9.6892,-4.0,-23.8095
2012-11-13,12.0,9.6892,-4.0,-23.8095
2012-11-14,12.0,9.6892,-4.0,-23.8095
2012-11-15,12.02,11.1933,-5.0553,-23.6825
2012-11-16,11.82,11.7202,-5.1364,-25.2845
2012-11-17,11.82,11.7202,-5.1364,-25.2845
2012-11-18,11.82,11.7202,-5.1364,-25.2845
2012-11-19,11.71,10.6805,-6.8417,-22.1927
2012-11-20,11.65,12.0192,-7.319,-21.8121
2012-11-21,11.74,12.8846,-6.603,-22.9153
2012-11-22,11.78,15.3771,-7.2441,-22.6527
2012-11-23,11.76,13.5135,-6.5183,-23.7354
2012-11-24,11.76,13.5135,-6.5183,-23.7354
2012-11-25,11.76,13.5135,-6.5183,-23.7354
2012-11-26,11.81,13.9961,-4.8348,-22.5066
2012-11-27,11.94,13.8227,-3.7873,-23.5595
2012-11-28,11.94,13.8227,-3.7873,-23.5595
2012-11-29,12.14,15.1803,-4.1831,-22.2791
2012-11-30,12.24,13.2285,-4.9689,-24.6769
2012-12-01,12.24,13.2285,-4.9689,-24.6769
2012-12-02,12.24,13.2285,-4.9689,-24.6769
2012-12-03,12.33,14.0611,-3.5211,-25.5435
2012-12-04,12.36,14.4444,-3.2864,-25.4973
2012-12-05,12.37,14.537,-3.2081,-24.8481
2012-12-06,12.5,15.5268,-1.6522,-24.0583
2012-12-07,12.45,19.5965,-2.9618,-25.0452
2012-12-08,12.45,19.5965,-2.9618,-25.0452
2012-12-09,12.45,19.5965,-2.9618,-25.0452
2012-12-10,12.45,19.5965,-3.3385,-25.5828
2012-12-11,12.37,21.1557,-3.9596,-25.6164
2012-12-12,12.3,20.1172,-4.5031,-26.3032
2012-12-13,12.25,21.0474,-4.7434,-26.6028
2012-12-14,12.39,24.2728,-4.9117,-22.3197
2012-12-15,12.39,24.2728,-4.9117,-22.3197
2012-12-16,12.39,24.2728,-4.9117,-22.3197
2012-12-17,12.43,24.674,-4.0154,-22.4579
2012-12-18,12.55,27.153,-3.0888,-21.9042
2012-12-19,12.64,29.5082,-2.3938,-21.3441
2012-12-20,12.66,27.2362,-1.7081,-21.2197
2012-12-21,12.43,23.6816,-6.1178,-24.7579
2012-12-22,12.43,23.6816,-6.1178,-24.7579
2012-12-23,12.43,23.6816,-6.1178,-24.7579
2012-12-24,12.43,22.4631,-6.1178,-26.7099
2012-12-25,12.43,22.4631,-6.1178,-26.7099
2012-12-26,12.54,23.7907,-5.287,-26.6667
2012-12-27,12.49,24.1551,-5.6647,-26.9591
2012-12-28,12.56,26.1044,-7.2378,-28.433
2012-12-29,12.56,26.1044,-7.2378,-28.433
2012-12-30,12.56,26.1044,-7.2378,-28.433
2012-12-31,12.61,26.6064,-6.8685,-28.9177
2013-01-01,12.82,28.4569,-5.3176,-29.2104
2013-01-02,12.91,26.5686,-4.6529,-29.1049
2013-01-03,12.97,27.1569,-4.9817,-28.7754
2013-01-04,12.97,28.1621,-6.4888,-27.7035
2013-01-05,12.97,28.1621,-6.4888,-27.7035
2013-01-06,12.97,28.1621,-6.4888,-27.7035
2013-01-07,12.95,27.9644,-6.7003,-27.1654
2013-01-08,12.91,27.8218,-6.9885,-24.8545
2013-01-09,12.86,24.8544,-7.3487,-25.1455
2013-01-10,12.84,23.6994,-8.3512,-25.2619
2013-01-11,12.62,20.0761,-10.7496,-25.6773
2013-01-12,12.62,20.0761,-10.7496,-25.6773
2013-01-13,12.62,20.0761,-10.7496,-25.6773
2013-01-14,12.82,21.9791,-9.3352,-22.444
2013-01-15,12.94,22.7704,-8.4866,-21.3374
2013-01-16,12.76,18.6977,-9.7595,-19.2916
2013-01-17,12.85,19.6462,-9.8246,-18.7223
2013-01-18,12.94,17.9581,-6.5704,-0.2313
2013-01-19,12.94,17.9581,-6.5704,-0.2313
2013-01-20,12.94,17.9581,-6.5704,-0.2313
2013-01-21,13.01,18.5962,-5.5192,-7.468
2013-01-22,12.87,17.2131,-6.5359,-5.298
2013-01-23,12.81,15.3015,-6.9717,-11.6552
2013-01-24,12.6,12.5,-7.2165,-13.1034
2013-01-25,12.83,12.8408,-2.7293,-10.7168
2013-01-26,12.83,12.8408,-2.7293,-10.7168
2013-01-27,12.83,12.8408,-2.7293,-10.7168
2013-01-28,12.83,12.8408,-3.0967,-7.9627
2013-01-29,12.69,15.0499,-4.1541,-8.9017
2013-01-30,12.64,12.1562,-4.5317,-10.1635
2013-01-31,12.66,10.6643,-6.2222,-10.0213
2013-02-01,12.57,6.5254,-5.2036,-13.786
2013-02-02,12.57,6.5254,-5.2036,-13.786
2013-02-03,12.57,6.5254,-5.2036,-13.786
2013-02-04,12.51,6.0169,-3.2483,-12.883
2013-02-05,12.42,4.4575,-3.9443,-10.3249
2013-02-06,12.44,5.8723,-3.7896,-8.4621
2013-02-07,12.31,3.6195,-5.5982,-9.4187
2013-02-08,12.19,2.2651,-8.0,-0.571
2013-02-09,12.19,2.2651,-8.0,-0.571
2013-02-10,12.19,2.2651,-8.0,-0.571
2013-02-11,12.17,2.0973,-8.1509,-0.8958
2013-02-12,12.22,2.7754,-7.7736,-5.6371
2013-02-13,12.16,1.4178,-8.2264,-8.0182
2013-02-14,11.99,-2.5203,-9.7818,-9.3041
2013-02-15,11.98,-3.6203,-9.9925,-8.8973
2013-02-16,11.98,-3.6203,-9.9925,-8.8973
2013-02-17,11.98,-3.6203,-9.9925,-8.8973
2013-02-18,12.05,-3.0571,-8.365,-5.7858
2013-02-19,12.18,-2.0113,-7.3764,-6.2356
2013-02-20,12.19,-2.8685,-7.3004,-4.5419
2013-02-21,11.93,-1.405,-9.1394,-6.5779
2013-02-22,11.99,1.2669,-7.6982,-8.7519
2013-02-23,11.99,1.2669,-7.6982,-8.7519
2013-02-24,11.99,1.2669,-7.6982,-8.7519
2013-02-25,11.88,0.3378,-8.8957,-9.8634
2013-02-26,11.65,1.7467,-10.6595,-11.2043
2013-02-27,11.85,0.0845,-9.1258,-8.8462
2013-02-28,11.5,-3.4425,-11.8098,-11.5385
2013-03-01,11.51,-2.4576,-14.4874,-5.8872
2013-03-02,11.51,-2.4576,-14.4874,-5.8872
2013-03-03,11.51,-2.4576,-14.4874,-5.8872
2013-03-04,11.34,-3.8983,-16.2482,-7.2772
2013-03-05,11.55,-0.9434,-14.6972,-5.5601
2013-03-06,11.76,2.2609,-13.1462,0.5128
2013-03-07,11.79,3.2399,-13.3088,0.7692
2013-03-08,11.91,2.0566,-12.1681,-2.7755
2013-03-09,11.91,2.0566,-12.1681,-2.7755
2013-03-10,11.91,2.0566,-12.1681,-2.7755
2013-03-11,11.91,2.0566,-12.1033,-2.297
2013-03-12,11.84,0.0845,-12.6199,3.7686
2013-03-13,11.68,-2.4227,-13.8007,0.1715
2013-03-14,11.85,-1.7413,-12.2872,1.6295
2013-03-15,11.81,0.682,-13.9213,8.6477
2013-03-16,11.81,0.682,-13.9213,8.6477
2013-03-17,11.81,0.682,-13.9213,8.6477
2013-03-18,11.64,-0.7673,-15.7133,8.3799
2013-03-19,11.35,-1.8166,-17.8132,5.6797
2013-03-20,11.08,-4.3178,-19.7683,3.1657
2013-03-21,10.9,-7.3129,-20.3216,1.4898
2013-03-22,10.92,-4.9608,-20.1754,-3.0195
2013-03-23,10.92,-4.9608,-20.1754,-3.0195
2013-03-24,10.92,-4.9608,-20.1754,-3.0195
2013-03-25,10.85,-5.5701,-20.7451,-4.4894
2013-03-26,10.79,-4.5977,-21.1833,-8.7912
2013-03-27,10.79,-4.5977,-21.1833,-8.7912
2013-03-28,10.92,-5.3726,-21.7204,-5.2083
2013-03-29,10.92,-5.3726,-21.7204,-5.2083
2013-03-30,10.92,-5.3726,-21.7204,-5.2083
2013-03-31,10.92,-5.3726,-21.7204,-5.2083
2013-04-01,11.02,-4.5061,-21.0036,-4.5887
2013-04-02,11.2,-3.8627,-19.7133,-2.6087
2013-04-03,11.03,-6.2872,-20.9319,-1.8683
2013-04-04,10.86,-7.4957,-22.8693,-3.3808
2013-04-05,10.85,-7.5809,-23.2673,-4.4053
2013-04-06,10.85,-7.5809,-23.2673,-4.4053
2013-04-07,10.85,-7.5809,-23.2673,-4.4053
2013-04-08,10.89,-7.2402,-23.4177,-4.641
2013-04-09,10.77,-6.7532,-24.2616,-5.9389
2013-04-10,10.86,-5.8925,-23.6287,-6.0554
2013-04-11,10.87,-5.3136,-23.3427,-5.9689
2013-04-12,10.89,-5.4687,-23.4715,-6.9231
2013-04-13,10.89,-5.4687,-23.4715,-6.9231
2013-04-14,10.89,-5.4687,-23.4715,-6.9231
2013-04-15,10.99,-4.6007,-22.6601,-6.2287
2013-04-16,11.19,-3.1169,-21.2526,-6.2028
2013-04-17,11.19,-4.5222,-21.2526,-6.2028
2013-04-18,11.34,-2.4096,-21.1405,-7.8798
2013-04-19,11.34,-2.4096,-21.1405,-7.8798
2013-04-20,11.34,-2.4096,-21.1405,-7.8798
2013-04-21,11.34,-2.4096,-21.1405,-7.8798
2013-04-22,11.47,-1.2909,-20.5128,-6.52
2013-04-23,11.42,0.7055,-20.8593,-7.3052
2013-04-24,11.42,0.7055,-20.8593,-7.3052
2013-04-25,11.5,2.2222,-21.3944,-6.6558
2013-04-26,11.36,1.7921,-21.6011,-9.3376
2013-04-27,11.36,1.7921,-21.6011,-9.3376
2013-04-28,11.36,1.7921,-21.6011,-9.3376
2013-04-29,11.42,2.3297,-21.3499,-9.3651
2013-04-30,11.35,0.7098,-21.832,-11.5355
2013-05-01,11.35,0.7098,-21.832,-11.5355
2013-05-02,11.49,2.4064,-20.5943,-10.4443
2013-05-03,11.35,5.0926,-19.788,-9.5618
2013-05-04,11.35,5.0926,-19.788,-9.5618
2013-05-05,11.35,5.0926,-19.788,-9.5618
2013-05-06,11.38,5.3704,-18.5397,-9.178
2013-05-07,11.46,5.5249,-17.9671,-7.9518
2013-05-08,11.46,7.1028,-17.9671,-4.9751
2013-05-09,11.42,8.2464,-19.972,-5.3068
2013-05-10,11.47,10.0768,-20.2919,-4.1771
2013-05-11,11.47,10.0768,-20.2919,-4.1771
2013-05-12,11.47,10.0768,-20.2919,-4.1771
2013-05-13,11.27,8.1574,-20.6897,-6.2396
2013-05-14,11.33,10.1069,-20.2674,-6.9022
2013-05-15,11.66,12.0077,-17.9451,-5.2803
2013-05-16,11.84,15.738,-16.3251,-3.818
2013-05-17,11.93,16.5039,-13.0466,-1.8107
2013-05-18,11.93,16.5039,-13.0466,-1.8107
2013-05-19,11.93,16.5039,-13.0466,-1.8107
2013-05-20,11.8,15.2344,-13.7427,-3.3579
2013-05-21,11.64,12.3552,-14.9123,-2.4308
2013-05-22,11.47,11.9024,-16.155,-2.0495
2013-05-23,11.04,8.5546,-19.2982,-5.7216
2013-05-24,11.15,7.2115,-18.4942,-1.7621
2013-05-25,11.15,7.2115,-18.4942,-1.7621
2013-05-26,11.15,7.2115,-18.4942,-1.7621
2013-05-27,11.26,8.2692,-18.9345,-2.087
2013-05-28,11.32,7.0956,-18.5025,-0.1764
2013-05-29,11.24,5.7385,-19.0785,0.1783
2013-05-30,11.19,5.7656,-20.1285,-0.2674
2013-05-31,10.91,4.4019,-22.0714,0.9251
2013-06-01,10.91,4.4019,-22.0714,0.9251
2013-06-02,10.91,4.4019,-22.0714,0.9251
2013-06-03,10.86,3.9234,-22.5392,3.3302
2013-06-04,10.85,3.8278,-22.6106,2.0696
2013-06-05,10.88,3.8168,-22.3966,3.5205
2013-06-06,10.9,1.0195,-21.0145,3.7108
2013-06-07,10.81,-1.5483,-22.1182,7.0297
2013-06-08,10.81,-1.5483,-22.1182,7.0297
2013-06-09,10.81,-1.5483,-22.1182,7.0297
2013-06-10,10.7,-2.5501,-23.626,5.2114
2013-06-11,10.45,-4.7402,-25.4104,1.8519
2013-06-12,10.43,-6.036,-25.5532,2.1548
2013-06-13,10.23,-7.5881,-27.6008,0.1959
2013-06-14,10.47,-5.0771,-26.8855,-0.9461
2013-06-15,10.47,-5.0771,-26.8855,-0.9461
2013-06-16,10.47,-5.0771,-26.8855,-0.9461
2013-06-17,10.48,-4.9864,-26.4045,0.4794
2013-06-18,10.46,-3.9486,-26.5449,2.549
2013-06-19,10.45,-4.5662,-26.6152,6.0914
2013-06-20,10.13,-8.2428,-29.8476,2.8426
2013-06-21,10.02,-10.3757,-29.9301,6.937
2013-06-22,10.02,-10.3757,-29.9301,6.937
2013-06-23,10.02,-10.3757,-29.9301,6.937
2013-06-24,9.76,-12.7013,-31.1707,3.0623
2013-06-25,9.79,-11.9604,-30.9591,3.1612
2013-06-26,9.72,-12.9812,-31.4528,5.8824
2013-06-27,9.81,-12.8,-31.59,6.8627
2013-06-28,10.12,-12.0765,-28.3286,18.7793
2013-06-29,10.12,-12.0765,-28.3286,18.7793
2013-06-30,10.12,-12.0765,-28.3286,18.7793
2013-07-01,10.36,-9.9913,-26.3682,17.7273
2013-07-02,10.28,-10.9957,-26.9367,20.5158
2013-07-03,9.93,-14.3227,-29.4243,13.4857
2013-07-04,10.03,-14.1267,-28.966,14.6286
2013-07-05,10.08,-13.9197,-29.4612,14.5455
2013-07-06,10.08,-13.9197,-29.4612,14.5455
2013-07-07,10.08,-13.9197,-29.4612,14.5455
2013-07-08,9.97,-14.8591,-30.6676,9.5604
2013-07-09,10.04,-13.2988,-30.1808,10.2086
2013-07-10,9.99,-14.9063,-30.5285,12.3735
2013-07-11,10.2,-12.5214,-29.3139,14.7357
2013-07-12,10.22,-11.0531,-29.8559,19.2532
2013-07-13,10.22,-11.0531,-29.8559,19.2532
2013-07-14,10.22,-11.0531,-29.8559,19.2532
2013-07-15,10.3,-10.3568,-29.4521,22.7652
2013-07-16,10.05,-12.1503,-31.1644,17.9577
2013-07-17,9.97,-12.4671,-31.7123,14.3349
2013-07-18,10.13,-11.5284,-30.378,16.1697
2013-07-19,10.1,-11.2478,-30.9638,12.9754
2013-07-20,10.1,-11.2478,-30.9638,12.9754
2013-07-21,10.1,-11.2478,-30.9638,12.9754
2013-07-22,10.02,-11.9508,-31.3699,6.823
2013-07-23,10.1,-9.3357,-30.8219,8.2529
2013-07-24,9.88,-11.6279,-32.3288,7.7426
2013-07-25,9.78,-11.8124,-32.691,6.6521
2013-07-26,9.69,-11.9091,-33.3104,8.7542
2013-07-27,9.69,-11.9091,-33.3104,8.7542
2013-07-28,9.69,-11.9091,-33.3104,8.7542
2013-07-29,9.56,-13.0909,-34.6101,5.2863
2013-07-30,9.34,-16.9778,-36.1149,3.2044
2013-07-31,9.37,-16.7111,-35.9097,1.7372
2013-08-01,9.13,-19.5595,-38.1855,-0.8686
2013-08-02,8.93,-20.4809,-40.1875,-6.2959
2013-08-03,8.93,-20.4809,-40.1875,-6.2959
2013-08-04,8.93,-20.4809,-40.1875,-6.2959
2013-08-05,8.95,-20.3028,-39.7712,-5.8885
2013-08-06,8.66,-23.9684,-41.7227,-10.166
2013-08-07,8.84,-23.1304,-40.5114,-8.2035
2013-08-08,8.97,-20.7597,-39.7177,-8.4694
2013-08-09,8.97,-20.7597,-39.7177,-8.4694
2013-08-10,8.97,-20.7597,-39.7177,-8.4694
2013-08-11,8.97,-20.7597,-39.7177,-8.4694
2013-08-12,9.07,-19.8763,-39.2905,-7.2597
2013-08-13,9.26,-18.6292,-38.0187,-3.4411
2013-08-14,9.39,-17.9913,-36.5541,-2.0855
2013-08-15,9.39,-17.9913,-36.5541,-2.0855
2013-08-16,8.98,-21.366,-40.7652,-5.074
2013-08-17,8.98,-21.366,-40.7652,-5.074
2013-08-18,8.98,-21.366,-40.7652,-5.074
2013-08-19,8.78,-23.1173,-42.4262,-7.6761
2013-08-20,8.82,-22.7671,-42.1639,-5.2632
2013-08-21,8.61,-25.0,-43.541,-8.0128
2013-08-22,8.78,-23.2517,-42.95,-6.1966
2013-08-23,8.86,-21.5929,-40.8939,-5.5437
2013-08-24,8.86,-21.5929,-40.8939,-5.5437
2013-08-25,8.86,-21.5929,-40.8939,-5.5437
2013-08-26,8.86,-21.5929,-40.457,-4.6286
2013-08-27,8.54,-23.6819,-42.6075,-6.9717
2013-08-28,8.48,-23.6724,-43.0108,-9.9788
2013-08-29,8.61,-21.7984,-42.408,-8.5987
2013-08-30,8.61,-21.6561,-43.2058,-9.8429
2013-08-31,8.61,-21.6561,-43.2058,-9.8429
2013-09-01,8.61,-21.6561,-43.2058,-9.8429
2013-09-02,8.72,-20.6551,-42.556,-8.6911
2013-09-03,8.43,-22.8728,-44.4664,-12.2789
2013-09-04,8.59,-21.838,-43.4124,-9.4837
2013-09-05,8.9,-18.1233,-42.8388,-6.2171
2013-09-06,9.1,-17.9441,-42.0382,-4.2105
2013-09-07,9.1,-17.9441,-42.0382,-4.2105
2013-09-08,9.1,-17.9441,-42.0382,-4.2105
2013-09-09,9.1,-17.9441,-42.0382,-4.2105
2013-09-10,9.29,-16.7563,-40.828,-0.6417
2013-09-11,9.44,-15.3363,-39.8726,2.2752
2013-09-12,9.37,-16.5628,-40.846,1.5168
2013-09-13,9.47,-17.3647,-39.6046,6.8849
2013-09-14,9.47,-17.3647,-39.6046,6.8849
2013-09-15,9.47,-17.3647,-39.6046,6.8849
2013-09-16,9.47,-17.3647,-40.1769,8.3524
2013-09-17,9.4,-20.2037,-40.6191,7.9219
2013-09-18,9.48,-20.0,-40.1137,5.6856
2013-09-19,9.9,-16.4557,-37.7358,10.3679
2013-09-20,9.67,-20.0826,-38.2503,9.6372
2013-09-21,9.67,-20.0826,-38.2503,9.6372
2013-09-22,9.67,-20.0826,-38.2503,9.6372
2013-09-23,9.4,-22.314,-40.3932,6.0948
2013-09-24,9.41,-22.8056,-40.3297,7.0535
2013-09-25,9.43,-22.7049,-40.2029,11.0718
2013-09-26,9.46,-22.3954,-40.2401,11.4252
2013-09-27,9.39,-23.3469,-39.9232,14.3727
2013-09-28,9.39,-23.3469,-39.9232,14.3727
2013-09-29,9.39,-23.3469,-39.9232,14.3727
2013-09-30,9.23,-24.6531,-42.0954,11.339
2013-10-01,9.24,-24.7557,-42.0326,14.7826
2013-10-02,9.24,-24.7557,-42.0326,14.7826
2013-10-03,9.46,-23.4628,-40.7268,17.5155
2013-10-04,9.49,-23.7751,-41.129,27.7254
2013-10-05,9.49,-23.7751,-41.129,27.7254
2013-10-06,9.49,-23.7751,-41.129,27.7254
2013-10-07,9.51,-23.6145,-40.9683,33.9437
2013-10-08,9.59,-21.6503,-40.4718,35.0704
2013-10-09,9.73,-21.1507,-39.6027,47.8723
2013-10-10,9.74,-19.9013,-39.9877,48.0243
2013-10-11,9.84,-19.9349,-38.6916,36.8567
2013-10-12,9.84,-19.9349,-38.6916,36.8567
2013-10-13,9.84,-19.9349,-38.6916,36.8567
2013-10-14,9.86,-19.7722,-37.5554,45.2135
2013-10-15,9.76,-19.5383,-38.1887,52.5
2013-10-16,9.76,-19.5383,-38.1887,52.5
2013-10-17,9.74,-19.9013,-38.0801,52.1875
2013-10-18,9.95,-18.5094,-37.4607,52.8418
2013-10-19,9.95,-18.5094,-37.4607,52.8418
2013-10-20,9.95,-18.5094,-37.4607,52.8418
2013-10-21,10.09,-17.3628,-36.22,61.6987
2013-10-22,10.15,-17.2779,-35.8407,74.6988
2013-10-23,10.15,-17.2104,-35.8407,95.5684
2013-10-24,10.17,-17.0473,-36.1582,95.9538
2013-10-25,10.07,-17.2555,-35.4901,101.4
2013-10-26,10.07,-17.2555,-35.4901,101.4
2013-10-27,10.07,-17.2555,-35.4901,101.4
2013-10-28,9.96,-18.1594,-35.8661,84.4444
2013-10-29,10.18,-16.214,-34.4495,88.5185
2013-10-30,10.28,-13.3951,-33.8055,77.8547
2013-10-31,10.44,-12.2689,-33.7984,80.6228
2013-11-01,10.6,-12.3967,-34.5275,73.7705
2013-11-02,10.6,-12.3967,-34.5275,73.7705
2013-11-03,10.6,-12.3967,-34.5275,73.7705
2013-11-04,10.6,-12.3967,-34.5275,73.7705
2013-11-05,10.65,-11.6915,-34.2187,78.0936
2013-11-06,10.61,-12.0961,-34.4657,72.2403
2013-11-07,10.42,-14.168,-35.8769,69.1558
2013-11-08,10.41,-12.8141,-35.4218,68.4466
2013-11-09,10.41,-12.8141,-35.4218,68.4466
2013-11-10,10.41,-12.8141,-35.4218,68.4466
2013-11-11,10.2,-14.5729,-35.4839,70.2838
2013-11-12,10.07,-16.0833,-36.3061,68.1135
2013-11-13,10.02,-16.5,-36.6224,69.8305
2013-11-14,10.25,-13.2826,-33.9562,85.0181
2013-11-15,10.25,-13.2826,-33.9562,85.0181
2013-11-16,10.25,-13.2826,-33.9562,85.0181
2013-11-17,10.25,-13.2826,-33.9562,85.0181
2013-11-18,10.43,-11.7597,-31.4717,92.4354
2013-11-19,10.52,-10.1623,-30.8804,101.5326
2013-11-20,10.39,-10.8155,-31.7346,92.4074
2013-11-21,10.16,-13.4583,-33.8542,88.1481
2013-11-22,10.21,-13.1803,-30.4022,94.1065
2013-11-23,10.21,-13.1803,-30.4022,94.1065
2013-11-24,10.21,-13.1803,-30.4022,94.1065
2013-11-25,10.43,-11.3095,-26.7556,95.3184
2013-11-26,10.38,-12.1084,-27.1067,94.382
2013-11-27,10.43,-12.6466,-26.7556,96.0526
2013-11-28,10.53,-11.809,-27.0776,97.9323
2013-11-29,10.74,-12.2549,-28.6379,109.7656
2013-11-30,10.74,-12.2549,-28.6379,109.7656
2013-12-01,10.74,-12.2549,-28.6379,109.7656
2013-12-02,10.84,-11.4379,-26.8062,108.0614
2013-12-03,10.84,-12.0843,-26.8062,99.6317
2013-12-04,10.81,-12.5405,-27.0088,102.8143
2013-12-05,11.09,-10.3476,-25.1182,108.0675
2013-12-06,11.19,-10.1205,-20.4691,107.9926
2013-12-07,11.19,-10.1205,-20.4691,107.9926
2013-12-08,11.19,-10.1205,-20.4691,107.9926
2013-12-09,11.38,-8.5944,-21.0271,102.1314
2013-12-10,11.24,-9.7189,-21.9986,95.1389
2013-12-11,11.11,-10.1859,-22.9008,90.2397
2013-12-12,11.01,-10.4878,-25.102,88.5274
2013-12-13,10.83,-12.5908,-26.626,72.7273
2013-12-14,10.83,-12.5908,-26.626,72.7273
2013-12-15,10.83,-12.5908,-26.626,72.7273
2013-12-16,10.8,-12.8329,-26.8293,81.2081
2013-12-17,10.81,-13.033,-26.7615,76.9231
2013-12-18,11.0,-12.3506,-25.4743,77.4194
2013-12-19,10.84,-14.2405,-26.5583,74.8387
2013-12-20,11.06,-11.0217,-25.1185,87.4576
2013-12-21,11.06,-11.0217,-25.1185,87.4576
2013-12-22,11.06,-11.0217,-25.1185,87.4576
2013-12-23,11.16,-10.2172,-25.3012,92.7461
2013-12-24,11.18,-10.0563,-25.1673,97.8761
2013-12-25,11.18,-10.0563,-25.1673,97.8761
2013-12-26,11.23,-10.4466,-24.2751,98.7611
2013-12-27,11.25,-10.4299,-24.6988,90.3553
2013-12-28,11.25,-10.4299,-24.6988,90.3553
2013-12-29,11.25,-10.4299,-24.6988,90.3553
2013-12-30,11.19,-10.9076,-25.8449,87.7517
2013-12-31,11.3,-10.3886,-25.116,84.3393
2014-01-01,11.33,-11.6225,-24.9172,81.5705
2014-01-02,11.04,-14.4849,-27.3206,76.9231
2014-01-03,10.97,-15.4202,-26.4745,70.0775
2014-01-04,10.97,-15.4202,-26.4745,70.0775
2014-01-05,10.97,-15.4202,-26.4745,70.0775
2014-01-06,10.89,-16.037,-25.1032,83.3333
2014-01-07,10.76,-16.9112,-25.9972,81.1448
2014-01-08,10.78,-16.4988,-25.8597,89.1228
2014-01-09,10.73,-16.563,-24.2232,88.2456
2014-01-10,10.65,-15.6101,-24.735,95.0549
2014-01-11,10.65,-15.6101,-24.735,95.0549
2014-01-12,10.65,-15.6101,-24.735,95.0549
2014-01-13,10.78,-14.58,-22.6686,94.5848
2014-01-14,10.73,-16.3027,-23.0273,97.2426
2014-01-15,10.83,-16.306,-22.3099,95.8409
2014-01-16,10.75,-15.7524,-21.7613,94.3942
2014-01-17,10.67,-17.5425,-22.7931,92.2523
2014-01-18,10.67,-17.5425,-22.7931,92.2523
2014-01-19,10.67,-17.5425,-22.7931,92.2523
2014-01-20,10.67,-17.5425,-22.5689,98.3271
2014-01-21,10.74,-17.4481,-22.061,102.6415
2014-01-22,10.78,-16.2393,-21.7707,108.1081
2014-01-23,10.8,-15.6909,-21.8524,108.4942
2014-01-24,10.61,-17.3032,-21.2908,100.5671
2014-01-25,10.61,-17.3032,-21.2908,100.5671
2014-01-26,10.61,-17.3032,-21.2908,100.5671
2014-01-27,10.28,-19.8753,-22.0622,90.0185
2014-01-28,10.3,-19.7194,-21.9105,92.1642
2014-01-29,10.28,-18.9913,-22.0622,88.6239
2014-01-30,10.17,-19.5411,-22.779,86.6055
2014-01-31,10.34,-17.7407,-22.6627,95.8333
2014-02-01,10.34,-17.7407,-22.6627,95.8333
2014-02-02,10.34,-17.7407,-22.6627,95.8333
2014-02-03,10.19,-18.934,-22.2137,93.3586
2014-02-04,10.29,-17.7458,-21.4504,97.1264
2014-02-05,10.29,-17.1498,-21.4504,95.6274
2014-02-06,10.3,-17.2026,-21.1332,95.8175
2014-02-07,10.36,-15.0123,-15.5664,90.0917
2014-02-08,10.36,-15.0123,-15.5664,90.0917
2014-02-09,10.36,-15.0123,-15.5664,90.0917
2014-02-10,10.36,-15.0123,-17.3184,87.3418
2014-02-11,10.42,-14.3796,-16.8396,88.4268
2014-02-12,10.48,-14.239,-16.3607,86.8093
2014-02-13,10.3,-15.2961,-20.7082,83.6007
2014-02-14,10.34,-13.6895,-21.1289,94.7269
2014-02-15,10.34,-13.6895,-21.1289,94.7269
2014-02-16,10.34,-13.6895,-21.1289,94.7269
2014-02-17,10.41,-13.1052,-18.862,96.4151
2014-02-18,10.52,-12.6971,-18.0047,98.8658
2014-02-19,10.54,-13.4647,-17.8488,103.4749
2014-02-20,10.45,-14.274,-18.9922,101.7375
2014-02-21,10.55,-12.01,-15.6675,104.4574
2014-02-22,10.55,-12.01,-15.6675,104.4574
2014-02-23,10.55,-12.01,-15.6675,104.4574
2014-02-24,10.62,-11.4262,-15.1757,105.0193
2014-02-25,10.61,-10.6902,-15.2556,104.8263
2014-02-26,10.64,-10.211,-15.8893,106.2016
2014-02-27,10.64,-10.211,-15.8893,106.2016
2014-02-28,10.7,-7.0374,-17.3107,118.3673
2014-03-01,10.7,-7.0374,-17.3107,118.3673
2014-03-02,10.7,-7.0374,-17.3107,118.3673
2014-03-03,10.69,-7.1242,-17.196,117.7189
2014-03-04,10.88,-4.0564,-15.7242,128.0922
2014-03-05,11.0,-4.7619,-14.7947,131.0924
2014-03-06,11.19,-4.8469,-12.3041,135.084
2014-03-07,11.48,-3.6104,-10.4524,146.3519
2014-03-08,11.48,-3.6104,-10.4524,146.3519
2014-03-09,11.48,-3.6104,-10.4524,146.3519
2014-03-10,11.57,-2.8547,-8.7539,148.2833
2014-03-11,11.59,-2.6868,-8.5962,146.0722
2014-03-12,11.56,-2.3649,-8.8328,137.8601
2014-03-13,11.62,-0.5137,-9.2896,139.0947
2014-03-14,11.58,-1.9475,-8.0952,121.8391
2014-03-15,11.58,-1.9475,-8.0952,121.8391
2014-03-16,11.58,-1.9475,-8.0952,121.8391
2014-03-17,11.58,-1.9475,-8.0952,121.8391
2014-03-18,11.67,0.2577,-7.381,123.9923
2014-03-19,11.71,3.1718,-7.0635,123.9006
2014-03-20,11.55,4.2419,-7.9681,120.8413
2014-03-21,11.58,6.044,-10.0932,116.8539
2014-03-22,11.58,6.044,-10.0932,116.8539
2014-03-23,11.58,6.044,-10.0932,116.8539
2014-03-24,11.77,7.7839,-10.0153,117.5601
2014-03-25,11.86,9.3088,-9.3272,114.8551
2014-03-26,11.95,10.7507,-8.6391,109.282
2014-03-27,12.09,12.0482,-7.9208,111.7338
2014-03-28,12.31,12.7289,-7.0943,114.8342
2014-03-29,12.31,12.7289,-7.0943,114.8342
2014-03-30,12.31,12.7289,-7.0943,114.8342
2014-03-31,12.4,13.5531,-7.3936,110.8844
2014-04-01,12.32,11.7967,-7.991,99.6759
2014-04-02,12.46,11.25,-6.9455,101.9449
2014-04-03,12.4,12.4207,-8.9574,100.9724
2014-04-04,12.35,13.8249,-10.4423,94.795
2014-04-05,12.35,13.8249,-10.4423,94.795
2014-04-06,12.35,13.8249,-10.4423,94.795
2014-04-07,12.36,13.4986,-9.3177,86.9894
2014-04-08,12.36,13.4986,-9.3177,86.9894
2014-04-09,12.65,17.4559,-7.19,91.3767
2014-04-10,12.78,17.6796,-5.052,93.3434
2014-04-11,12.65,16.1616,-6.9853,71.875
2014-04-12,12.65,16.1616,-6.9853,71.875
2014-04-13,12.65,16.1616,-6.9853,71.875
2014-04-14,12.65,16.1616,-6.9853,71.875
2014-04-15,12.51,13.8308,-8.0147,80.7803
2014-04-16,12.37,10.5451,-9.0441,79.0159
2014-04-17,12.65,11.552,-7.2581,81.4921
2014-04-18,12.65,11.552,-7.2581,81.4921
2014-04-19,12.65,11.552,-7.2581,81.4921
2014-04-20,12.65,11.552,-7.2581,81.4921
2014-04-21,12.85,13.3157,-5.7918,88.1406
2014-04-22,12.89,12.3801,-5.4985,87.3547
2014-04-23,12.96,13.4851,-4.9853,86.2069
2014-04-24,12.96,13.4851,-4.9853,86.2069
2014-04-25,12.86,13.2042,-4.7407,93.6747
2014-04-26,12.86,13.2042,-4.7407,93.6747
2014-04-27,12.86,13.2042,-4.7407,93.6747
2014-04-28,12.83,12.9401,-4.3251,88.9543
2014-04-29,12.7,11.2084,-5.2946,87.0398
2014-04-30,12.54,10.4846,-5.9265,84.6834
2014-05-01,12.54,10.4846,-5.9265,84.6834
2014-05-02,12.52,10.3084,-2.5681,75.3501
2014-05-03,12.52,10.3084,-2.5681,75.3501
2014-05-04,12.52,10.3084,-2.5681,75.3501
2014-05-05,12.56,10.6608,-2.8616,77.4011
2014-05-06,12.64,11.0721,-2.2428,73.6264
2014-05-07,12.66,10.4712,-2.0882,72.4796
2014-05-08,12.68,10.6457,-2.7607,72.752
2014-05-09,13.06,13.8622,0.7716,76.9648
2014-05-10,13.06,13.8622,0.7716,76.9648
2014-05-11,13.06,13.8622,0.7716,76.9648
2014-05-12,13.35,16.3906,1.9084,80.6495
2014-05-13,13.63,20.9406,4.0458,81.7333
2014-05-14,13.8,21.8005,5.3435,80.865
2014-05-15,13.82,18.5249,6.3077,81.1271
2014-05-16,14.3,19.8659,11.8061,52.9412
2014-05-17,14.3,19.8659,11.8061,52.9412
2014-05-18,14.3,19.8659,11.8061,52.9412
2014-05-19,15.21,27.4937,18.2737,49.8522
2014-05-20,15.14,28.3051,17.7294,49.4571
2014-05-21,15.06,29.3814,17.1073,46.4981
2014-05-22,15.23,32.7812,20.5859,48.1518
2014-05-23,15.59,39.8206,22.9495,50.7737
2014-05-24,15.59,39.8206,22.9495,50.7737
2014-05-25,15.59,39.8206,22.9495,50.7737
2014-05-26,15.48,38.8341,20.7488,45.7627
2014-05-27,15.36,36.4121,19.8128,43.5514
2014-05-28,15.32,35.3357,19.5008,39.3995
2014-05-29,15.2,35.2313,18.4723,38.3076
2014-05-30,15.28,40.055,17.7196,34.9823
2014-05-31,15.28,40.055,17.7196,34.9823
2014-06-01,15.28,40.055,17.7196,34.9823
2014-06-02,15.81,44.9129,22.6532,37.0017
2014-06-03,15.99,47.2376,24.0497,35.3937
2014-06-04,16.14,48.7558,25.2133,35.7443
2014-06-05,16.46,51.2868,27.795,38.4357
2014-06-06,16.71,54.5791,29.6354,45.8115
2014-06-07,16.71,54.5791,29.6354,45.8115
2014-06-08,16.71,54.5791,29.6354,45.8115
2014-06-09,16.89,56.2442,31.7473,43.6224
2014-06-10,16.69,55.9813,30.1872,43.3849
2014-06-11,16.43,57.2249,28.1591,43.7445
2014-06-12,16.45,57.7181,28.1153,43.9195
2014-06-13,16.0,52.8176,26.6825,40.3509
2014-06-14,16.0,52.8176,26.6825,40.3509
2014-06-15,16.0,52.8176,26.6825,40.3509
2014-06-16,16.02,53.0086,27.5478,44.4545
2014-06-17,16.37,56.2023,30.3344,50.7366
2014-06-18,16.22,55.0669,29.1401,47.4545
2014-06-19,16.02,53.3014,30.0325,45.6364
2014-06-20,15.88,58.483,29.0008,44.8905
2014-06-21,15.88,58.483,29.0008,44.8905
2014-06-22,15.88,58.483,29.0008,44.8905
2014-06-23,15.98,59.481,27.027,44.2238
2014-06-24,16.25,66.4959,29.1733,47.4592
2014-06-25,16.24,65.8836,29.0938,45.5197
2014-06-26,16.06,65.2263,25.9608,43.9068
2014-06-27,15.99,58.004,24.146,43.9244
2014-06-28,15.99,58.004,24.146,43.9244
2014-06-29,15.99,58.004,24.146,43.9244
2014-06-30,16.36,61.6601,26.7235,44.6508
2014-07-01,16.55,59.749,28.1952,45.6866
2014-07-02,16.76,63.035,29.8218,45.7391
2014-07-03,16.68,67.9758,28.2091,45.0435
2014-07-04,16.72,65.873,27.2451,51.3122
2014-07-05,16.72,65.873,27.2451,51.3122
2014-07-06,16.72,65.873,27.2451,51.3122
2014-07-07,16.73,65.9722,28.8906,52.2293
2014-07-08,16.04,60.8826,23.5747,45.4216
2014-07-09,15.96,58.9641,22.9584,46.5565
2014-07-10,16.02,60.3604,24.0899,47.1074
2014-07-11,15.5,51.6634,19.2308,42.7256
2014-07-12,15.5,51.6634,19.2308,42.7256
2014-07-13,15.5,51.6634,19.2308,42.7256
2014-07-14,15.64,53.0333,20.959,41.9238
2014-07-15,15.96,54.9515,23.4339,44.1734
2014-07-16,16.23,61.4925,25.522,44.9107
2014-07-17,16.4,64.4935,26.7388,46.4286
2014-07-18,16.34,61.7822,27.3578,45.5031
2014-07-19,16.34,61.7822,27.3578,45.5031
2014-07-20,16.34,61.7822,27.3578,45.5031
2014-07-21,16.3,61.3861,25.0,45.9266
2014-07-22,16.34,63.0739,25.3067,43.9648
2014-07-23,16.38,62.1782,25.6135,42.1875
2014-07-24,16.45,66.498,24.9051,42.7951
2014-07-25,16.19,67.0795,26.6823,38.3761
2014-07-26,16.19,67.0795,26.6823,38.3761
2014-07-27,16.19,67.0795,26.6823,38.3761
2014-07-28,16.05,67.887,27.381,35.3288
2014-07-29,16.05,67.887,27.381,35.3288
2014-07-30,16.07,72.0557,27.5397,35.1556
2014-07-31,16.01,70.8645,26.2618,34.651
2014-08-01,15.86,77.6036,28.3172,30.535
2014-08-02,15.86,77.6036,28.3172,30.535
2014-08-03,15.86,77.6036,28.3172,30.535
2014-08-04,16.03,79.5073,32.3699,30.8571
2014-08-05,16.13,80.2235,33.1957,33.9701
2014-08-06,15.97,84.4111,31.8745,34.8818
2014-08-07,15.95,80.4299,33.3612,34.7128
2014-08-08,15.65,74.4705,30.7435,33.6465
2014-08-09,15.65,74.4705,30.7435,33.6465
2014-08-10,15.65,74.4705,30.7435,33.6465
2014-08-11,15.76,75.6968,32.437,34.8161
2014-08-12,15.88,75.0827,33.4454,33.7826
2014-08-13,15.59,68.3585,31.0084,31.229
2014-08-14,15.79,75.8352,36.1207,34.1546
2014-08-15,15.79,75.8352,36.1207,34.1546
2014-08-16,15.79,75.8352,36.1207,34.1546
2014-08-17,15.79,75.8352,36.1207,34.1546
2014-08-18,16.11,79.3987,41.4399,38.5211
2014-08-19,16.3,85.6492,43.108,39.3162
2014-08-20,16.2,83.6735,42.23,36.8243
2014-08-21,16.27,88.9663,41.2326,37.4155
2014-08-22,16.32,84.1986,43.1579,37.3737
2014-08-23,16.32,84.1986,43.1579,37.3737
2014-08-24,16.32,84.1986,43.1579,37.3737
2014-08-25,16.15,82.2799,44.4544,35.0334
2014-08-26,16.05,81.1512,43.5599,33.0846
2014-08-27,16.17,89.3443,44.6333,32.977
2014-08-28,16.2,88.1533,39.7757,33.1142
2014-08-29,16.2,88.1533,39.7757,33.1142
2014-08-30,16.2,88.1533,39.7757,33.1142
2014-08-31,16.2,88.1533,39.7757,33.1142
2014-09-01,16.5,91.6376,40.5451,35.1351
2014-09-02,16.6,90.367,41.3969,36.289
2014-09-03,16.67,97.7461,41.9932,36.6393
2014-09-04,16.54,92.5495,41.4885,35.5738
2014-09-05,16.61,82.5275,38.8796,32.9864
2014-09-06,16.61,82.5275,38.8796,32.9864
2014-09-07,16.61,82.5275,38.8796,32.9864
2014-09-08,16.78,84.3956,42.6871,35.6508
2014-09-09,16.93,86.044,43.9626,36.5323
2014-09-10,16.85,81.3778,43.2823,37.215
2014-09-11,16.97,79.7669,47.0537,38.1922
2014-09-12,16.98,79.3031,45.2524,35.623
2014-09-13,16.98,79.3031,45.2524,35.623
2014-09-14,16.98,79.3031,45.2524,35.623
2014-09-15,16.95,78.9863,44.1327,34.4171
2014-09-16,16.47,73.9176,40.051,30.7143
2014-09-17,16.53,75.8511,40.5612,30.0551
2014-09-18,16.86,77.8481,44.3493,32.6515
2014-09-19,16.73,73.0093,46.2413,30.4992
2014-09-20,16.73,73.0093,46.2413,30.4992
2014-09-21,16.73,73.0093,46.2413,30.4992
2014-09-22,16.78,73.5264,47.8414,33.069
2014-09-23,16.5,75.5319,45.3744,30.538
2014-09-24,16.34,73.6451,43.9648,29.0679
2014-09-25,15.92,68.8229,42.5246,25.7504
2014-09-26,16.17,72.2045,41.7178,26.8235
2014-09-27,16.17,72.2045,41.7178,26.8235
2014-09-28,16.17,72.2045,41.7178,26.8235
2014-09-29,16.22,72.737,44.4346,26.0295
2014-09-30,16.22,75.7313,44.4346,25.639
2014-10-01,16.09,69.5469,46.5392,25.8998
2014-10-02,16.09,69.5469,46.5392,25.8998
2014-10-03,16.09,69.5469,46.5392,25.8998
2014-10-04,16.09,69.5469,46.5392,25.8998
2014-10-05,16.09,69.5469,46.5392,25.8998
2014-10-06,16.09,69.5469,46.5392,25.8998
2014-10-07,15.89,67.0873,44.7177,22.9876
2014-10-08,15.86,65.3806,44.4444,23.3281
2014-10-09,16.17,66.1871,44.7628,25.7387
2014-10-10,15.88,61.3821,40.6554,22.6255
2014-10-11,15.88,61.3821,40.6554,22.6255
2014-10-12,15.88,61.3821,40.6554,22.6255
2014-10-13,15.97,62.2967,40.9532,21.0766
2014-10-14,15.94,63.3197,40.6884,20.1206
2014-10-15,15.94,63.3197,40.6884,20.1206
2014-10-16,15.62,60.041,38.2301,17.7091
2014-10-17,15.76,58.392,39.9645,17.2619
2014-10-18,15.76,58.392,39.9645,17.2619
2014-10-19,15.76,58.392,39.9645,17.2619
2014-10-20,16.06,61.407,43.9068,20.2996
2014-10-21,16.17,60.2577,44.8925,23.6239
2014-10-22,16.29,61.7676,43.7776,30.6335
2014-10-23,16.29,61.7676,43.7776,30.6335
2014-10-24,16.29,61.7676,43.7776,30.6335
2014-10-25,16.29,61.7676,43.7776,30.6335
2014-10-26,16.29,61.7676,43.7776,30.6335
2014-10-27,16.34,62.2642,39.7776,32.5223
2014-10-28,16.4,64.6586,40.2908,35.6493
2014-10-29,16.46,61.6896,40.8041,37.1667
2014-10-30,16.56,61.0895,42.6357,38.0
2014-10-31,16.92,59.6226,47.0026,47.2585
2014-11-01,16.92,59.6226,47.0026,47.2585
2014-11-02,16.92,59.6226,47.0026,47.2585
2014-11-03,17.02,60.566,47.487,41.8333
2014-11-04,17.02,60.566,47.487,41.8333
2014-11-05,17.14,61.5457,48.5269,40.9539
2014-11-06,17.14,61.5457,48.5269,40.9539
2014-11-07,17.26,65.8021,52.0705,39.8703
2014-11-08,17.26,65.8021,52.0705,39.8703
2014-11-09,17.26,65.8021,52.0705,39.8703
2014-11-10,17.28,65.9942,53.4636,37.5796
2014-11-11,17.41,70.6863,54.6181,39.8394
2014-11-12,17.5,73.7835,55.4174,40.0
2014-11-13,17.35,73.1537,55.4659,38.8
2014-11-14,17.52,70.9268,64.8166,37.8442
2014-11-15,17.52,70.9268,64.8166,37.8442
2014-11-16,17.52,70.9268,64.8166,37.8442
2014-11-17,17.7,72.6829,67.2968,39.4799
2014-11-18,17.79,70.5657,68.1474,42.7769
2014-11-19,17.63,67.5856,66.6352,40.2546
2014-11-20,17.63,69.6824,69.5192,40.2546
2014-11-21,17.7,73.3595,71.0145,39.1509
2014-11-22,17.7,73.3595,71.0145,39.1509
2014-11-23,17.7,73.3595,71.0145,39.1509
2014-11-24,17.87,75.0245,72.4903,40.4874
2014-11-25,17.72,69.8945,71.0425,40.8585
2014-11-26,17.67,70.2312,70.5598,42.3852
2014-11-27,17.68,69.511,66.95,42.4658
2014-11-28,17.96,67.2253,69.1149,40.203
2014-11-29,17.96,67.2253,69.1149,40.203
2014-11-30,17.96,67.2253,69.1149,40.203
2014-12-01,17.82,65.9218,64.8474,38.5692
2014-12-02,17.89,65.0369,65.4949,38.8975
2014-12-03,18.14,67.3432,67.8076,41.9405
2014-12-04,18.23,68.6401,68.7963,42.6448
2014-12-05,18.11,61.8409,71.334,41.1535
2014-12-06,18.11,61.8409,71.334,41.1535
2014-12-07,18.11,61.8409,71.334,41.1535
2014-12-08,17.87,59.6962,71.6619,39.2829
2014-12-09,17.52,53.9543,68.2997,36.5549
2014-12-10,17.76,58.0071,70.6052,37.8882
2014-12-11,17.52,57.6958,71.5965,36.0248
2014-12-12,17.33,60.0185,71.5842,35.3906
2014-12-13,17.33,60.0185,71.5842,35.3906
2014-12-14,17.33,60.0185,71.5842,35.3906
2014-12-15,17.22,59.0028,72.7182,34.3214
2014-12-16,16.79,55.463,68.4052,28.8565
2014-12-17,16.9,56.3367,69.5085,30.5019
2014-12-18,17.37,57.9091,75.9878,34.1313
2014-12-19,17.42,57.5045,72.9891,34.4136
2014-12-20,17.42,57.5045,72.9891,34.4136
2014-12-21,17.42,57.5045,72.9891,34.4136
2014-12-22,17.53,58.4991,74.4279,33.511
2014-12-23,17.49,56.7204,74.0299,32.0997
2014-12-24,17.44,55.9928,71.8227,31.7221
2014-12-25,17.44,55.9928,71.8227,31.7221
2014-12-26,17.48,55.3778,74.975,30.6428
2014-12-27,17.48,55.3778,74.975,30.6428
2014-12-28,17.48,55.3778,74.975,30.6428
2014-12-29,17.63,56.7111,77.008,31.1756
2014-12-30,17.76,58.7131,78.3133,31.1669
2014-12-31,17.94,58.7611,80.1205,32.4963
2015-01-01,17.95,58.4289,79.8597,32.5702
2015-01-02,18.17,65.6335,78.8386,31.5713
2015-01-03,18.17,65.6335,78.8386,31.5713
2015-01-04,18.17,65.6335,78.8386,31.5713
2015-01-05,18.19,65.8159,79.7431,32.0988
2015-01-06,17.67,62.259,74.6047,27.3973
2015-01-07,17.77,65.1487,75.5929,28.0259
2015-01-08,18.07,67.6252,78.9109,30.1873
2015-01-09,18.02,69.2019,73.1028,28.9907
2015-01-10,18.02,69.2019,73.1028,28.9907
2015-01-11,18.02,69.2019,73.1028,28.9907
2015-01-12,18.19,70.7981,73.0733,29.9286
2015-01-13,18.13,68.1818,72.5024,28.2178
2015-01-14,18.01,67.8472,71.3606,27.3692
2015-01-15,18.33,69.2521,73.9089,29.6322
2015-01-16,18.33,71.7901,67.2445,29.724
2015-01-17,18.33,71.7901,67.2445,29.724
2015-01-18,18.33,71.7901,67.2445,29.724
2015-01-19,18.41,72.5398,67.8213,30.5674
2015-01-20,18.53,73.6645,68.9152,33.7906
2015-01-21,18.59,73.0912,69.4622,35.0036
2015-01-22,18.72,73.6549,70.4918,35.9477
2015-01-23,18.71,76.3431,64.5558,42.6067
2015-01-24,18.71,76.3431,64.5558,42.6067
2015-01-25,18.71,76.3431,64.5558,42.6067
2015-01-26,18.71,76.3431,64.5558,42.6067
2015-01-27,18.99,84.7276,67.0185,43.9727
2015-01-28,19.1,85.4369,67.9859,44.2598
2015-01-29,18.93,84.144,71.6228,42.9758
2015-01-30,18.6,79.8839,60.0688,39.1174
2015-01-31,18.6,79.8839,60.0688,39.1174
2015-02-01,18.6,79.8839,60.0688,39.1174
2015-02-02,18.66,80.4642,58.1356,38.1199
2015-02-03,18.57,82.2375,57.3729,40.0452
2015-02-04,18.4,78.8144,55.9322,42.3047
2015-02-05,18.21,76.9679,53.1539,40.8353
2015-02-06,18.08,74.5174,51.1706,37.8049
2015-02-07,18.08,74.5174,51.1706,37.8049
2015-02-08,18.08,74.5174,51.1706,37.8049
2015-02-09,17.8,71.8147,49.3289,35.5674
2015-02-10,18.01,73.8417,51.0906,35.9245
2015-02-11,18.28,75.4319,53.3557,37.9623
2015-02-12,18.52,76.7176,55.7611,39.7736
2015-02-13,18.71,80.9478,51.3754,39.9402
2015-02-14,18.71,80.9478,51.3754,39.9402
2015-02-15,18.71,80.9478,51.3754,39.9402
2015-02-16,18.64,79.0586,49.9598,40.0451
2015-02-17,18.64,79.0586,49.9598,40.0451
2015-02-18,18.78,78.5171,51.0861,42.8137
2015-02-19,18.88,79.1271,51.8906,43.5741
2015-02-20,18.96,79.7156,58.0,45.3988
2015-02-21,18.96,79.7156,58.0,45.3988
2015-02-22,18.96,79.7156,58.0,45.3988
2015-02-23,18.83,78.4834,59.0372,45.0693
2015-02-24,18.71,76.177,58.0236,44.0339
2015-02-25,18.71,76.3431,58.0236,43.4816
2015-02-26,18.5,73.8722,61.5721,41.8712
2015-02-27,18.98,77.3832,60.4396,41.9596
2015-02-28,18.98,77.3832,60.4396,41.9596
2015-03-01,18.98,77.3832,60.4396,41.9596
2015-03-02,19.55,82.7103,65.678,45.0297
2015-03-03,19.65,83.8167,66.5254,45.9881
2015-03-04,19.43,78.5846,64.661,43.5007
2015-03-05,19.51,69.9477,70.8406,43.6672
2015-03-06,19.51,69.9477,70.8406,43.6672
2015-03-07,19.51,69.9477,70.8406,43.6672
2015-03-08,19.51,69.9477,70.8406,43.6672
2015-03-09,19.22,67.4216,64.6958,41.3235
2015-03-10,19.19,65.86,64.4387,41.5192
2015-03-11,19.09,64.711,63.5818,40.8856
2015-03-12,19.35,67.3875,63.5672,42.8044
2015-03-13,19.13,65.1986,61.1626,40.5584
2015-03-14,19.13,65.1986,61.1626,40.5584
2015-03-15,19.13,65.1986,61.1626,40.5584
2015-03-16,19.05,64.5078,62.4041,39.5604
2015-03-17,19.3,66.6667,64.5354,40.6706
2015-03-18,19.3,65.3813,64.5354,39.7538
2015-03-19,19.04,62.5961,64.7059,37.8711
2015-03-20,18.82,62.5216,64.5105,37.4726
2015-03-21,18.82,62.5216,64.5105,37.4726
2015-03-22,18.82,62.5216,64.5105,37.4726
2015-03-23,18.64,60.9672,62.228,36.1578
2015-03-24,18.61,58.1138,61.9669,36.038
2015-03-25,18.51,56.0708,61.0966,35.2082
2015-03-26,18.28,52.9707,62.6335,33.5281
2015-03-27,18.31,48.7409,62.611,33.0669
2015-03-28,18.31,48.7409,62.611,33.0669
2015-03-29,18.31,48.7409,62.611,33.0669
2015-03-30,18.78,52.5589,62.7383,35.7918
2015-03-31,18.83,51.8548,63.1716,34.9821
2015-04-01,19.17,55.2227,63.2879,35.0
2015-04-02,19.17,55.2227,63.2879,35.0
2015-04-03,19.17,55.2227,63.2879,35.0
2015-04-04,19.17,55.2227,63.2879,35.0
2015-04-05,19.17,55.2227,63.2879,35.0
2015-04-06,19.3,56.2753,64.3952,35.8198
2015-04-07,19.26,55.8252,64.0545,36.2093
2015-04-08,19.36,56.6343,64.9063,36.1463
2015-04-09,19.41,53.4387,68.0519,36.4979
2015-04-10,19.43,53.5968,67.7893,37.1207
2015-04-11,19.43,53.5968,67.7893,37.1207
2015-04-12,19.43,53.5968,67.7893,37.1207
2015-04-13,19.52,54.3083,69.4444,37.175
2015-04-14,19.52,54.3083,69.4444,37.175
2015-04-15,19.38,54.9161,68.2292,36.3828
2015-04-16,19.2,55.2142,66.2338,35.1161
2015-04-17,18.96,49.8814,60.9508,32.7731
2015-04-18,18.96,49.8814,60.9508,32.7731
2015-04-19,18.96,49.8814,60.9508,32.7731
2015-04-20,18.66,47.5099,60.5852,29.8539
2015-04-21,18.66,45.214,60.5852,29.7636
2015-04-22,18.67,44.841,60.6713,29.3832
2015-04-23,18.57,43.287,63.181,28.6902
2015-04-24,18.15,41.1353,62.3435,24.23
2015-04-25,18.15,41.1353,62.3435,24.23
2015-04-26,18.15,41.1353,62.3435,24.23
2015-04-27,17.78,38.2582,59.319,23.301
2015-04-28,18.09,40.9977,62.0968,24.8447
2015-04-29,18.15,42.9134,62.6344,25.0
2015-04-30,18.13,44.8083,64.3699,26.5178
2015-05-01,18.13,44.8083,64.3699,26.5178
2015-05-02,18.13,44.8083,64.3699,26.5178
2015-05-03,18.13,44.8083,64.3699,26.5178
2015-05-04,18.43,47.2045,70.6481,29.5151
2015-05-05,18.48,47.1338,71.1111,30.6007
2015-05-06,17.88,41.4557,65.5556,27.9885
2015-05-07,17.46,37.9147,60.7735,24.9821
2015-05-08,17.78,36.1409,69.0114,25.1232
2015-05-09,17.78,36.1409,69.0114,25.1232
2015-05-10,17.78,36.1409,69.0114,25.1232
2015-05-11,18.11,38.6677,73.8004,27.4455
2015-05-12,17.6,31.8352,68.906,22.3072
2015-05-13,17.9,31.328,71.785,25.9676
2015-05-14,18.06,30.8696,75.5102,27.0936
2015-05-15,18.14,26.8531,76.9756,28.1073
2015-05-16,18.14,26.8531,76.9756,28.1073
2015-05-17,18.14,26.8531,76.9756,28.1073
2015-05-18,18.33,28.1818,79.0039,32.3466
2015-05-19,18.34,20.5786,79.1016,33.6735
2015-05-20,18.36,21.2682,79.2969,34.2105
2015-05-21,18.27,21.3147,76.3514,33.5526
2015-05-22,18.32,17.5112,78.0369,37.2285
2015-05-23,18.32,17.5112,78.0369,37.2285
2015-05-24,18.32,17.5112,78.0369,37.2285
2015-05-25,18.27,17.1905,75.6731,34.4371
2015-05-26,18.3,18.2171,75.9615,33.7719
2015-05-27,18.33,19.3359,76.25,31.9654
2015-05-28,18.26,19.1906,72.7531,31.4615
2015-05-29,18.51,21.1387,74.9527,33.6462
2015-05-30,18.51,21.1387,74.9527,33.6462
2015-05-31,18.51,21.1387,74.9527,33.6462
2015-06-01,18.49,21.0079,76.9378,33.5018
2015-06-02,18.14,14.7375,73.5885,29.5714
2015-06-03,17.87,11.7573,71.0048,27.4608
2015-06-04,17.94,11.1524,71.6746,27.9601
2015-06-05,18.02,7.8396,65.3211,31.8215
2015-06-06,18.02,7.8396,65.3211,31.8215
2015-06-07,18.02,7.8396,65.3211,31.8215
2015-06-08,17.76,6.2837,61.7486,29.0698
2015-06-09,17.81,5.447,62.204,28.3141
2015-06-10,18.04,8.0887,64.2987,28.7652
2015-06-11,17.72,7.8515,61.5314,26.4811
2015-06-12,17.75,10.9375,63.2935,25.0
2015-06-13,17.75,10.9375,63.2935,25.0
2015-06-14,17.75,10.9375,63.2935,25.0
2015-06-15,17.78,11.125,61.1967,25.0352
2015-06-16,17.81,11.1735,61.4687,24.3715
2015-06-17,18.0,9.9572,63.1913,26.4045
2015-06-18,18.23,12.3921,67.4013,28.0197
2015-06-19,18.25,14.9244,63.3841,27.0891
2015-06-20,18.25,14.9244,63.3841,27.0891
2015-06-21,18.25,14.9244,63.3841,27.0891
2015-06-22,18.47,16.3098,65.2057,27.9972
2015-06-23,18.64,16.6458,66.7263,30.3497
2015-06-24,18.42,13.3538,64.7585,29.9013
2015-06-25,18.53,14.101,66.6367,30.677
2015-06-26,18.43,15.2595,63.8222,30.1554
2015-06-27,18.43,15.2595,63.8222,30.1554
2015-06-28,18.43,15.2595,63.8222,30.1554
2015-06-29,18.2,13.8211,58.1234,28.3498
2015-06-30,18.31,11.9193,59.0791,29.6742
2015-07-01,18.62,12.5076,61.7724,32.3383
2015-07-02,18.72,11.6945,62.0779,33.049
2015-07-03,18.75,12.1411,59.1681,32.4153
2015-07-04,18.75,12.1411,59.1681,32.4153
2015-07-05,18.75,12.1411,59.1681,32.4153
2015-07-06,18.93,13.2177,61.6567,34.0652
2015-07-07,18.96,13.3293,61.9129,32.6802
2015-07-08,18.78,17.0823,60.3757,30.5981
2015-07-09,18.76,17.5439,62.0035,30.459
2015-07-10,18.82,21.4194,62.9437,29.1695
2015-07-11,18.82,21.4194,62.9437,29.1695
2015-07-12,18.82,21.4194,62.9437,29.1695
2015-07-13,18.98,22.4516,65.1871,30.0
2015-07-14,19.02,21.6113,65.5352,30.5422
2015-07-15,19.09,19.6115,66.1445,30.7534
2015-07-16,19.34,19.162,69.0559,32.4658
2015-07-17,19.34,18.3599,68.6138,33.3793
2015-07-18,19.34,18.3599,68.6138,33.3793
2015-07-19,19.34,18.3599,68.6138,33.3793
2015-07-20,19.3,18.1151,69.5958,32.1918
2015-07-21,19.02,16.6871,67.1353,30.0068
2015-07-22,19.23,17.6867,68.9807,31.7123
2015-07-23,19.14,16.8498,71.8133,31.0959
2015-07-24,18.9,16.7387,72.6027,29.9862
2015-07-25,18.9,16.7387,72.6027,29.9862
2015-07-26,18.9,16.7387,72.6027,29.9862
2015-07-27,18.53,14.4534,68.4545,27.7931
2015-07-28,18.54,15.514,68.5455,27.5981
2015-07-29,18.73,16.6978,70.2727,28.1122
2015-07-30,18.85,17.2993,67.5556,28.933
2015-07-31,19.06,20.1765,68.2259,28.3502
2015-08-01,19.06,20.1765,68.2259,28.3502
2015-08-02,19.06,20.1765,68.2259,28.3502
2015-08-03,19.09,20.3657,69.9911,28.3793
2015-08-04,19.24,20.025,71.3268,28.8681
2015-08-05,19.29,19.5908,71.772,29.8116
2015-08-06,19.34,21.1021,69.7981,30.148
2015-08-07,19.34,23.5783,69.9473,29.0193
2015-08-08,19.34,23.5783,69.9473,29.0193
2015-08-09,19.34,23.5783,69.9473,29.0193
2015-08-10,19.21,22.7476,69.6996,29.5347
2015-08-11,18.91,19.9873,67.0495,27.0833
2015-08-12,18.33,15.4282,61.9258,22.6908
2015-08-13,18.22,16.8698,60.1054,21.9545
2015-08-14,18.6,17.7961,62.1622,25.2525
2015-08-15,18.6,17.7961,62.1622,25.2525
2015-08-16,18.6,17.7961,62.1622,25.2525
2015-08-17,18.6,17.7961,62.8722,23.506
2015-08-18,18.74,16.3253,64.0981,23.6148
2015-08-19,18.67,14.5399,63.4851,22.4262
2015-08-20,18.28,12.8395,60.0701,19.8689
2015-08-21,18.12,11.0294,58.669,18.9757
2015-08-22,18.12,11.0294,58.669,18.9757
2015-08-23,18.12,11.0294,58.669,18.9757
2015-08-24,16.67,2.1446,47.5221,11.0593
2015-08-25,17.02,5.387,50.6195,13.5424
2015-08-26,16.89,5.2336,49.469,13.5081
2015-08-27,17.36,7.3593,55.1385,16.6667
2015-08-28,17.45,7.716,57.6332,17.5876
2015-08-29,17.45,7.716,57.6332,17.5876
2015-08-30,17.45,7.716,57.6332,17.5876
2015-08-31,17.43,7.5926,58.5987,15.7371
2015-09-01,16.94,2.6667,54.1401,11.7414
2015-09-02,16.72,0.7229,52.1383,10.1449
2015-09-03,16.89,1.3197,54.5288,11.2648
2015-09-04,16.58,-0.1806,52.3897,6.214
2015-09-05,16.58,-0.1806,52.3897,6.214
2015-09-06,16.58,-0.1806,52.3897,6.214
2015-09-07,16.22,-2.348,46.2579,3.5099
2015-09-08,16.48,-1.7878,48.6023,4.9682
2015-09-09,16.85,-0.4725,51.9387,7.3248
2015-09-10,16.85,0.0,50.9857,7.3248
2015-09-11,16.79,-1.119,50.1789,6.8746
2015-09-12,16.79,-1.119,50.1789,6.8746
2015-09-13,16.79,-1.119,50.1789,6.8746
2015-09-14,17.0,0.1178,48.3421,7.1204
2015-09-15,16.83,-0.708,46.8586,7.3342
2015-09-16,16.82,1.7544,42.7844,6.2539
2015-09-17,16.82,1.7544,42.7844,6.2539
2015-09-18,16.94,1.2552,44.416,7.6239
2015-09-19,16.94,1.2552,44.416,7.6239
2015-09-20,16.94,1.2552,44.416,7.6239
2015-09-21,16.94,1.2552,40.0,8.1737
2015-09-22,16.63,-0.8939,37.438,6.1941
2015-09-23,16.7,1.2121,38.0165,5.8973
2015-09-24,16.66,3.0303,37.2323,5.1104
2015-09-25,16.66,3.0303,37.2323,5.1104
2015-09-26,16.66,3.0303,37.2323,5.1104
2015-09-27,16.66,3.0303,37.2323,5.1104
2015-09-28,16.52,2.1645,34.8571,5.156
2015-09-29,16.48,1.603,34.5306,5.4383
2015-09-30,16.62,2.4661,35.6735,4.266
2015-10-01,16.71,3.8533,33.787,4.3071
2015-10-02,16.71,3.8533,33.787,4.3071
2015-10-03,16.71,3.8533,33.787,4.3071
2015-10-04,16.71,3.8533,33.787,4.3071
2015-10-05,17.04,5.9043,36.8675,4.797
2015-10-06,17.12,6.4015,37.51,6.2035
2015-10-07,17.16,7.9924,37.8313,6.5177
2015-10-08,17.07,7.6293,39.4608,5.959
2015-10-09,17.03,7.2418,38.0065,5.908
2015-10-10,17.03,7.2418,38.0065,5.908
2015-10-11,17.03,7.2418,38.0065,5.908
2015-10-12,17.04,7.3048,38.6493,4.9261
2015-10-13,17.03,6.6374,38.5679,6.1059
2015-10-14,17.02,6.7754,38.4866,7.7897
2015-10-15,17.17,7.7164,39.7071,8.7397
2015-10-16,17.25,9.4543,40.0162,9.5238
2015-10-17,17.25,9.4543,40.0162,9.5238
2015-10-18,17.25,9.4543,40.0162,9.5238
2015-10-19,17.35,10.0888,42.0966,10.6505
2015-10-20,17.35,8.0324,42.0966,9.0509
2015-10-21,17.29,6.1387,40.9128,9.292
2015-10-22,17.29,6.1387,40.9128,9.292
2015-10-23,17.19,5.5249,40.3265,8.1812
2015-10-24,17.19,5.5249,40.3265,8.1812
2015-10-25,17.19,5.5249,40.3265,8.1812
2015-10-26,17.08,4.8496,40.3451,7.9646
2015-10-27,17.08,4.5288,40.3451,9.417
2015-10-28,16.96,3.4146,39.3591,9.208
2015-10-29,16.82,2.1871,38.4362,8.3065
2015-10-30,16.72,0.9662,40.8593,7.6626
2015-10-31,16.72,-1.182,39.4495,5.7559
2015-11-01,16.72,-1.182,39.4495,5.7559
2015-11-02,16.78,-0.8274,38.6777,5.4683
2015-11-03,16.87,-0.8813,39.4215,4.2001
2015-11-04,16.79,-1.3514,38.7603,3.706
2015-11-05,16.58,-3.2672,37.4793,2.4089
2015-11-06,16.64,-3.5921,37.7483,1.8983
2015-11-07,16.64,-3.5921,37.7483,1.8983
2015-11-08,16.64,-3.5921,37.7483,1.8983
2015-11-09,16.66,-3.4762,39.531,2.0208
2015-11-10,16.36,-6.5143,36.3333,3.4788
2015-11-11,16.36,-6.5143,36.3333,3.4788
2015-11-12,16.36,-6.5143,36.3333,3.4788
2015-11-13,16.46,-6.0502,36.9384,6.5372
2015-11-14,16.46,-6.0502,36.9384,6.5372
2015-11-15,16.46,-6.0502,36.9384,6.5372
2015-11-16,16.52,-5.7078,39.7631,6.9256
2015-11-17,16.56,-6.4407,40.1015,6.701
2015-11-18,16.41,-7.7572,38.8325,7.8187
2015-11-19,16.57,-6.0125,41.503,8.8699
2015-11-20,16.7,-5.6497,41.7657,10.231
2015-11-21,16.7,-5.6497,41.7657,10.231
2015-11-22,16.7,-5.6497,41.7657,10.231
2015-11-23,16.75,-5.3672,42.432,11.6667
2015-11-24,16.75,-5.474,42.432,17.6264
2015-11-25,16.75,-5.474,42.432,17.6264
2015-11-26,16.83,-4.7538,42.5064,18.1882
2015-11-27,17.01,-5.2895,40.1153,16.1092
2015-11-28,17.01,-5.2895,40.1153,16.1092
2015-11-29,17.01,-5.2895,40.1153,16.1092
2015-11-30,17.05,-5.0668,39.2974,13.8945
2015-12-01,17.13,-3.8721,39.951,13.8206
2015-12-02,17.07,-4.5836,39.4608,15.26
2015-12-03,16.98,-6.3947,37.7129,14.6523
2015-12-04,16.83,-7.0679,34.64,13.7162
2015-12-05,16.83,-7.0679,34.64,13.7162
2015-12-06,16.83,-7.0679,34.64,13.7162
2015-12-07,16.77,-7.3992,34.6988,15.1786
2015-12-08,16.56,-7.3307,33.012,17.6972
2015-12-09,16.28,-7.0776,30.7631,12.9771
2015-12-10,16.44,-7.4324,32.0482,14.0874
2015-12-11,16.32,-5.828,33.2245,9.5302
2015-12-12,16.32,-5.828,33.2245,9.5302
2015-12-13,16.32,-5.828,33.2245,9.5302
2015-12-14,16.42,-5.251,32.5262,11.4732
2015-12-15,16.38,-4.878,32.2034,10.9756
2015-12-16,16.49,-1.7868,33.0912,11.7209
2015-12-17,16.66,-1.4201,34.0306,12.8726
2015-12-18,16.62,-4.5924,31.2796,11.7687
2015-12-19,16.62,-4.5924,31.2796,11.7687
2015-12-20,16.62,-4.5924,31.2796,11.7687
2015-12-21,16.75,-3.8462,34.7546,13.0993
2015-12-22,16.72,-4.6207,34.5133,13.2024
2015-12-23,16.8,-3.9451,35.1569,12.4498
2015-12-24,16.86,-3.5469,34.988,14.3826
2015-12-25,16.86,-3.5469,34.988,14.3826
2015-12-26,16.86,-3.5469,34.988,14.3826
2015-12-27,16.86,-3.5469,34.988,14.3826
2015-12-28,16.88,-3.4325,34.3949,13.4409
2015-12-29,16.96,-3.8003,35.0318,13.5207
2015-12-30,16.89,-4.8986,34.4745,11.9284
2015-12-31,16.98,-5.3512,34.655,12.5249
2016-01-01,17.06,-6.109,31.5343,12.3847
2016-01-02,17.06,-6.109,31.5343,12.3847
2016-01-03,17.06,-6.109,31.5343,12.3847
2016-01-04,16.79,-7.5949,29.4526,11.6356
2016-01-05,16.93,-6.9269,30.532,13.4718
2016-01-06,16.93,-4.1879,30.532,16.4374
2016-01-07,16.44,-7.4845,26.9498,13.0674
2016-01-08,16.61,-7.8246,29.3614,17.8014
2016-01-09,16.61,-7.8246,29.3614,17.8014
2016-01-10,16.61,-7.8246,29.3614,17.8014
2016-01-11,16.59,-7.9356,31.458,16.1765
2016-01-12,16.44,-9.6207,30.2694,16.1837
2016-01-13,16.38,-9.6525,29.794,17.5036
2016-01-14,16.19,-10.1055,26.2871,16.1406
2016-01-15,15.88,-13.3661,23.5798,14.9891
2016-01-16,15.88,-13.3661,23.5798,14.9891
2016-01-17,15.88,-13.3661,23.5798,14.9891
2016-01-18,15.34,-16.3121,18.5471,10.9183
2016-01-19,15.6,-15.2634,20.5564,12.8799
2016-01-20,15.33,-17.2693,18.4699,11.2482
2016-01-21,15.36,-17.3749,18.063,11.4659
2016-01-22,15.68,-16.1945,24.4444,14.2025
2016-01-23,15.68,-16.1945,24.4444,14.2025
2016-01-24,15.68,-16.1945,24.4444,14.2025
2016-01-25,15.82,-15.4463,23.3048,17.3591
2016-01-26,15.82,-15.4463,23.3048,17.3591
2016-01-27,15.81,-16.7457,23.2268,19.8635
2016-01-28,15.76,-17.4869,22.8371,19.4845
2016-01-29,15.84,-14.8387,25.3165,20.2733
2016-01-30,15.84,-14.8387,25.3165,20.2733
2016-01-31,15.84,-14.8387,25.1185,21.8462
2016-02-01,15.84,-14.8387,26.0143,21.0084
2016-02-02,15.6,-16.3987,24.105,16.6791
2016-02-03,15.29,-17.6629,21.6388,16.7176
2016-02-04,15.26,-17.0652,21.9824,16.4885
2016-02-05,15.52,-14.1593,26.0764,22.2047
2016-02-06,15.52,-14.1593,26.0764,22.2047
2016-02-07,15.52,-14.1593,26.0764,22.2047
2016-02-08,15.36,-15.0442,26.0049,24.878
2016-02-09,15.19,-14.6629,24.6103,23.7979
2016-02-10,15.04,-16.4908,23.3798,20.0319
2016-02-11,14.46,-20.8972,18.8168,15.403
2016-02-12,14.3,-23.5703,19.2661,10.51
2016-02-13,14.3,-23.5703,19.2661,10.51
2016-02-14,14.3,-23.5703,19.2661,10.51
2016-02-15,14.87,-20.5238,24.1235,14.6492
2016-02-16,14.48,-22.3176,20.8681,10.45
2016-02-17,14.57,-21.8348,21.6194,13.562
2016-02-18,14.65,-21.9915,21.5768,14.1855
2016-02-19,14.57,-23.154,22.1291,13.4735
2016-02-20,14.57,-23.154,22.1291,13.4735
2016-02-21,14.57,-23.154,22.1291,13.4735
2016-02-22,14.68,-22.5738,22.4354,14.5086
2016-02-23,14.38,-23.6325,19.9333,14.948
2016-02-24,14.24,-23.891,18.7656,13.738
2016-02-25,14.04,-24.9599,18.1818,12.1406
2016-02-26,14.09,-25.764,22.5217,8.3013
2016-02-27,14.09,-25.764,22.5217,8.3013
2016-02-28,14.09,-25.764,22.5217,8.3013
2016-02-29,14.13,-25.5532,22.7628,8.6088
2016-03-01,14.59,-25.3708,26.7593,12.7512
2016-03-02,14.88,-24.2748,29.2789,15.2595
2016-03-03,15.03,-22.6454,32.5397,16.4214
2016-03-04,15.1,-22.6038,26.7842,17.236
2016-03-05,15.1,-22.6038,26.7842,17.236
2016-03-06,15.1,-22.6038,26.7842,17.236
2016-03-07,15.1,-22.6038,26.7842,17.236
2016-03-08,15.1,-21.436,26.7842,17.7847
2016-03-09,15.17,-20.9484,27.372,19.6372
2016-03-10,15.1,-20.901,26.7842,19.0852
2016-03-11,15.13,-20.9096,27.6793,19.7941
2016-03-12,15.13,-20.9096,27.6793,19.7941
2016-03-13,15.13,-20.9096,27.6793,19.7941
2016-03-14,15.19,-20.5959,28.6198,19.2308
2016-03-15,15.18,-20.315,28.5351,19.4335
2016-03-16,15.21,-21.1917,28.7892,20.7143
2016-03-17,15.4,-20.2073,32.3024,22.2222
2016-03-18,15.48,-17.7471,42.0183,22.1784
2016-03-19,15.48,-17.7471,42.0183,22.1784
2016-03-20,15.48,-17.7471,42.0183,22.1784
2016-03-21,15.86,-15.7279,45.2381,24.0031
2016-03-22,15.92,-14.5923,45.7875,23.6025
2016-03-23,15.9,-13.1622,45.6044,21.0046
2016-03-24,15.9,-13.1622,45.6044,21.0046
2016-03-25,15.9,-13.1622,45.6044,21.0046
2016-03-26,15.9,-13.1622,45.6044,21.0046
2016-03-27,15.9,-13.1622,45.6044,21.0046
2016-03-28,15.64,-14.5822,43.2234,18.4848
2016-03-29,15.64,-16.7199,43.2234,18.0377
2016-03-30,16.01,-14.9761,46.6117,19.5668
2016-03-31,16.07,-16.1711,45.8258,20.0149
2016-04-01,16.11,-15.9624,48.3425,17.4198
2016-04-02,16.11,-15.9624,48.3425,17.4198
2016-04-03,16.11,-15.9624,48.3425,17.4198
2016-04-04,16.17,-15.6495,49.0323,17.6856
2016-04-05,15.86,-17.8238,46.1751,15.0109
2016-04-06,15.84,-17.757,45.9908,16.2142
2016-04-07,15.71,-18.8533,44.2608,15.2605
2016-04-08,15.81,-18.631,45.4462,17.4591
2016-04-09,15.81,-18.631,45.4462,17.4591
2016-04-10,15.81,-18.631,45.4462,17.4591
2016-04-11,15.94,-17.9619,46.3728,16.6911
2016-04-12,16.07,-17.6742,47.5666,17.6428
2016-04-13,16.28,-14.135,43.5626,20.5926
2016-04-14,16.28,-14.135,43.5626,20.5926
2016-04-15,16.28,-14.135,43.5626,20.5926
2016-04-16,16.28,-14.135,43.5626,20.5926
2016-04-17,16.28,-14.135,43.5626,20.5926
2016-04-18,16.48,-11.6827,45.3263,20.8211
2016-04-19,16.48,-11.6827,45.3263,20.8211
2016-04-20,16.52,-11.4684,45.679,21.1144
2016-04-21,16.5,-11.6229,43.8535,20.9677
2016-04-22,16.54,-8.8705,43.8261,21.35
2016-04-23,16.54,-8.8705,43.8261,21.35
2016-04-24,16.54,-8.8705,43.8261,21.35
2016-04-25,16.51,-9.0358,45.3345,21.6654
2016-04-26,16.65,-6.3555,46.5669,23.3333
2016-04-27,16.62,-8.126,46.3028,23.9374
2016-04-28,16.41,-9.5868,43.6953,22.3714
2016-04-29,16.45,-9.2664,43.168,26.1503
2016-04-30,16.45,-9.2664,43.168,26.1503
2016-05-01,16.45,-9.2664,43.168,26.1503
2016-05-02,16.42,-9.4319,44.6696,26.4049
2016-05-03,16.37,-11.1774,44.2291,27.393
2016-05-04,16.23,-12.1753,42.9956,25.522
2016-05-05,16.21,-9.34,42.4429,25.3674
2016-05-06,16.24,-8.6614,42.2067,24.3492
2016-05-07,16.24,-8.6614,42.2067,24.3492
2016-05-08,16.24,-8.6614,42.2067,24.3492
2016-05-09,16.44,-7.5366,43.3304,25.4962
2016-05-10,16.44,-9.2214,43.3304,26.8519
2016-05-11,16.38,-6.9318,42.8073,25.0382
2016-05-12,16.45,-8.1006,45.9627,25.5725
2016-05-13,16.31,-10.0882,37.7534,26.6304
2016-05-14,16.31,-10.0882,37.7534,26.6304
2016-05-15,16.31,-10.0882,37.7534,26.6304
2016-05-16,16.27,-10.3087,36.3789,27.408
2016-05-17,16.43,-10.3655,37.72,28.4597
2016-05-18,16.44,-10.3599,37.8039,27.8383
2016-05-19,16.25,-11.4924,37.7119,26.3608
2016-05-20,16.12,-12.0087,46.0145,27.7338
2016-05-21,16.12,-12.0087,46.0145,27.7338
2016-05-22,16.12,-12.0087,46.0145,27.7338
2016-05-23,16.14,-11.8996,44.7534,28.401
2016-05-24,16.13,-11.7132,44.6637,27.2082
2016-05-25,16.41,-10.3279,47.1749,28.0031
2016-05-26,16.65,-9.1653,47.8686,29.8752
2016-05-27,16.89,-8.752,50.9383,29.4253
2016-05-28,16.89,-8.752,50.9383,29.4253
2016-05-29,16.89,-8.752,50.9383,29.4253
2016-05-30,16.98,-8.2658,55.637,29.4207
2016-05-31,16.95,-8.3288,55.3621,30.5855
2016-06-01,16.89,-6.8908,54.8121,31.0318
2016-06-02,16.98,-4.9804,56.3536,31.73
2016-06-03,17.0,-5.6604,55.9633,31.5789
2016-06-04,17.0,-5.6604,55.9633,31.5789
2016-06-05,17.0,-5.6604,55.9633,31.5789
2016-06-06,17.02,-5.5494,57.4468,32.0403
2016-06-07,17.15,-3.4347,58.6494,33.0489
2016-06-08,17.31,-2.8074,60.1295,35.0234
2016-06-09,17.32,-3.9911,61.8692,35.1014
2016-06-10,17.32,-2.4225,69.306,34.6812
2016-06-11,17.32,-2.4225,69.306,34.6812
2016-06-12,17.32,-2.4225,69.306,34.6812
2016-06-13,17.21,-3.0423,64.3744,35.0863
2016-06-14,17.24,-3.0371,64.6609,36.5004
2016-06-15,17.51,-1.6844,67.2397,39.4108
2016-06-16,17.42,-3.2222,66.2214,38.6943
2016-06-17,17.42,-4.5479,71.9645,41.626
2016-06-18,17.42,-4.5479,71.9645,41.626
2016-06-19,17.42,-4.5479,71.9645,41.626
2016-06-20,17.53,-3.9452,74.9501,42.8688
2016-06-21,17.48,-5.36,74.4511,41.9984
2016-06-22,17.45,-6.3841,74.1517,38.7122
2016-06-23,17.51,-4.9403,79.4057,39.1892
2016-06-24,17.23,-6.5111,75.6371,34.9256
2016-06-25,17.23,-6.5111,75.6371,34.9256
2016-06-26,17.23,-6.5111,75.6371,34.9256
2016-06-27,17.35,-5.86,71.4427,35.1246
2016-06-28,17.45,-4.1209,72.4308,35.4814
2016-06-29,17.64,-3.6592,74.3083,36.6383
2016-06-30,17.87,-4.0279,72.4903,38.4198
2016-07-01,18.0,-4.0,79.4616,39.3189
2016-07-02,18.0,-4.0,79.4616,39.3189
2016-07-03,18.0,-4.0,79.4616,39.3189
2016-07-04,18.13,-3.3067,79.8611,40.1082
2016-07-05,18.05,-4.7996,79.0675,39.0601
2016-07-06,18.05,-4.7996,79.0675,39.0601
2016-07-07,18.05,-3.8871,81.0431,39.0601
2016-07-08,17.97,-4.5165,76.1765,40.9412
2016-07-09,17.97,-4.5165,76.1765,40.9412
2016-07-10,17.97,-4.5165,76.1765,40.9412
2016-07-11,18.2,-3.2944,78.0822,40.7579
2016-07-12,18.28,-3.6881,78.865,40.6154
2016-07-13,18.22,-4.2061,78.2779,40.9126
2016-07-14,18.35,-3.8764,78.1553,41.918
2016-07-15,18.39,-4.9121,81.54,41.6795
2016-07-16,18.39,-4.9121,81.54,41.6795
2016-07-17,18.39,-4.9121,81.54,41.6795
2016-07-18,18.24,-5.6877,80.5941,41.9455
2016-07-19,18.35,-4.9223,81.6832,43.0242
2016-07-20,18.52,-2.6288,83.3663,42.0245
2016-07-21,18.41,-4.2642,83.7325,41.181
2016-07-22,18.53,-1.9577,89.4683,42.9784
2016-07-23,18.53,-1.9577,89.4683,42.9784
2016-07-24,18.53,-1.9577,89.4683,42.9784
2016-07-25,18.72,-0.9524,93.1889,44.8916
2016-07-26,18.63,0.5397,92.2601,45.7746
2016-07-27,18.69,0.8091,92.8793,48.3333
2016-07-28,18.69,-0.2136,95.5021,48.3333
2016-07-29,18.68,-1.9937,104.6002,48.7261
2016-07-30,18.68,-1.9937,104.6002,48.7261
2016-07-31,18.68,-1.9937,104.6002,48.7261
2016-08-01,18.7,-1.8888,109.4065,49.9599
2016-08-02,18.57,-2.7239,107.9507,50.2427
2016-08-03,18.41,-4.3139,106.159,52.0231
2016-08-04,18.46,-4.3027,106.257,52.436
2016-08-05,18.79,-2.8438,109.476,58.4317
2016-08-06,18.79,-2.8438,109.476,58.4317
2016-08-07,18.79,-2.8438,109.476,58.4317
2016-08-08,18.91,-2.2234,110.8138,57.4521
2016-08-09,18.86,-1.822,110.2564,57.5606
2016-08-10,18.6,-1.6393,107.3579,56.3025
2016-08-11,18.59,1.4184,104.9614,56.2185
2016-08-12,18.73,0.6989,108.5746,58.8634
2016-08-13,18.73,0.6989,108.5746,58.8634
2016-08-14,18.73,0.6989,108.5746,58.8634
2016-08-15,18.73,0.6989,108.5746,58.8634
2016-08-16,18.89,1.5591,110.3563,62.8448
2016-08-17,18.96,1.174,111.1359,66.4618
2016-08-18,19.2,2.8388,118.6788,68.5689
2016-08-19,19.35,6.7881,120.3872,67.0984
2016-08-20,19.35,6.7881,120.3872,67.0984
2016-08-21,19.35,6.7881,120.3872,67.0984
2016-08-22,19.22,6.0706,116.93,68.007
2016-08-23,19.11,14.6371,115.6885,67.6316
2016-08-24,19.19,12.7497,116.5914,71.6458
2016-08-25,19.07,12.907,115.237,70.5725
2016-08-26,19.04,9.1117,121.1382,64.2796
2016-08-27,19.04,9.1117,121.1382,64.2796
2016-08-28,19.04,9.1117,121.1382,64.2796
2016-08-29,19.11,9.5129,121.9512,64.8835
2016-08-30,19.34,10.9581,124.6225,66.868
2016-08-31,19.5,15.1122,126.4808,66.0988
2016-09-01,19.31,15.4904,121.445,64.4804
2016-09-02,19.35,16.7069,112.6374,62.4685
2016-09-03,19.35,16.7069,112.6374,62.4685
2016-09-04,19.35,16.7069,112.6374,62.4685
2016-09-05,19.35,16.7069,112.6374,62.4685
2016-09-06,19.62,20.9618,115.6044,64.0468
2016-09-07,19.57,18.75,115.0549,66.4116
2016-09-08,19.67,16.7359,116.1538,67.2619
2016-09-09,19.5,16.1406,108.111,69.7128
2016-09-10,19.5,16.1406,108.111,69.7128
2016-09-11,19.5,16.1406,108.111,69.7128
2016-09-12,18.97,11.5882,100.3168,62.2754
2016-09-13,18.97,11.5882,100.3168,62.2754
2016-09-14,19.13,13.6661,102.0063,62.6701
2016-09-15,19.06,13.3175,101.2672,62.0748
2016-09-16,19.12,12.8689,93.1313,61.623
2016-09-17,19.12,12.8689,93.1313,61.623
2016-09-18,19.12,12.8689,93.1313,61.623
2016-09-19,19.24,13.5773,98.9659,62.226
2016-09-20,19.16,13.1051,98.1386,67.4825
2016-09-21,19.17,15.2736,98.242,68.8987
2016-09-22,19.41,16.2275,106.4894,71.0132
2016-09-23,19.39,16.3866,104.9683,69.6413
2016-09-24,19.39,16.3866,104.9683,69.6413
2016-09-25,19.39,16.3866,104.9683,69.6413
2016-09-26,19.29,15.7863,105.4313,70.1058
2016-09-27,19.26,16.586,105.1118,68.7993
2016-09-28,19.46,18.0825,107.2417,73.2858
2016-09-29,18.94,13.9591,105.2004,68.6554
2016-09-30,19.16,14.6619,102.537,76.4273
2016-10-01,19.16,14.6619,102.537,76.4273
2016-10-02,19.16,14.6619,102.537,76.4273
2016-10-03,19.55,16.9958,106.0063,81.1863
2016-10-04,19.69,15.5516,107.4816,82.4838
2016-10-05,19.74,15.3037,108.0084,79.7814
2016-10-06,19.75,15.0932,107.6761,79.8725
2016-10-07,19.75,15.9718,102.7721,76.182
2016-10-08,19.75,15.9718,102.7721,76.182
2016-10-09,19.75,15.9718,102.7721,76.182
2016-10-10,19.75,15.9718,100.7114,74.316
2016-10-11,19.75,15.9718,100.7114,74.316
2016-10-12,19.75,15.9718,100.7114,74.316
2016-10-13,19.4,13.9835,96.7546,71.2268
2016-10-14,19.59,13.5652,101.1294,75.067
2016-10-15,19.59,13.5652,101.1294,75.067
2016-10-16,19.59,13.5652,101.1294,75.067
2016-10-17,19.43,12.6377,95.2764,71.1894
2016-10-18,19.65,13.2565,97.4874,74.5115
2016-10-19,19.69,13.487,97.8894,76.4337
2016-10-20,19.77,14.3436,95.9366,77.1505
2016-10-21,19.77,15.0087,94.3953,74.4925
2016-10-22,19.77,15.0087,94.3953,74.4925
2016-10-23,19.77,15.0087,94.3953,74.4925
2016-10-24,19.76,14.9506,96.2264,74.4042
2016-10-25,19.73,15.5152,95.9285,74.1395
2016-10-26,19.51,14.2272,93.7438,66.8948
2016-10-27,19.4,14.3868,94.7791,65.9538
2016-10-28,19.55,16.9258,87.2605,70.148
2016-10-29,19.55,16.9258,87.2605,70.148
2016-10-30,19.55,16.9258,87.2605,70.148
2016-10-31,19.61,17.2847,85.0,71.2664
2016-11-01,19.69,17.3421,85.7547,71.0686
2016-11-02,19.34,14.6414,82.4528,67.591
2016-11-03,19.14,13.9964,80.566,65.8579
2016-11-04,18.91,13.6418,81.4779,64.0069
2016-11-05,18.91,13.6418,81.4779,64.0069
2016-11-06,18.91,13.6418,81.4779,64.0069
2016-11-07,19.09,14.7236,83.3814,68.1938
2016-11-08,19.15,14.946,83.9577,68.7225
2016-11-09,18.88,15.4034,81.3641,67.6732
2016-11-10,19.45,18.8875,90.6863,72.7353
2016-11-11,18.83,14.3985,83.7073,74.1906
2016-11-12,18.83,14.3985,83.7073,74.1906
2016-11-13,18.83,14.3985,83.7073,74.1906
2016-11-14,18.83,14.3985,83.7073,74.1906
2016-11-15,18.31,10.8354,78.6341,72.2484
2016-11-16,18.25,10.2053,78.0488,72.4953
2016-11-17,18.27,11.3346,75.1678,72.6843
2016-11-18,18.28,9.4611,79.9213,75.7692
2016-11-19,18.28,9.4611,79.9213,75.7692
2016-11-20,18.28,9.4611,79.9213,75.7692
2016-11-21,17.81,6.6467,74.4368,74.4368
2016-11-22,18.04,7.7015,76.6895,74.2995
2016-11-23,18.2,8.6567,78.2566,75.6757
2016-11-24,18.27,9.0746,75.1678,76.3514
2016-11-25,18.45,8.4656,75.2137,75.8818
2016-11-26,18.45,8.4656,75.2137,75.8818
2016-11-27,18.45,8.4656,75.2137,75.8818
2016-11-28,18.64,9.5826,73.5568,76.8501
2016-11-29,18.6,9.0909,73.1844,75.1412
2016-11-30,18.87,10.1576,75.6983,74.5606
2016-12-01,18.61,9.0217,71.679,72.1554
2016-12-02,18.4,9.3286,65.9152,70.3704
2016-12-03,18.4,9.3286,65.9152,70.3704
2016-12-04,18.4,9.3286,65.9152,70.3704
2016-12-05,18.47,9.7445,65.0581,70.7024
2016-12-06,18.62,11.0316,66.3986,76.1589
2016-12-07,18.58,12.1981,66.0411,78.4822
2016-12-08,18.85,15.7862,65.6415,81.0759
2016-12-09,18.91,15.8701,71.753,84.668
2016-12-10,18.91,15.8701,71.753,84.668
2016-12-11,18.91,15.8701,71.753,84.668
2016-12-12,18.74,14.8284,73.0379,85.1779
2016-12-13,18.71,13.9464,72.7608,85.2475
2016-12-14,18.6,13.5531,71.7452,86.5597
2016-12-15,18.65,13.0988,72.6852,87.0612
2016-12-16,18.58,11.793,71.4022,90.3689
2016-12-17,18.58,11.793,71.4022,90.3689
2016-12-18,18.58,11.793,71.4022,90.3689
2016-12-19,18.5,11.3117,67.2694,85.9296
2016-12-20,18.29,9.194,65.3707,81.6286
2016-12-21,18.31,9.5096,65.5515,82.1891
2016-12-22,18.06,7.5,61.828,79.7015
2016-12-23,18.05,7.0581,60.7302,78.1836
2016-12-24,18.05,7.0581,60.7302,78.1836
2016-12-25,18.05,7.0581,60.7302,78.1836
2016-12-26,17.77,5.3974,57.9556,76.6402
2016-12-27,18.04,6.872,60.3556,80.5806
2016-12-28,18.03,6.309,60.2667,81.0241
2016-12-29,18.2,7.7561,62.6452,82.7309
2016-12-30,18.36,7.6202,66.3043,80.0
2016-12-31,18.36,7.6202,66.3043,80.0
2017-01-01,18.36,7.6202,66.3043,80.0
2017-01-02,18.52,8.558,68.8241,81.5686
2017-01-03,18.68,11.2567,70.2826,83.8583
2017-01-04,18.62,9.9823,69.7356,83.9921
2017-01-05,18.89,11.5771,73.4619,86.6601
2017-01-06,18.84,13.4256,75.5825,82.9126
2017-01-07,18.84,13.4256,75.5825,82.9126
2017-01-08,18.84,13.4256,75.5825,82.9126
2017-01-09,18.85,13.4859,76.9953,81.5992
2017-01-10,19.04,14.7679,78.7793,82.9011
2017-01-11,19.29,17.3358,81.1268,83.5395
2017-01-12,19.47,18.8645,80.6122,85.2521
2017-01-13,19.41,22.2292,80.5581,80.5581
2017-01-14,19.41,22.2292,80.5581,80.5581
2017-01-15,19.41,22.2292,80.5581,80.5581
2017-01-16,19.45,22.4811,82.2868,81.0987
2017-01-17,19.38,26.3364,81.6307,76.8248
2017-01-18,19.47,24.8077,82.4742,77.484
2017-01-19,19.59,27.7886,83.5989,78.5779
2017-01-20,19.28,22.9592,78.5185,73.5374
2017-01-21,19.28,22.9592,78.5185,73.5374
2017-01-22,19.28,22.9592,78.5185,73.5374
2017-01-23,19.41,23.7883,82.9406,73.3036
2017-01-24,19.72,24.6523,85.8624,76.0714
2017-01-25,19.86,25.6167,93.1907,74.6702
2017-01-26,19.86,25.6167,93.1907,74.6702
2017-01-27,20.1,26.8939,97.6401,78.3496
2017-01-28,20.1,26.8939,97.6401,78.3496
2017-01-29,20.1,26.8939,97.6401,78.3496
2017-01-30,20.08,26.7677,94.1973,75.5245
2017-01-31,19.9,25.6313,92.4565,71.2565
2017-02-01,20.29,30.0641,96.2282,71.9492
2017-02-02,20.32,32.8973,99.4112,72.2034
2017-02-03,20.39,31.3789,97.9612,73.5319
2017-02-04,20.39,31.3789,97.9612,73.5319
2017-02-05,20.39,31.3789,97.9612,73.5319
2017-02-06,20.57,32.5387,98.5521,73.1481
2017-02-07,20.49,33.3984,97.7799,71.3211
2017-02-08,20.56,35.3522,98.4556,72.4832
2017-02-09,20.65,37.3005,99.3243,73.2383
2017-02-10,20.62,44.1958,100.1942,71.9766
2017-02-11,20.62,44.1958,100.1942,71.9766
2017-02-12,20.62,44.1958,100.1942,71.9766
2017-02-13,20.57,43.8462,98.9362,67.2358
2017-02-14,20.51,37.9287,98.3559,65.9385
2017-02-15,20.36,40.6077,96.9052,63.7973
2017-02-16,20.59,41.3178,97.7906,65.6476
2017-02-17,20.66,41.7982,97.7033,64.6215
2017-02-18,20.66,41.7982,97.7033,64.6215
2017-02-19,20.66,41.7982,97.7033,64.6215
2017-02-20,20.8,42.7591,97.1564,71.9008
2017-02-21,20.86,42.0981,97.7251,73.8333
2017-02-22,20.73,44.1586,96.4929,75.0845
2017-02-23,20.7,46.9127,94.5489,74.8311
2017-02-24,20.7,46.9127,94.5489,74.8311
2017-02-25,20.7,46.9127,94.5489,74.8311
2017-02-26,20.7,46.9127,94.5489,74.8311
2017-02-27,20.64,46.4869,92.8972,73.2997
2017-02-28,20.71,46.5676,93.5514,75.0634
2017-03-01,20.77,42.3578,94.1121,76.0169
2017-03-02,20.48,37.6344,91.5809,73.5593
2017-03-03,20.6,36.4238,84.0929,79.1304
2017-03-04,20.6,36.4238,84.0929,79.1304
2017-03-05,20.6,36.4238,84.0929,79.1304
2017-03-06,20.74,37.351,80.662,81.6112
2017-03-07,20.67,36.8874,80.0523,80.9982
2017-03-08,20.5,35.7616,78.5714,75.6641
2017-03-09,20.48,35.0033,77.0095,75.4927
2017-03-10,20.39,34.7654,76.0794,69.0713
2017-03-11,20.39,34.7654,76.0794,69.0713
2017-03-12,20.39,34.7654,76.0794,69.0713
2017-03-13,20.39,34.7654,76.0794,69.0713
2017-03-14,20.64,35.8789,78.2383,73.8837
2017-03-15,20.75,36.693,79.1883,76.8968
2017-03-16,21.03,38.2643,81.6062,79.2839
2017-03-17,20.91,35.0775,81.039,80.5699
2017-03-18,20.91,35.0775,81.039,80.5699
2017-03-19,20.91,35.0775,81.039,80.5699
2017-03-20,20.9,35.0129,80.4836,77.7211
2017-03-21,20.83,31.3367,79.8791,82.0804
2017-03-22,20.6,29.397,77.8929,79.2863
2017-03-23,20.73,30.3774,76.1257,80.4178
2017-03-24,20.79,30.7547,71.9603,83.8196
2017-03-25,20.79,30.7547,71.9603,83.8196
2017-03-26,20.79,30.7547,71.9603,83.8196
2017-03-27,20.75,30.5031,68.5621,84.9376
2017-03-28,20.98,34.1432,70.4305,86.3233
2017-03-29,21.06,34.6547,71.0804,82.4957
2017-03-30,21.08,31.6677,70.0,82.669
2017-03-31,21.22,31.7194,71.129,80.2889
2017-04-01,21.22,31.7194,71.129,80.2889
2017-04-02,21.22,31.7194,71.129,80.2889
2017-04-03,21.41,32.4057,73.3603,82.368
2017-04-04,21.41,32.4057,73.3603,82.368
2017-04-05,21.49,35.4981,74.0081,83.0494
2017-04-06,21.51,35.7955,74.0291,83.2198
2017-04-07,21.46,35.7369,67.9186,85.9619
2017-04-08,21.46,35.7369,67.9186,85.9619
2017-04-09,21.46,35.7369,67.9186,85.9619
2017-04-10,21.66,37.0019,71.2253,88.676
2017-04-11,21.93,37.5784,73.3597,89.3782
2017-04-12,21.9,36.2788,73.1225,90.1042
2017-04-13,21.94,34.7666,73.4387,87.2014
2017-04-14,21.94,34.7666,73.4387,87.2014
2017-04-15,21.94,34.7666,73.4387,87.2014
2017-04-16,21.94,34.7666,73.4387,87.2014
2017-04-17,22.07,35.5651,74.4664,87.5106
2017-04-18,21.9,32.8883,73.1225,85.9083
2017-04-19,22.14,34.3447,75.0198,90.5336
2017-04-20,22.21,34.4431,72.8405,91.136
2017-04-21,22.19,34.1596,71.2191,95.679
2017-04-22,22.19,34.1596,71.2191,95.679
2017-04-23,22.19,34.1596,71.2191,95.679
2017-04-24,22.42,35.5502,74.339,99.2889
2017-04-25,22.59,36.8262,75.661,102.0572
2017-04-26,22.48,35.015,74.8056,101.4337
2017-04-27,22.44,35.0181,74.9026,101.0753
2017-04-28,22.5,36.7781,79.7125,100.5348
2017-04-29,22.5,36.7781,79.7125,100.5348
2017-04-30,22.5,36.7781,79.7125,100.5348
2017-05-01,22.5,36.7781,79.7125,100.5348
2017-05-02,22.58,37.5152,80.3514,104.7144
2017-05-03,22.56,37.8131,80.1917,108.8889
2017-05-04,22.68,39.7412,80.5732,110.0
2017-05-05,22.43,38.1158,76.8927,109.6262
2017-05-06,22.43,38.1158,76.8927,109.6262
2017-05-07,22.43,38.1158,76.8927,109.6262
2017-05-08,22.43,38.1158,71.7458,112.6066
2017-05-09,22.48,36.7397,72.1286,113.6882
2017-05-10,22.66,37.8345,73.5069,117.4664
2017-05-11,22.61,38.0342,69.3633,116.9866
2017-05-12,22.45,37.6456,62.4457,115.658
2017-05-13,22.45,37.6456,62.4457,115.658
2017-05-14,22.45,37.6456,62.4457,115.658
2017-05-15,22.72,39.301,58.8811,122.0919
2017-05-16,22.84,40.3811,59.7203,122.8293
2017-05-17,22.92,39.5009,60.2797,123.8281
2017-05-18,22.42,36.3747,47.403,118.9453
2017-05-19,22.43,39.1439,47.2751,118.8293
2017-05-20,22.43,39.1439,47.2751,118.8293
2017-05-21,22.43,39.1439,47.2751,118.8293
2017-05-22,22.26,38.0893,42.7838,118.8791
2017-05-23,22.04,36.5551,41.3727,114.1885
2017-05-24,21.72,34.6559,39.3201,108.8462
2017-05-25,22.05,34.3693,42.4419,112.0192
2017-05-26,22.38,32.5044,47.2368,110.5362
2017-05-27,22.38,32.5044,47.2368,110.5362
2017-05-28,22.38,32.5044,47.2368,110.5362
2017-05-29,22.19,31.3795,45.2225,109.7353
2017-05-30,22.25,31.0365,45.6152,110.3025
2017-05-31,22.44,32.3894,46.8586,114.7368
2017-06-01,22.39,32.5636,41.6192,114.2584
2017-06-02,22.43,31.9412,36.2697,114.0267
2017-06-03,22.43,31.9412,36.2697,114.0267
2017-06-04,22.43,31.9412,36.2697,114.0267
2017-06-05,22.41,31.8235,34.1113,107.6923
2017-06-06,22.32,31.1398,33.5727,104.7706
2017-06-07,22.39,30.5539,33.9916,103.9162
2017-06-08,22.3,28.8273,32.0308,103.0965
2017-06-09,22.44,29.5612,36.4134,102.1622
2017-06-10,22.44,29.5612,36.4134,102.1622
2017-06-11,22.44,29.5612,36.4134,102.1622
2017-06-12,22.21,28.2333,38.8125,100.6323
2017-06-13,22.22,29.111,38.875,104.4158
2017-06-14,22.26,29.1183,39.125,101.8132
2017-06-15,22.17,26.6134,38.3895,100.9973
2017-06-16,22.18,27.3249,38.4519,102.5571
2017-06-17,22.18,27.3249,38.4519,102.5571
2017-06-18,22.18,27.3249,38.4519,102.5571
2017-06-19,22.32,28.1286,40.5542,102.1739
2017-06-20,22.37,27.6098,40.869,100.2686
2017-06-21,22.33,27.746,40.6171,99.7317
2017-06-22,22.15,26.9341,38.6108,98.1216
2017-06-23,21.92,27.22,37.0857,94.8444
2017-06-24,21.92,27.22,37.0857,94.8444
2017-06-25,21.92,27.22,37.0857,94.8444
2017-06-26,21.92,27.22,37.0857,94.8444
2017-06-27,21.65,24.7839,35.3971,92.4444
2017-06-28,21.76,24.6991,36.0851,89.053
2017-06-29,21.83,23.7528,33.4352,89.6612
2017-06-30,21.95,21.9444,31.5947,89.3874
2017-07-01,21.95,21.9444,31.5947,89.3874
2017-07-02,21.95,21.9444,31.5947,89.3874
2017-07-03,22.13,22.9444,32.3565,89.4692
2017-07-04,22.13,22.0629,32.3565,87.8608
2017-07-05,22.33,23.7119,33.5526,90.6917
2017-07-06,22.39,24.0443,33.8314,91.2041
2017-07-07,22.39,24.5965,39.7628,90.7155
2017-07-08,22.39,24.5965,39.7628,90.7155
2017-07-09,22.39,24.5965,39.7628,90.7155
2017-07-10,22.55,25.4869,45.4839,93.3962
2017-07-11,22.42,23.1868,44.6452,94.1126
2017-07-12,22.65,23.9059,46.129,97.1279
2017-07-13,22.78,25.0274,45.6522,98.2594
2017-07-14,22.76,23.7629,38.7805,99.8244
2017-07-15,22.76,23.7629,38.7805,99.8244
2017-07-16,22.76,23.7629,38.7805,99.8244
2017-07-17,22.87,24.3611,39.9633,99.738
2017-07-18,22.78,24.8904,39.4125,98.6051
2017-07-19,22.94,25.0136,40.3917,101.5817
2017-07-20,22.86,23.4341,40.2454,100.8787
2017-07-21,22.85,23.3135,38.9058,104.3828
2017-07-22,22.85,23.3135,38.9058,104.3828
2017-07-23,22.85,23.3135,38.9058,104.3828
2017-07-24,22.9,23.5834,41.4453,106.4923
2017-07-25,22.97,22.703,41.8777,109.7717
2017-07-26,23.14,24.2083,42.9277,110.3636
2017-07-27,23.05,23.328,43.6137,109.5455
2017-07-28,23.02,23.2334,43.7851,104.6222
2017-07-29,23.02,23.2334,43.7851,104.6222
2017-07-30,23.02,23.2334,43.7851,104.6222
2017-07-31,23.3,24.7323,46.9105,105.2863
2017-08-01,23.37,24.9733,47.3518,106.2665
2017-08-02,23.33,25.6327,47.0996,107.7471
2017-08-03,23.14,25.6926,44.3543,106.0552
2017-08-04,23.25,23.736,45.768,102.1739
2017-08-05,23.25,23.736,45.768,102.1739
2017-08-06,23.25,23.736,45.768,102.1739
2017-08-07,23.51,25.1197,50.2236,105.507
2017-08-08,23.38,23.6383,49.393,105.4482
2017-08-09,23.22,23.1177,48.3706,105.1237
2017-08-10,22.67,21.8817,43.8452,100.265
2017-08-11,22.51,20.1815,42.5586,96.5939
2017-08-12,22.51,20.1815,42.5586,96.5939
2017-08-13,22.51,20.1815,42.5586,96.5939
2017-08-14,22.98,22.6909,45.5351,100.3487
2017-08-15,22.98,22.6909,45.5351,100.3487
2017-08-16,23.21,22.8692,46.9918,103.2399
2017-08-17,23.27,22.7321,44.4444,103.7653
2017-08-18,23.25,20.155,42.901,102.5261
2017-08-19,23.25,20.155,42.901,102.5261
2017-08-20,23.25,20.155,42.901,102.5261
2017-08-21,23.0,18.863,40.9314,101.049
2017-08-22,22.96,19.4589,40.6863,101.0508
2017-08-23,23.18,21.2977,42.0343,105.1327
2017-08-24,23.26,22.1639,43.5802,109.3609
2017-08-25,23.26,22.1639,43.5802,109.3609
2017-08-26,23.26,22.1639,43.5802,109.3609
2017-08-27,23.26,22.1639,43.5802,109.3609
2017-08-28,23.36,22.6891,44.1975,112.1708
2017-08-29,23.12,20.9838,42.716,108.8528
2017-08-30,23.5,21.5098,45.0617,113.8308
2017-08-31,23.58,20.9231,42.9091,114.5587
2017-09-01,23.76,22.7907,43.6518,116.1965
2017-09-02,23.76,22.7907,43.6518,116.1965
2017-09-03,23.76,22.7907,43.6518,116.1965
2017-09-04,23.61,22.0155,42.1433,117.2033
2017-09-05,23.83,23.1525,43.4678,119.0257
2017-09-06,23.9,21.8145,43.8892,115.5095
2017-09-07,24.05,22.8922,43.3254,116.862
2017-09-08,24.02,23.1795,41.5439,115.426
2017-09-09,24.02,23.1795,41.5439,115.426
2017-09-10,24.02,23.1795,41.5439,115.426
2017-09-11,24.36,24.9231,43.4629,116.919
2017-09-12,24.57,29.5203,44.6996,119.7674
2017-09-13,24.41,28.6769,43.7574,113.0017
2017-09-14,24.43,27.7052,44.1298,113.1763
2017-09-15,24.4,27.6151,44.7212,105.9072
2017-09-16,24.4,27.6151,44.7212,105.9072
2017-09-17,24.4,27.6151,44.7212,105.9072
2017-09-18,24.59,28.6088,46.9815,107.5105
2017-09-19,24.56,27.6507,46.8022,109.3777
2017-09-20,24.59,28.3403,46.9815,103.2231
2017-09-21,24.42,27.3865,45.5304,101.8182
2017-09-22,23.67,22.0732,48.6809,94.0164
2017-09-23,23.67,22.0732,48.6809,94.0164
2017-09-24,23.67,22.0732,48.6809,94.0164
2017-09-25,23.45,20.9386,45.0216,92.3708
2017-09-26,23.54,22.0321,45.5782,93.9044
2017-09-27,23.09,19.8858,42.7953,88.4898
2017-09-28,23.3,19.7328,43.6498,90.2041
2017-09-29,23.51,22.7035,46.1156,90.2104
2017-09-30,23.51,22.7035,46.1156,90.2104
2017-10-01,23.51,22.7035,46.1156,90.2104
2017-10-02,23.51,22.7035,46.1156,90.2104
2017-10-03,23.63,20.8696,46.8614,89.1914
2017-10-04,23.66,20.1625,47.0479,90.0402
2017-10-05,23.68,19.9595,47.1722,90.2008
2017-10-06,23.99,21.4684,48.3612,94.4084
2017-10-07,23.99,21.4684,48.3612,94.4084
2017-10-08,23.99,21.4684,48.3612,94.4084
2017-10-09,23.98,21.4177,51.0076,97.2039
2017-10-10,24.08,21.9241,51.6373,95.1378
2017-10-11,23.94,21.2152,50.7557,94.7925
2017-10-12,24.17,22.3797,51.3463,96.664
2017-10-13,24.29,23.9918,55.5058,100.2473
2017-10-14,24.29,23.9918,55.5058,100.2473
2017-10-15,24.29,23.9918,55.5058,100.2473
2017-10-16,24.39,24.5023,54.7589,100.5757
2017-10-17,24.43,25.7334,55.0127,98.2955
2017-10-18,24.59,24.3804,50.9515,100.571
2017-10-19,24.59,24.3804,50.9515,100.571
2017-10-20,24.59,24.3804,50.9515,100.571
2017-10-21,24.59,24.3804,50.9515,100.571
2017-10-22,24.59,24.3804,50.9515,100.571
2017-10-23,24.82,25.5438,52.3634,102.447
2017-10-24,24.9,26.0121,52.8545,103.2653
2017-10-25,25.1,27.2174,54.0823,106.2449
2017-10-26,25.26,29.4721,54.59,107.5596
2017-10-27,25.19,28.8491,52.1135,112.2157
2017-10-28,25.19,28.8491,52.1135,112.2157
2017-10-29,25.19,28.8491,52.1135,112.2157
2017-10-30,25.38,29.821,50.0,113.2773
2017-10-31,25.34,29.2198,49.7636,111.3428
2017-11-01,25.54,29.7105,50.9456,111.0744
2017-11-02,25.57,32.213,50.235,111.3223
2017-11-03,25.58,35.2723,49.2415,111.9304
2017-11-04,25.58,35.2723,49.2415,111.9304
2017-11-05,25.58,35.2723,49.2415,111.9304
2017-11-06,25.63,35.5368,48.4936,111.1203
2017-11-07,25.21,32.0587,46.0603,108.6921
2017-11-08,25.02,30.6527,44.9594,109.5477
2017-11-09,25.2,33.4746,45.8333,111.0553
2017-11-10,25.29,34.307,45.7637,110.75
2017-11-11,25.29,34.307,45.7637,110.75
2017-11-12,25.29,34.307,45.7637,110.75
2017-11-13,25.13,33.4572,43.4361,109.4167
2017-11-14,24.98,32.6606,42.5799,107.8203
2017-11-15,24.72,35.0082,41.0959,109.1371
2017-11-16,24.9,36.4384,40.678,110.6599
2017-11-17,25.13,37.4726,42.5411,115.7082
2017-11-18,25.13,37.4726,42.5411,115.7082
2017-11-19,25.13,37.4726,42.5411,115.7082
2017-11-20,25.21,37.9103,42.4294,114.7359
2017-11-21,25.29,41.9989,42.8814,114.6859
2017-11-22,25.4,40.7982,43.5028,115.9864
2017-11-23,25.46,39.8901,42.4734,116.4966
2017-11-24,25.54,38.4282,44.457,113.9028
2017-11-25,25.54,38.4282,44.457,113.9028
2017-11-26,25.54,38.4282,44.457,113.9028
2017-11-27,25.63,38.916,42.706,114.6566
2017-11-28,25.7,37.8755,43.0958,111.6969
2017-11-29,25.73,38.3333,43.2628,110.2124
2017-11-30,25.56,35.4531,43.4343,108.8235
2017-12-01,25.24,37.1739,38.4531,104.2071
2017-12-02,25.24,37.1739,38.4531,104.2071
2017-12-03,25.24,37.1739,38.4531,104.2071
2017-12-04,25.18,36.8478,39.0392,103.557
2017-12-05,25.08,35.7878,38.487,100.64
2017-12-06,24.87,33.5661,37.3274,99.759
2017-12-07,25.26,35.9526,41.3542,102.8916
2017-12-08,25.46,34.6378,45.3196,105.8205
2017-12-09,25.46,34.6378,45.3196,105.8205
2017-12-10,25.46,34.6378,45.3196,105.8205
2017-12-11,25.43,34.4791,46.7398,106.748
2017-12-12,25.25,34.7385,45.7011,106.1224
2017-12-13,25.09,34.0994,44.7778,102.502
2017-12-14,25.05,34.6774,45.4704,102.1792
2017-12-15,25.26,35.9526,45.4231,101.2749
2017-12-16,25.26,35.9526,45.4231,101.2749
2017-12-17,25.26,35.9526,45.4231,101.2749
2017-12-18,25.47,37.0829,46.2113,101.5032
2017-12-19,25.72,39.027,47.6464,103.1596
2017-12-20,25.91,41.6621,48.7371,108.4473
2017-12-21,26.22,43.2004,49.5722,110.9413
2017-12-22,26.41,46.3158,51.087,110.6061
2017-12-23,26.41,46.3158,51.087,110.6061
2017-12-24,26.41,46.3158,51.087,110.6061
2017-12-25,26.41,46.3158,51.087,110.6061
2017-12-26,26.62,49.803,52.2883,113.1305
2017-12-27,26.48,46.7849,51.4874,110.828
2017-12-28,26.57,47.3655,50.709,111.5446
2017-12-29,26.62,44.9891,48.3008,107.6443
2017-12-30,26.62,44.9891,48.3008,107.6443
2017-12-31,26.62,44.9891,48.3008,107.6443
2018-01-01,26.61,44.9346,46.4502,106.1193
2018-01-02,26.46,42.8726,45.6247,104.0093
2018-01-03,26.72,43.0407,47.0556,106.0139
2018-01-04,27.12,45.6498,49.0929,109.0979
2018-01-05,27.27,44.7452,50.9131,111.2316
2018-01-06,27.27,44.7452,50.9131,111.2316
2018-01-07,27.27,44.7452,50.9131,111.2316
2018-01-08,27.53,46.1253,52.7747,114.0747
2018-01-09,27.51,45.9416,52.6637,114.2523
2018-01-10,27.6,44.958,53.1632,118.7005
2018-01-11,27.65,43.3385,52.0066,119.0967
2018-01-12,27.75,42.9675,51.3912,114.4513
2018-01-13,27.75,42.9675,51.3912,114.4513
2018-01-14,27.75,42.9675,51.3912,114.4513
2018-01-15,27.77,43.0706,51.5003,117.6332
2018-01-16,27.31,40.4113,48.9907,112.5292
2018-01-17,27.51,41.9505,50.0818,112.5966
2018-01-18,27.03,38.829,46.8224,108.8872
2018-01-19,27.21,41.1307,45.3526,111.4219
2018-01-20,27.21,41.1307,45.3526,111.4219
2018-01-21,27.21,41.1307,45.3526,111.4219
2018-01-22,27.4,42.1162,46.4458,113.8954
2018-01-23,27.66,42.5039,47.8354,119.5238
2018-01-24,27.56,39.7566,47.3009,114.809
2018-01-25,27.54,37.0149,45.4834,117.0213
2018-01-26,27.54,37.0149,45.4834,117.0213
2018-01-27,27.54,37.0149,45.4834,117.0213
2018-01-28,27.54,37.0149,45.4834,117.0213
2018-01-29,27.39,36.2687,47.2581,116.693
2018-01-30,27.24,35.6574,46.4516,115.1659
2018-01-31,27.14,36.3819,45.914,115.9109
2018-02-01,27.11,33.6126,45.284,115.6722
2018-02-02,26.11,28.053,43.3828,110.2254
2018-02-03,26.11,28.053,43.3828,110.2254
2018-02-04,26.11,28.053,43.3828,110.2254
2018-02-05,26.02,27.6116,43.9159,109.164
2018-02-06,25.65,24.6962,41.8695,108.3672
2018-02-07,25.86,26.2079,43.031,112.1411
2018-02-08,26.21,27.4805,47.2472,115.0123
2018-02-09,26.22,27.1581,41.5767,114.5663
2018-02-10,26.22,27.1581,41.5767,114.5663
2018-02-11,26.22,27.1581,41.5767,114.5663
2018-02-12,26.66,29.6062,42.4906,122.352
2018-02-13,26.66,29.6062,42.4906,122.352
2018-02-14,26.67,30.0341,42.5441,122.621
2018-02-15,26.49,30.1081,42.1137,121.1185
2018-02-16,26.17,26.6699,38.6123,114.8604
2018-02-17,26.17,26.6699,38.6123,114.8604
2018-02-18,26.17,26.6699,38.6123,114.8604
2018-02-19,25.85,25.121,36.3397,112.0591
2018-02-20,25.76,23.8462,35.865,115.9262
2018-02-21,25.73,23.3461,35.7068,114.5955
2018-02-22,25.74,24.1679,36.6968,114.6789
2018-02-23,26.14,26.2802,41.2973,124.3777
2018-02-24,26.14,26.2802,41.2973,124.3777
2018-02-25,26.14,26.2802,41.2973,124.3777
2018-02-26,26.44,27.7295,39.3045,123.1224
2018-02-27,26.45,28.1492,39.3572,130.0
2018-02-28,26.37,27.3298,38.9357,129.1051
2018-03-01,26.2,27.1845,34.2901,126.8398
2018-03-02,26.2,27.1845,34.2901,126.8398
2018-03-03,26.2,27.1845,34.2901,126.8398
2018-03-04,26.2,27.1845,34.2901,126.8398
2018-03-05,25.93,25.8738,32.9062,120.4932
2018-03-06,25.71,23.9634,31.7786,118.0662
2018-03-07,25.43,23.0285,30.3434,113.5181
2018-03-08,25.72,25.4634,33.8189,115.953
2018-03-09,25.73,26.1893,32.9716,117.3142
2018-03-10,25.73,26.1893,32.9716,117.3142
2018-03-11,25.73,26.1893,32.9716,117.3142
2018-03-12,25.9,27.0231,35.3894,121.7466
2018-03-13,26.1,28.0039,36.4349,120.2532
2018-03-14,26.0,25.969,35.9122,120.1524
2018-03-15,26.01,25.3494,36.5354,120.2371
2018-03-16,25.58,22.3338,34.3487,125.3744
2018-03-17,25.58,22.3338,34.3487,125.3744
2018-03-18,25.58,22.3338,34.3487,125.3744
2018-03-19,25.23,20.66,34.0595,127.7076
2018-03-20,25.15,20.3349,33.6344,130.7339
2018-03-21,25.25,21.2194,34.1658,131.2271
2018-03-22,25.08,21.7476,34.5494,129.6703
2018-03-23,24.74,18.9995,35.3392,129.2864
2018-03-24,24.74,18.9995,35.3392,129.2864
2018-03-25,24.74,18.9995,35.3392,129.2864
2018-03-26,25.15,20.9716,37.3566,133.0862
2018-03-27,25.4,22.4096,38.722,132.6007
2018-03-28,25.24,18.9444,31.6641,125.3571
2018-03-29,25.24,18.9444,31.6641,125.3571
2018-03-30,25.24,18.9444,31.6641,125.3571
2018-03-31,25.24,18.9444,31.6641,125.3571
2018-04-01,25.24,18.9444,31.6641,125.3571
2018-04-02,25.63,20.7823,33.6985,132.3663
2018-04-03,25.91,21.0182,35.1591,138.582
2018-04-04,25.65,19.8038,33.8028,136.4055
2018-04-05,26.19,21.8706,35.6995,141.3825
2018-04-06,26.27,22.4138,35.3426,143.9183
2018-04-07,26.27,22.4138,35.3426,143.9183
2018-04-08,26.27,22.4138,35.3426,143.9183
2018-04-09,26.4,23.0196,35.8724,143.0939
2018-04-10,26.38,21.7913,35.7694,142.6863
2018-04-11,26.42,20.4742,35.9753,142.6079
2018-04-12,26.39,20.5023,35.1947,142.3324
2018-04-13,26.4,20.3282,37.5,135.9249
2018-04-14,26.4,20.3282,37.5,135.9249
2018-04-15,26.4,20.3282,37.5,135.9249
2018-04-16,26.49,20.7384,39.7152,136.7292
2018-04-17,26.65,20.7522,40.5591,135.0088
2018-04-18,26.56,21.2785,40.0844,134.2152
2018-04-19,26.81,21.093,43.6763,136.4198
2018-04-20,26.63,20.009,43.4033,133.1874
2018-04-21,26.63,20.009,43.4033,133.1874
2018-04-22,26.63,20.009,43.4033,133.1874
2018-04-23,26.76,20.5949,47.438,134.3257
2018-04-24,26.84,19.7145,47.8788,133.3913
2018-04-25,26.6,17.7512,46.5565,134.1549
2018-04-26,26.59,18.2829,49.5501,134.0669
2018-04-27,26.8,19.1111,47.8213,136.1233
2018-04-28,26.8,19.1111,47.8213,136.1233
2018-04-29,26.8,19.1111,47.8213,136.1233
2018-04-30,26.86,19.3778,48.1522,133.7685
2018-05-01,26.86,19.3778,48.1522,133.7685
2018-05-02,26.61,17.8477,46.7733,134.4493
2018-05-03,26.37,16.8883,43.0819,132.3348
2018-05-04,26.3,17.2537,50.63,129.4939
2018-05-05,26.3,17.2537,50.63,129.4939
2018-05-06,26.3,17.2537,50.63,129.4939
2018-05-07,26.61,18.6358,49.6625,132.199
2018-05-08,26.69,18.9924,50.1125,133.7128
2018-05-09,26.66,18.5943,49.9438,132.4324
2018-05-10,26.35,16.2842,45.4997,129.7297
2018-05-11,26.55,18.2628,47.01,134.3336
2018-05-12,26.55,18.2628,47.01,134.3336
2018-05-13,26.55,18.2628,47.01,134.3336
2018-05-14,26.37,17.461,45.3693,126.1578
2018-05-15,26.25,15.537,44.7078,121.7061
2018-05-16,26.14,14.4483,44.1014,119.1115
2018-05-17,26.06,13.6998,42.1713,118.4409
2018-05-18,25.62,14.222,40.2299,120.1031
2018-05-19,25.62,14.222,40.2299,120.1031
2018-05-20,25.62,14.222,40.2299,120.1031
2018-05-21,25.24,12.5279,37.7729,120.0523
2018-05-22,25.36,13.9263,38.4279,129.7101
2018-05-23,25.21,14.3829,37.6092,126.0987
2018-05-24,25.24,16.2063,38.15,126.3677
2018-05-25,25.45,13.7176,39.3757,124.8233
2018-05-26,25.45,13.7176,39.3757,124.8233
2018-05-27,25.45,13.7176,39.3757,124.8233
2018-05-28,25.73,14.9687,39.0059,128.9146
2018-05-29,25.66,15.6377,38.6278,129.3119
2018-05-30,25.64,15.236,38.5197,135.0137
2018-05-31,25.72,14.6168,39.1022,135.747
2018-06-01,25.57,13.9991,42.5307,135.6682
2018-06-02,25.57,13.9991,42.5307,135.6682
2018-06-03,25.57,13.9991,42.5307,135.6682
2018-06-04,25.36,13.0629,40.7325,133.0882
2018-06-05,25.07,11.8697,39.1232,130.0
2018-06-06,25.39,13.7545,40.899,134.8751
2018-06-07,25.81,15.2747,45.3266,138.7604
2018-06-08,25.79,14.9287,45.5418,146.7943
2018-06-09,25.79,14.9287,45.5418,146.7943
2018-06-10,25.79,14.9287,45.5418,146.7943
2018-06-11,25.83,15.107,45.5211,147.651
2018-06-12,26.01,17.1094,46.5352,154.2522
2018-06-13,25.91,16.6067,45.9718,147.469
2018-06-14,25.93,16.487,45.838,147.66
2018-06-15,25.79,16.2759,41.4701,146.5583
2018-06-16,25.79,16.2759,41.4701,146.5583
2018-06-17,25.79,16.2759,41.4701,146.5583
2018-06-18,25.69,15.8251,40.7671,145.8373
2018-06-19,25.45,14.0233,39.4521,151.234
2018-06-20,25.61,14.4837,40.3288,155.5888
2018-06-21,25.5,14.1961,38.0617,154.491
2018-06-22,25.5,16.3321,37.6147,160.4699
2018-06-23,25.5,16.3321,37.6147,160.4699
2018-06-24,25.5,16.3321,37.6147,160.4699
2018-06-25,25.21,15.0091,36.7878,159.3621
2018-06-26,25.09,14.4617,36.1367,155.7594
2018-06-27,24.68,13.9954,33.9121,143.8735
2018-06-28,24.43,12.2702,34.2308,141.4032
2018-06-29,24.91,13.4852,33.0662,142.3152
2018-06-30,24.91,13.4852,33.0662,142.3152
2018-07-01,24.91,13.4852,33.0662,142.3152
2018-07-02,24.63,12.2096,31.36,148.0363
2018-07-03,24.73,11.7488,31.8933,146.5603
2018-07-04,24.79,12.0199,32.2133,145.9325
2018-07-05,24.7,10.6135,30.4807,145.0397
2018-07-06,24.9,11.2104,32.7292,148.008
2018-07-07,24.9,11.2104,32.7292,148.008
2018-07-08,24.9,11.2104,32.7292,148.008
2018-07-09,25.19,12.5056,33.847,152.1522
2018-07-10,25.44,12.816,35.1753,149.4118
2018-07-11,25.31,12.8903,34.4846,147.6517
2018-07-12,25.43,12.2737,33.9831,148.8258
2018-07-13,25.27,11.0281,30.6618,151.4428
2018-07-14,25.27,11.0281,30.6618,151.4428
2018-07-15,25.27,11.0281,30.6618,151.4428
2018-07-16,24.77,8.8313,28.0765,148.4453
2018-07-17,25.07,9.6196,29.6277,147.4827
2018-07-18,24.79,8.8235,28.1799,145.4455
2018-07-19,24.7,7.6722,27.9793,144.5545
2018-07-20,24.81,8.5777,29.6238,145.6436
2018-07-21,24.81,8.5777,29.6238,145.6436
2018-07-22,24.81,8.5777,29.6238,145.6436
2018-07-23,25.08,9.7593,32.6984,153.8462
2018-07-24,25.71,12.2707,36.0317,162.8834
2018-07-25,25.72,11.9721,36.0847,165.4283
2018-07-26,25.72,11.1495,38.8019,165.4283
2018-07-27,25.95,12.7281,37.6658,177.8373
2018-07-28,25.95,12.7281,37.6658,177.8373
2018-07-29,25.95,12.7281,37.6658,177.8373
2018-07-30,26.13,13.51,37.0934,178.8687
2018-07-31,26.3,12.8755,37.9853,188.0613
