2013-01-02,10.2784,,,
2013-01-03,10.2807,,,
2013-01-04,10.2839,,,
2013-01-05,10.2839,,,
2013-01-06,10.2839,,,
2013-01-07,10.2916,,,
2013-01-08,10.294,,,
2013-01-09,10.2962,,,
2013-01-10,10.2985,,,
2013-01-11,10.3016,,,
2013-01-12,10.3016,,,
2013-01-13,10.3016,,,
2013-01-14,10.3089,,,
2013-01-15,10.3117,,,
2013-01-16,10.3146,,,
2013-01-17,10.3171,,,
2013-01-18,10.3194,,,
2013-01-19,10.3194,,,
2013-01-20,10.3194,,,
2013-01-21,10.3262,,,
2013-01-22,10.3284,,,
2013-01-23,10.3304,,,
2013-01-24,10.3328,,,
2013-01-25,10.3328,,,
2013-01-26,10.3328,,,
2013-01-27,10.3328,,,
2013-01-28,10.3421,,,
2013-01-29,10.3448,,,
2013-01-30,10.26,,,
2013-01-31,10.261,,,
2013-02-01,10.263,,,
2013-02-02,10.263,,,
2013-02-03,10.263,,,
2013-02-04,10.2688,,,
2013-02-05,10.2702,,,
2013-02-06,10.2725,,,
2013-02-07,10.2748,,,
2013-02-08,10.2769,,,
2013-02-09,10.2769,,,
2013-02-10,10.2769,,,
2013-02-11,10.2837,,,
2013-02-12,10.2856,,,
2013-02-13,10.2868,,,
2013-02-14,10.2875,,,
2013-02-15,10.2892,,,
2013-02-16,10.2892,,,
2013-02-17,10.2892,,,
2013-02-18,10.2969,,,
2013-02-19,10.2969,,,
2013-02-20,10.3015,,,
2013-02-21,10.3038,,,
2013-02-22,10.3065,,,
2013-02-23,10.3065,,,
2013-02-24,10.3065,,,
2013-02-25,10.3136,,,
2013-02-26,10.3152,,,
2013-02-27,10.26,,,
2013-02-28,10.2622,,,
2013-03-01,10.2648,,,
2013-03-02,10.2648,,,
2013-03-03,10.2648,,,
2013-03-04,10.2722,,,
2013-03-05,10.2758,,,
2013-03-06,10.2788,,,
2013-03-07,10.2819,,,
2013-03-08,10.284,,,
2013-03-09,10.284,,,
2013-03-10,10.284,,,
2013-03-11,10.2914,,,
2013-03-12,10.2941,,,
2013-03-13,10.2973,,,
2013-03-14,10.3029,,,
2013-03-15,10.3053,,,
2013-03-16,10.3053,,,
2013-03-17,10.3053,,,
2013-03-18,10.3129,,,
2013-03-19,10.3157,,,
2013-03-20,10.3196,,,
2013-03-21,10.3239,,,
2013-03-22,10.3272,,,
2013-03-23,10.3272,,,
2013-03-24,10.3272,,,
2013-03-25,10.3335,,,
2013-03-26,10.26,,,
2013-03-27,10.26,,,
2013-03-28,10.2669,,,
2013-03-29,10.2669,,,
2013-03-30,10.2669,,,
2013-03-31,10.2669,,,
2013-04-01,10.2669,,,
2013-04-02,10.291,,,
2013-04-03,10.2937,,,
2013-04-04,10.2981,,,
2013-04-05,10.2992,,,
2013-04-06,10.2992,,,
2013-04-07,10.2992,,,
2013-04-08,10.305,,,
2013-04-09,10.306,,,
2013-04-10,10.3089,,,
2013-04-11,10.3089,,,
2013-04-12,10.3154,,,
2013-04-13,10.3154,,,
2013-04-14,10.3154,,,
2013-04-15,10.3244,,,
2013-04-16,10.3288,,,
2013-04-17,10.3293,,,
2013-04-18,10.3349,,,
2013-04-19,10.3349,,,
2013-04-20,10.3349,,,
2013-04-21,10.3349,,,
2013-04-22,10.3432,,,
2013-04-23,10.3468,,,
2013-04-24,10.3468,,,
2013-04-25,10.26,,,
2013-04-26,10.2619,,,
2013-04-27,10.2619,,,
2013-04-28,10.2619,,,
2013-04-29,10.2694,,,
2013-04-30,10.2723,,,
2013-05-01,10.2723,,,
2013-05-02,10.2826,,,
2013-05-03,10.2807,,,
2013-05-04,10.2807,,,
2013-05-05,10.2807,,,
2013-05-06,10.2946,,,
2013-05-07,10.2962,,,
2013-05-08,10.3021,,,
2013-05-09,10.3108,,,
2013-05-10,10.3164,,,
2013-05-11,10.3164,,,
2013-05-12,10.3164,,,
2013-05-13,10.3226,,,
2013-05-14,10.3301,,,
2013-05-15,10.3382,,,
2013-05-16,10.3395,,,
2013-05-17,10.3477,,,
2013-05-18,10.3477,,,
2013-05-19,10.3477,,,
2013-05-20,10.3539,,,
2013-05-21,10.3572,,,
2013-05-22,10.3583,,,
2013-05-23,10.3586,,,
2013-05-24,10.3608,,,
2013-05-25,10.3608,,,
2013-05-26,10.3608,,,
2013-05-27,10.3671,,,
2013-05-28,10.3689,,,
2013-05-29,10.26,,,
2013-05-30,10.2617,,,
2013-05-31,10.2633,,,
2013-06-01,10.2633,,,
2013-06-02,10.2633,,,
2013-06-03,10.2702,,,
2013-06-04,10.2729,,,
2013-06-05,10.2756,,,
2013-06-06,10.2781,,,
2013-06-07,10.2799,,,
2013-06-08,10.2799,,,
2013-06-09,10.2799,,,
2013-06-10,10.2855,,,
2013-06-11,10.2862,,,
2013-06-12,10.2876,,,
2013-06-13,10.2895,,,
2013-06-14,10.2924,,,
2013-06-15,10.2924,,,
2013-06-16,10.2924,,,
2013-06-17,10.3002,,,
2013-06-18,10.3051,,,
2013-06-19,10.3082,,,
2013-06-20,10.3051,,,
2013-06-21,10.3076,,,
2013-06-22,10.3076,,,
2013-06-23,10.3076,,,
2013-06-24,10.3121,,,
2013-06-25,10.3138,,,
2013-06-26,10.26,,,
2013-06-27,10.2626,,,
2013-06-28,10.2741,,,
2013-06-29,10.2741,,,
2013-06-30,10.2741,,,
2013-07-01,10.2741,,,
2013-07-02,10.2799,,,
2013-07-03,10.2777,,,
2013-07-04,10.2851,,,
2013-07-05,10.2881,,,
2013-07-06,10.2881,,,
2013-07-07,10.2881,,,
2013-07-08,10.292,,,
2013-07-09,10.2935,,,
2013-07-10,10.2952,,,
2013-07-11,10.2963,,,
2013-07-12,10.2976,,,
2013-07-13,10.2976,,,
2013-07-14,10.2976,,,
2013-07-15,10.3029,,,
2013-07-16,10.2194,,,
2013-07-17,10.2244,,,
2013-07-18,10.241,,,
2013-07-19,10.243,,,
2013-07-20,10.243,,,
2013-07-21,10.243,,,
2013-07-22,10.2467,,,
2013-07-23,10.2299,,,
2013-07-24,10.2056,,,
2013-07-25,10.2136,,,
2013-07-26,10.2219,,,
2013-07-27,10.2219,,,
2013-07-28,10.2219,,,
2013-07-29,10.2319,,,
2013-07-30,10.2363,,,
2013-07-31,10.2407,,,
2013-08-01,10.2444,,,
2013-08-02,10.2485,,,
2013-08-03,10.2485,,,
2013-08-04,10.2485,,,
2013-08-05,10.2574,,,
2013-08-06,10.2586,,,
2013-08-07,10.2619,,,
2013-08-08,10.2649,,,
2013-08-09,10.2649,,,
2013-08-10,10.2649,,,
2013-08-11,10.2649,,,
2013-08-12,10.2725,,,
2013-08-13,10.274,,,
2013-08-14,10.2746,,,
2013-08-15,10.2746,,,
2013-08-16,10.2762,,,
2013-08-17,10.2762,,,
2013-08-18,10.2762,,,
2013-08-19,10.2801,,,
2013-08-20,10.2793,,,
2013-08-21,10.296,,,
2013-08-22,10.2977,,,
2013-08-23,10.3019,,,
2013-08-24,10.3019,,,
2013-08-25,10.3019,,,
2013-08-26,10.3098,,,
2013-08-27,10.3086,,,
2013-08-28,10.26,,,
2013-08-29,10.2623,,,
2013-08-30,10.2659,,,
2013-08-31,10.2659,,,
2013-09-01,10.2659,,,
2013-09-02,10.2765,,,
2013-09-03,10.2842,,,
2013-09-04,10.2957,,,
2013-09-05,10.3214,,,
2013-09-06,10.3209,,,
2013-09-07,10.3209,,,
2013-09-08,10.3209,,,
2013-09-09,10.3209,,,
2013-09-10,10.3379,,,
2013-09-11,10.3413,,,
2013-09-12,10.3446,,,
2013-09-13,10.3474,,,
2013-09-14,10.3474,,,
2013-09-15,10.3474,,,
2013-09-16,10.3567,,,
2013-09-17,10.3597,,,
2013-09-18,10.3653,,,
2013-09-19,10.378,,,
2013-09-20,10.3831,,,
2013-09-21,10.3831,,,
2013-09-22,10.3831,,,
2013-09-23,10.3895,,,
2013-09-24,10.3941,,,
2013-09-25,10.26,,,
2013-09-26,10.2632,,,
2013-09-27,10.2664,,,
2013-09-28,10.2664,,,
2013-09-29,10.2664,,,
2013-09-30,10.2755,,,
2013-10-01,10.2792,,,
2013-10-02,10.2792,,,
2013-10-03,10.2859,,,
2013-10-04,10.2898,,,
2013-10-05,10.2898,,,
2013-10-06,10.2898,,,
2013-10-07,10.2998,,,
2013-10-08,10.3156,,,
2013-10-09,10.3172,,,
2013-10-10,10.3196,,,
2013-10-11,10.3215,,,
2013-10-12,10.3215,,,
2013-10-13,10.3215,,,
2013-10-14,10.3293,,,
2013-10-15,10.3285,,,
2013-10-16,10.3285,,,
2013-10-17,10.3337,,,
2013-10-18,10.3361,,,
2013-10-19,10.3361,,,
2013-10-20,10.3361,,,
2013-10-21,10.3435,,,
2013-10-22,10.3462,,,
2013-10-23,10.3479,,,
2013-10-24,10.3499,,,
2013-10-25,10.3529,,,
2013-10-26,10.3529,,,
2013-10-27,10.3529,,,
2013-10-28,10.3602,,,
2013-10-29,10.3673,,,
2013-10-30,10.26,,,
2013-10-31,10.2644,,,
2013-11-01,10.2657,,,
2013-11-02,10.2657,,,
2013-11-03,10.2657,,,
2013-11-04,10.2657,,,
2013-11-05,10.2745,,,
2013-11-06,10.2767,,,
2013-11-07,10.2741,,,
2013-11-08,10.2757,,,
2013-11-09,10.2757,,,
2013-11-10,10.2757,,,
2013-11-11,10.2811,,,
2013-11-12,10.2795,,,
2013-11-13,10.2816,,,
2013-11-14,10.2791,,,
2013-11-15,10.2791,,,
2013-11-16,10.2791,,,
2013-11-17,10.2791,,,
2013-11-18,10.2886,,,
2013-11-19,10.2959,,,
2013-11-20,10.2998,,,
2013-11-21,10.2995,,,
2013-11-22,10.3014,,,
2013-11-23,10.3014,,,
2013-11-24,10.3014,,,
2013-11-25,10.3109,,,
2013-11-26,10.315,,,
2013-11-27,10.26,,,
2013-11-28,10.2636,,,
2013-11-29,10.2668,,,
2013-11-30,10.2668,,,
2013-12-01,10.2668,,,
2013-12-02,10.2735,,,
2013-12-03,10.2755,,,
2013-12-04,10.28,,,
2013-12-05,10.2869,,,
2013-12-06,10.2887,,,
2013-12-07,10.2887,,,
2013-12-08,10.2887,,,
2013-12-09,10.2914,,,
2013-12-10,10.2943,,,
2013-12-11,10.2958,,,
2013-12-12,10.3034,,,
2013-12-13,10.2993,,,
2013-12-14,10.2993,,,
2013-12-15,10.2993,,,
2013-12-16,10.3076,,,
2013-12-17,10.3093,,,
2013-12-18,10.3123,,,
2013-12-19,10.3155,,,
2013-12-20,10.3192,,,
2013-12-21,10.3192,,,
2013-12-22,10.3192,,,
2013-12-23,10.3252,,,
2013-12-24,10.3283,,,
2013-12-25,10.3283,,,
2013-12-26,10.26,,,
2013-12-27,10.2611,,,
2013-12-28,10.2611,,,
2013-12-29,10.2611,,,
2013-12-30,10.2665,,,
2013-12-31,10.2706,,,
2014-01-01,10.2766,,,
2014-01-02,10.2796,0.0117,,
2014-01-03,10.2824,-0.0146,,
2014-01-04,10.2824,-0.0146,,
2014-01-05,10.2824,-0.0146,,
2014-01-06,10.2897,0.0564,,
2014-01-07,10.2902,-0.0136,,
2014-01-08,10.2893,-0.0457,,
2014-01-09,10.2889,-0.0709,,
2014-01-10,10.2931,-0.0825,,
2014-01-11,10.2931,-0.0825,,
2014-01-12,10.2931,-0.0825,,
2014-01-13,10.3008,-0.0786,,
2014-01-14,10.3008,-0.0786,,
2014-01-15,10.3065,-0.0504,,
2014-01-16,10.3096,-0.0485,,
2014-01-17,10.3113,-0.0785,,
2014-01-18,10.3113,-0.0785,,
2014-01-19,10.3113,-0.0785,,
2014-01-20,10.3183,-0.0107,,
2014-01-21,10.3238,-0.0232,,
2014-01-22,10.3248,-0.0349,,
2014-01-23,10.3278,-0.0252,,
2014-01-24,10.3299,-0.0281,,
2014-01-25,10.3299,-0.0281,,
2014-01-26,10.3299,-0.0281,,
2014-01-27,10.3352,0.0232,,
2014-01-28,10.3312,-0.1054,,
2014-01-29,10.26,-0.8197,,
2014-01-30,10.258,-0.0195,,
2014-01-31,10.2587,-0.0419,,
2014-02-01,10.2587,-0.0419,,
2014-02-02,10.2587,-0.0419,,
2014-02-03,10.2657,0.0263,,
2014-02-04,10.2699,0.0107,,
2014-02-05,10.2733,0.0302,,
2014-02-06,10.2784,0.0574,,
2014-02-07,10.2792,0.0224,,
2014-02-08,10.2792,0.0224,,
2014-02-09,10.2792,0.0224,,
2014-02-10,10.2859,0.0876,,
2014-02-11,10.2873,0.035,,
2014-02-12,10.289,0.0331,,
2014-02-13,10.2887,0.0185,,
2014-02-14,10.2908,0.0156,,
2014-02-15,10.2908,0.0156,,
2014-02-16,10.2908,0.0156,,
2014-02-17,10.2978,0.0836,,
2014-02-18,10.3012,0.0418,,
2014-02-19,10.3012,0.0418,,
2014-02-20,10.3065,0.0485,,
2014-02-21,10.3094,0.0281,,
2014-02-22,10.3094,0.0281,,
2014-02-23,10.3094,0.0281,,
2014-02-24,10.3159,0.0912,,
2014-02-25,10.3187,0.0494,,
2014-02-26,10.26,0.0,,
2014-02-27,10.26,0.0,,
2014-02-28,10.2647,-0.001,,
2014-03-01,10.2647,-0.001,,
2014-03-02,10.2647,-0.001,,
2014-03-03,10.2696,0.0468,,
2014-03-04,10.2678,-0.0428,,
2014-03-05,10.2766,0.0078,,
2014-03-06,10.2783,-0.0049,,
2014-03-07,10.2848,0.0078,,
2014-03-08,10.2848,0.0078,,
2014-03-09,10.2848,0.0078,,
2014-03-10,10.2933,0.0904,,
2014-03-11,10.2984,0.068,,
2014-03-12,10.3009,0.0661,,
2014-03-13,10.3037,0.0622,,
2014-03-14,10.3073,0.0194,,
2014-03-15,10.3073,0.0194,,
2014-03-16,10.3073,0.0194,,
2014-03-17,10.3073,0.0194,,
2014-03-18,10.3183,0.0524,,
2014-03-19,10.3212,0.0533,,
2014-03-20,10.3263,0.0649,,
2014-03-21,10.3318,0.0445,,
2014-03-22,10.3318,0.0445,,
2014-03-23,10.3318,0.0445,,
2014-03-24,10.3414,0.1375,,
2014-03-25,10.3424,0.0861,,
2014-03-26,10.26,0.0,,
2014-03-27,10.263,0.0292,,
2014-03-28,10.2738,0.0672,,
2014-03-29,10.2738,0.0672,,
2014-03-30,10.2738,0.0672,,
2014-03-31,10.2738,0.0672,,
2014-04-01,10.2738,0.0672,,
2014-04-02,10.284,-0.068,,
2014-04-03,10.2864,-0.0709,,
2014-04-04,10.2897,-0.0922,,
2014-04-05,10.2897,-0.0922,,
2014-04-06,10.2897,-0.0922,,
2014-04-07,10.2968,-0.0796,,
2014-04-08,10.2968,-0.0796,,
2014-04-09,10.3012,-0.0466,,
2014-04-10,10.3036,-0.0514,,
2014-04-11,10.3059,-0.0921,,
2014-04-12,10.3059,-0.0921,,
2014-04-13,10.3059,-0.0921,,
2014-04-14,10.3059,-0.0921,,
2014-04-15,10.3152,-0.0891,,
2014-04-16,10.3179,-0.1055,,
2014-04-17,10.3208,-0.1364,,
2014-04-18,10.3208,-0.1364,,
2014-04-19,10.3208,-0.1364,,
2014-04-20,10.3208,-0.1364,,
2014-04-21,10.3297,-0.0503,,
2014-04-22,10.3316,-0.1122,,
2014-04-23,10.334,-0.1237,,
2014-04-24,10.334,-0.1237,,
2014-04-25,10.3389,0.7503,,
2014-04-26,10.3389,0.7503,,
2014-04-27,10.3389,0.7503,,
2014-04-28,10.3456,0.8156,,
2014-04-29,10.3479,0.7644,,
2014-04-30,10.26,-0.1197,,
2014-05-01,10.26,-0.1197,,
2014-05-02,10.2648,-0.1547,,
2014-05-03,10.2648,-0.1547,,
2014-05-04,10.2648,-0.1547,,
2014-05-05,10.2718,-0.0866,,
2014-05-06,10.2742,-0.1982,,
2014-05-07,10.2766,-0.1904,,
2014-05-08,10.2796,-0.2184,,
2014-05-09,10.2819,-0.3344,,
2014-05-10,10.2819,-0.3344,,
2014-05-11,10.2819,-0.3344,,
2014-05-12,10.289,-0.2656,,
2014-05-13,10.2913,-0.3756,,
2014-05-14,10.2913,-0.3756,,
2014-05-15,10.2962,-0.4063,,
2014-05-16,10.299,-0.4706,,
2014-05-17,10.299,-0.4706,,
2014-05-18,10.299,-0.4706,,
2014-05-19,10.3065,-0.3982,,
2014-05-20,10.3097,-0.4269,,
2014-05-21,10.3128,-0.4287,,
2014-05-22,10.3158,-0.4103,,
2014-05-23,10.319,-0.4034,,
2014-05-24,10.319,-0.4034,,
2014-05-25,10.319,-0.4034,,
2014-05-26,10.3265,-0.3311,,
2014-05-27,10.3285,-0.3723,,
2014-05-28,10.26,-1.0503,,
2014-05-29,10.263,0.0292,,
2014-05-30,10.2682,0.0477,,
2014-05-31,10.2682,0.0477,,
2014-06-01,10.2682,0.0477,,
2014-06-02,10.2746,0.1101,,
2014-06-03,10.2795,0.0906,,
2014-06-04,10.2857,0.1246,,
2014-06-05,10.29,0.1401,,
2014-06-06,10.2931,0.1284,,
2014-06-07,10.2931,0.1284,,
2014-06-08,10.2931,0.1284,,
2014-06-09,10.2992,0.1877,,
2014-06-10,10.3019,0.1594,,
2014-06-11,10.3048,0.1808,,
2014-06-12,10.3077,0.1954,,
2014-06-13,10.3098,0.1691,,
2014-06-14,10.3098,0.1691,,
2014-06-15,10.3098,0.1691,,
2014-06-16,10.3146,0.2157,,
2014-06-17,10.3163,0.1563,,
2014-06-18,10.3198,0.1426,,
2014-06-19,10.3191,0.1057,,
2014-06-20,10.321,0.13,,
2014-06-21,10.321,0.13,,
2014-06-22,10.321,0.13,,
2014-06-23,10.3267,0.1853,,
2014-06-24,10.3285,0.159,,
2014-06-25,10.26,-0.5216,,
2014-06-26,10.2645,0.0439,,
2014-06-27,10.2675,-0.0642,,
2014-06-28,10.2675,-0.0642,,
2014-06-29,10.2675,-0.0642,,
2014-06-30,10.2753,0.0117,,
2014-07-01,10.2753,0.0117,,
2014-07-02,10.2826,0.0263,,
2014-07-03,10.2858,0.0788,,
2014-07-04,10.2883,0.0019,,
2014-07-05,10.2883,0.0019,,
2014-07-06,10.2883,0.0019,,
2014-07-07,10.2952,0.069,,
2014-07-08,10.2967,0.0457,,
2014-07-09,10.2981,0.0447,,
2014-07-10,10.299,0.0369,,
2014-07-11,10.2896,-0.0777,,
2014-07-12,10.2896,-0.0777,,
2014-07-13,10.2896,-0.0777,,
2014-07-14,10.2941,-0.034,,
2014-07-15,10.2984,-0.0437,,
2014-07-16,10.3022,0.8102,,
2014-07-17,10.3065,0.803,,
2014-07-18,10.3093,0.6473,,
2014-07-19,10.3093,0.6473,,
2014-07-20,10.3093,0.6473,,
2014-07-21,10.3164,0.7166,,
2014-07-22,10.3196,0.7114,,
2014-07-23,10.3222,0.9023,,
2014-07-24,10.3248,1.168,,
2014-07-25,10.3273,1.0311,,
2014-07-26,10.3273,1.0311,,
2014-07-27,10.3273,1.0311,,
2014-07-28,10.3337,0.9949,,
2014-07-29,10.3337,0.9949,,
2014-07-30,10.26,0.2315,,
2014-07-31,10.2619,0.207,,
2014-08-01,10.2631,0.1425,,
2014-08-02,10.2631,0.1425,,
2014-08-03,10.2631,0.1425,,
2014-08-04,10.2713,0.2225,,
2014-08-05,10.2732,0.154,,
2014-08-06,10.2733,0.1433,,
2014-08-07,10.2753,0.1306,,
2014-08-08,10.2772,0.1198,,
2014-08-09,10.2772,0.1198,,
2014-08-10,10.2772,0.1198,,
2014-08-11,10.2842,0.188,,
2014-08-12,10.2871,0.1421,,
2014-08-13,10.2897,0.1528,,
2014-08-14,10.2918,0.1518,,
2014-08-15,10.2918,0.1518,,
2014-08-16,10.2918,0.1518,,
2014-08-17,10.2918,0.1518,,
2014-08-18,10.2918,0.1518,,
2014-08-19,10.3039,0.2315,,
2014-08-20,10.3058,0.2578,,
2014-08-21,10.3087,0.1233,,
2014-08-22,10.3126,0.1039,,
2014-08-23,10.3126,0.1039,,
2014-08-24,10.3126,0.1039,,
2014-08-25,10.3204,0.1796,,
2014-08-26,10.3237,0.1348,,
2014-08-27,10.26,-0.4715,,
2014-08-28,10.2609,-0.0487,,
2014-08-29,10.2609,-0.0487,,
2014-08-30,10.2609,-0.0487,,
2014-08-31,10.2609,-0.0487,,
2014-09-01,10.2705,0.0448,,
2014-09-02,10.273,-0.0341,,
2014-09-03,10.276,-0.0797,,
2014-09-04,10.2783,-0.169,,
2014-09-05,10.2806,-0.3905,,
2014-09-06,10.2806,-0.3905,,
2014-09-07,10.2806,-0.3905,,
2014-09-08,10.2873,-0.3256,,
2014-09-09,10.2897,-0.3023,,
2014-09-10,10.2917,-0.4469,,
2014-09-11,10.2938,-0.4593,,
2014-09-12,10.2964,-0.4929,,
2014-09-13,10.2964,-0.4929,,
2014-09-14,10.2964,-0.4929,,
2014-09-15,10.3045,-0.4146,,
2014-09-16,10.3068,-0.4818,,
2014-09-17,10.3098,-0.4817,,
2014-09-18,10.3131,-0.5036,,
2014-09-19,10.3162,-0.6443,,
2014-09-20,10.3162,-0.6443,,
2014-09-21,10.3162,-0.6443,,
2014-09-22,10.3231,-0.5779,,
2014-09-23,10.3261,-0.6102,,
2014-09-24,10.26,-1.2902,,
2014-09-25,10.2623,0.0224,,
2014-09-26,10.265,-0.0136,,
2014-09-27,10.265,-0.0136,,
2014-09-28,10.265,-0.0136,,
2014-09-29,10.2719,0.0536,,
2014-09-30,10.2758,0.0029,,
2014-10-01,10.279,-0.105,,
2014-10-02,10.279,-0.105,,
2014-10-03,10.279,-0.105,,
2014-10-04,10.279,-0.105,,
2014-10-05,10.279,-0.105,,
2014-10-06,10.279,-0.105,,
2014-10-07,10.2942,-0.0544,,
2014-10-08,10.2987,-0.1638,,
2014-10-09,10.301,-0.157,,
2014-10-10,10.304,-0.1695,,
2014-10-11,10.304,-0.1695,,
2014-10-12,10.304,-0.1695,,
2014-10-13,10.3123,-0.0891,,
2014-10-14,10.317,-0.1113,,
2014-10-15,10.317,-0.1113,,
2014-10-16,10.3247,-0.0368,,
2014-10-17,10.3278,-0.0803,,
2014-10-18,10.3278,-0.0803,,
2014-10-19,10.3278,-0.0803,,
2014-10-20,10.336,-0.001,,
2014-10-21,10.3404,-0.03,,
2014-10-22,10.3439,-0.0869,,
2014-10-23,10.3439,-0.0869,,
2014-10-24,10.3439,-0.0869,,
2014-10-25,10.3439,-0.0869,,
2014-10-26,10.3439,-0.0869,,
2014-10-27,10.3562,0.0319,,
2014-10-28,10.359,-0.0116,,
2014-10-29,10.26,-1.035,,
2014-10-30,10.2629,0.0283,,
2014-10-31,10.2677,0.0195,,
2014-11-01,10.2677,0.0195,,
2014-11-02,10.2677,0.0195,,
2014-11-03,10.2769,0.1091,,
2014-11-04,10.2769,0.1091,,
2014-11-05,10.2856,0.0866,,
2014-11-06,10.2856,0.0866,,
2014-11-07,10.2911,0.1499,,
2014-11-08,10.2911,0.1499,,
2014-11-09,10.2911,0.1499,,
2014-11-10,10.3014,0.2501,,
2014-11-11,10.304,0.2227,,
2014-11-12,10.3066,0.2636,,
2014-11-13,10.3077,0.2539,,
2014-11-14,10.3099,0.2996,,
2014-11-15,10.3099,0.2996,,
2014-11-16,10.3099,0.2996,,
2014-11-17,10.3183,0.3814,,
2014-11-18,10.3206,0.311,,
2014-11-19,10.3226,0.2593,,
2014-11-20,10.3263,0.2573,,
2014-11-21,10.3288,0.266,,
2014-11-22,10.3288,0.266,,
2014-11-23,10.3288,0.266,,
2014-11-24,10.3349,0.3252,,
2014-11-25,10.3383,0.2657,,
2014-11-26,10.26,-0.5332,,
2014-11-27,10.2617,0.0166,,
2014-11-28,10.2652,-0.0156,,
2014-11-29,10.2652,-0.0156,,
2014-11-30,10.2652,-0.0156,,
2014-12-01,10.2738,0.0682,,
2014-12-02,10.2776,0.0399,,
2014-12-03,10.2809,0.0526,,
2014-12-04,10.2835,0.034,,
2014-12-05,10.2852,-0.034,,
2014-12-06,10.2852,-0.034,,
2014-12-07,10.2852,-0.034,,
2014-12-08,10.2924,0.036,,
2014-12-09,10.2954,0.0389,,
2014-12-10,10.2966,0.0223,,
2014-12-11,10.298,0.0214,,
2014-12-12,10.3004,0.0107,,
2014-12-13,10.3004,0.0107,,
2014-12-14,10.3004,0.0107,,
2014-12-15,10.3069,0.0738,,
2014-12-16,10.3029,-0.0456,,
2014-12-17,10.3035,-0.0563,,
2014-12-18,10.3067,-0.0543,,
2014-12-19,10.3074,-0.1143,,
2014-12-20,10.3074,-0.1143,,
2014-12-21,10.3074,-0.1143,,
2014-12-22,10.3143,-0.0475,,
2014-12-23,10.3153,-0.0959,,
2014-12-24,10.3157,-0.122,,
2014-12-25,10.3157,-0.122,,
2014-12-26,10.3198,0.5721,,
2014-12-27,10.3198,0.5721,,
2014-12-28,10.3198,0.5721,,
2014-12-29,10.3267,0.6393,,
2014-12-30,10.3297,0.6156,,
2014-12-31,10.26,-0.1032,,
2015-01-01,10.263,-0.1323,,
2015-01-02,10.2655,-0.1644,,
2015-01-03,10.2655,-0.1644,,
2015-01-04,10.2655,-0.1644,,
2015-01-05,10.2721,-0.1002,,
2015-01-06,10.2734,-0.1584,,
2015-01-07,10.2763,-0.1351,,
2015-01-08,10.2791,-0.0991,,
2015-01-09,10.2811,-0.1166,,
2015-01-10,10.2811,-0.1166,,
2015-01-11,10.2811,-0.1166,,
2015-01-12,10.2886,-0.0437,,
2015-01-13,10.292,-0.0854,,
2015-01-14,10.2936,-0.0699,,
2015-01-15,10.3018,-0.0456,,
2015-01-16,10.3045,-0.0659,,
2015-01-17,10.3045,-0.0659,,
2015-01-18,10.3045,-0.0659,,
2015-01-19,10.312,0.0068,,
2015-01-20,10.3127,-0.0543,,
2015-01-21,10.3145,-0.0901,,
2015-01-22,10.317,-0.0755,,
2015-01-23,10.32,-0.0958,,
2015-01-24,10.32,-0.0958,,
2015-01-25,10.32,-0.0958,,
2015-01-26,10.32,-0.0958,,
2015-01-27,10.3295,-0.0552,,
2015-01-28,10.26,-0.6892,,
2015-01-29,10.2619,0.0185,,
2015-01-30,10.2642,0.0536,,
2015-01-31,10.2642,0.0536,,
2015-02-01,10.2642,0.0536,,
2015-02-02,10.2716,0.1257,,
2015-02-03,10.2716,0.0575,,
2015-02-04,10.273,0.0302,,
2015-02-05,10.2721,-0.0117,,
2015-02-06,10.2745,-0.0457,,
2015-02-07,10.2745,-0.0457,,
2015-02-08,10.2745,-0.0457,,
2015-02-09,10.2787,-0.0049,,
2015-02-10,10.2808,-0.0496,,
2015-02-11,10.2813,-0.0583,,
2015-02-12,10.2817,-0.0709,,
2015-02-13,10.284,-0.0661,,
2015-02-14,10.284,-0.0661,,
2015-02-15,10.284,-0.0661,,
2015-02-16,10.291,-0.066,,
2015-02-17,10.291,-0.066,,
2015-02-18,10.2954,-0.0563,,
2015-02-19,10.2954,-0.0563,,
2015-02-20,10.3004,-0.0873,,
2015-02-21,10.3004,-0.0873,,
2015-02-22,10.3004,-0.0873,,
2015-02-23,10.3088,-0.0058,,
2015-02-24,10.3119,-0.0388,,
2015-02-25,10.26,-0.5689,,
2015-02-26,10.2628,0.0273,,
2015-02-27,10.2651,0.0039,,
2015-02-28,10.2651,0.0039,,
2015-03-01,10.2651,0.0039,,
2015-03-02,10.2719,0.0701,,
2015-03-03,10.2738,0.0409,,
2015-03-04,10.2798,0.1169,,
2015-03-05,10.283,-0.0175,,
2015-03-06,10.283,-0.0175,,
2015-03-07,10.283,-0.0175,,
2015-03-08,10.283,-0.0175,,
2015-03-09,10.2908,0.0583,,
2015-03-10,10.2919,-0.0136,,
2015-03-11,10.2935,-0.0476,,
2015-03-12,10.2958,-0.0495,,
2015-03-13,10.299,-0.0805,,
2015-03-14,10.299,-0.0805,,
2015-03-15,10.299,-0.0805,,
2015-03-16,10.3064,-0.0087,,
2015-03-17,10.3085,0.0116,,
2015-03-18,10.3108,-0.0727,,
2015-03-19,10.313,-0.0794,,
2015-03-20,10.3156,-0.1568,,
2015-03-21,10.3156,-0.1568,,
2015-03-22,10.3156,-0.1568,,
2015-03-23,10.322,-0.0949,,
2015-03-24,10.3233,-0.175,,
2015-03-25,10.26,-0.7967,,
2015-03-26,10.2628,0.0273,,
2015-03-27,10.266,-0.0759,,
2015-03-28,10.266,-0.0759,,
2015-03-29,10.266,-0.0759,,
2015-03-30,10.2735,-0.0029,,
2015-03-31,10.2913,0.0155,,
2015-04-01,10.2913,0.0155,,
2015-04-02,10.2913,0.0155,,
2015-04-03,10.2913,0.0155,,
2015-04-04,10.2913,0.0155,,
2015-04-05,10.2913,0.0155,,
2015-04-06,10.3068,0.1662,,
2015-04-07,10.3091,0.1195,,
2015-04-08,10.3108,0.136,,
2015-04-09,10.3132,0.1165,,
2015-04-10,10.3163,0.1009,,
2015-04-11,10.3163,0.1009,,
2015-04-12,10.3163,0.1009,,
2015-04-13,10.3226,0.162,,
2015-04-14,10.3226,0.162,,
2015-04-15,10.3264,0.1086,,
2015-04-16,10.3279,0.0969,,
2015-04-17,10.3301,0.0901,,
2015-04-18,10.3301,0.0901,,
2015-04-19,10.3301,0.0901,,
2015-04-20,10.336,0.1473,,
2015-04-21,10.338,0.0804,,
2015-04-22,10.3398,0.0794,,
2015-04-23,10.3421,0.0784,,
2015-04-24,10.3439,0.0484,,
2015-04-25,10.3439,0.0484,,
2015-04-26,10.3439,0.0484,,
2015-04-27,10.3504,0.1112,,
2015-04-28,10.352,0.0619,,
2015-04-29,10.26,-0.8494,,
2015-04-30,10.2599,-0.0477,,
2015-05-01,10.2599,-0.0477,,
2015-05-02,10.2599,-0.0477,,
2015-05-03,10.2599,-0.0477,,
2015-05-04,10.2599,-0.0477,,
2015-05-05,10.2699,-0.0185,,
2015-05-06,10.2704,-0.037,,
2015-05-07,10.2706,-0.0584,,
2015-05-08,10.2721,-0.0953,,
2015-05-09,10.2721,-0.0953,,
2015-05-10,10.2721,-0.0953,,
2015-05-11,10.2801,-0.0175,,
2015-05-12,10.2835,-0.0535,,
2015-05-13,10.2864,-0.0476,,
2015-05-14,10.2906,-0.0068,,
2015-05-15,10.2935,-0.0534,,
2015-05-16,10.2935,-0.0534,,
2015-05-17,10.2935,-0.0534,,
2015-05-18,10.3,0.0097,,
2015-05-19,10.3041,-0.0233,,
2015-05-20,10.3072,-0.0242,,
2015-05-21,10.3143,0.0145,,
2015-05-22,10.3162,-0.0271,,
2015-05-23,10.3162,-0.0271,,
2015-05-24,10.3162,-0.0271,,
2015-05-25,10.3243,0.0514,,
2015-05-26,10.3277,0.0116,,
2015-05-27,10.26,-0.6632,,
2015-05-28,10.2629,0.0283,,
2015-05-29,10.267,-0.0117,,
2015-05-30,10.267,-0.0117,,
2015-05-31,10.267,-0.0117,,
2015-06-01,10.2811,0.1256,,
2015-06-02,10.2816,0.0681,,
2015-06-03,10.2846,0.0496,,
2015-06-04,10.2869,0.0117,,
2015-06-05,10.2899,-0.0311,,
2015-06-06,10.2899,-0.0311,,
2015-06-07,10.2899,-0.0311,,
2015-06-08,10.2967,0.035,,
2015-06-09,10.2985,-0.0068,,
2015-06-10,10.3007,-0.0116,,
2015-06-11,10.3021,-0.0262,,
2015-06-12,10.3041,-0.0553,,
2015-06-13,10.3041,-0.0553,,
2015-06-14,10.3041,-0.0553,,
2015-06-15,10.3108,0.0097,,
2015-06-16,10.3131,-0.0145,,
2015-06-17,10.3158,-0.0048,,
2015-06-18,10.3196,-0.0019,,
2015-06-19,10.3218,0.0078,,
2015-06-20,10.3218,0.0078,,
2015-06-21,10.3218,0.0078,,
2015-06-22,10.3296,0.0833,,
2015-06-23,10.3318,0.0494,,
2015-06-24,10.26,-0.6632,,
2015-06-25,10.263,0.0292,,
2015-06-26,10.2652,-0.0224,,
2015-06-27,10.2652,-0.0224,,
2015-06-28,10.2652,-0.0224,,
2015-06-29,10.2698,0.0224,,
2015-06-30,10.2742,-0.0107,,
2015-07-01,10.2791,0.037,,
2015-07-02,10.2822,-0.0039,,
2015-07-03,10.2859,-0.0233,,
2015-07-04,10.2859,-0.0233,,
2015-07-05,10.2859,-0.0233,,
2015-07-06,10.2933,0.0486,,
2015-07-07,10.2965,0.0126,,
2015-07-08,10.2988,0.0204,,
2015-07-09,10.3007,0.0252,,
2015-07-10,10.3032,0.1322,,
2015-07-11,10.3032,0.1322,,
2015-07-12,10.3032,0.1322,,
2015-07-13,10.3092,0.1905,,
2015-07-14,10.3124,0.1778,,
2015-07-15,10.315,0.1612,,
2015-07-16,10.3181,0.1543,,
2015-07-17,10.3209,0.1125,,
2015-07-18,10.3209,0.1125,,
2015-07-19,10.3209,0.1125,,
2015-07-20,10.3275,0.1765,,
2015-07-21,10.3309,0.1406,,
2015-07-22,10.3337,0.1366,,
2015-07-23,10.3359,0.1327,,
2015-07-24,10.3388,0.1114,,
2015-07-25,10.3388,0.1114,,
2015-07-26,10.3388,0.1114,,
2015-07-27,10.3462,0.183,,
2015-07-28,10.3513,0.1703,,
2015-07-29,10.26,-0.7132,,
2015-07-30,10.2628,0.0273,,
2015-07-31,10.2652,0.0205,,
2015-08-01,10.2652,0.0205,,
2015-08-02,10.2652,0.0205,,
2015-08-03,10.2738,0.1043,,
2015-08-04,10.2761,0.0467,,
2015-08-05,10.2787,0.0535,,
2015-08-06,10.2792,0.0574,,
2015-08-07,10.2802,0.0292,,
2015-08-08,10.2802,0.0292,,
2015-08-09,10.2802,0.0292,,
2015-08-10,10.2868,0.0934,,
2015-08-11,10.2892,0.0486,,
2015-08-12,10.2911,0.0389,,
2015-08-13,10.2937,0.0389,,
2015-08-14,10.2951,0.0321,,
2015-08-15,10.2951,0.0321,,
2015-08-16,10.2951,0.0321,,
2015-08-17,10.3013,0.0923,,
2015-08-18,10.3013,0.0923,,
2015-08-19,10.3054,0.0146,,
2015-08-20,10.3087,0.0281,,
2015-08-21,10.3101,-0.0242,,
2015-08-22,10.3101,-0.0242,,
2015-08-23,10.3101,-0.0242,,
2015-08-24,10.3121,-0.0048,,
2015-08-25,10.3146,-0.0562,,
2015-08-26,10.26,-0.617,,
2015-08-27,10.2629,0.0283,,
2015-08-28,10.2649,0.039,,
2015-08-29,10.2649,0.039,,
2015-08-30,10.2649,0.039,,
2015-08-31,10.2704,0.0926,,
2015-09-01,10.2723,0.0175,,
2015-09-02,10.2735,0.0049,,
2015-09-03,10.275,-0.0097,,
2015-09-04,10.2762,-0.0428,,
2015-09-05,10.2762,-0.0428,,
2015-09-06,10.2762,-0.0428,,
2015-09-07,10.2816,0.0097,,
2015-09-08,10.2838,-0.034,,
2015-09-09,10.2855,-0.0408,,
2015-09-10,10.2842,-0.0729,,
2015-09-11,10.2862,-0.0991,,
2015-09-12,10.2862,-0.0991,,
2015-09-13,10.2862,-0.0991,,
2015-09-14,10.2918,-0.0447,,
2015-09-15,10.2936,-0.1058,,
2015-09-16,10.2923,-0.1697,,
2015-09-17,10.2923,-0.1697,,
2015-09-18,10.2984,-0.1725,,
2015-09-19,10.2984,-0.1725,,
2015-09-20,10.2984,-0.1725,,
2015-09-21,10.305,-0.1086,,
2015-09-22,10.308,-0.1463,,
2015-09-23,10.26,-0.6401,,
2015-09-24,10.2614,-0.0351,,
2015-09-25,10.2614,-0.0351,,
2015-09-26,10.2614,-0.0351,,
2015-09-27,10.2614,-0.0351,,
2015-09-28,10.2703,0.0516,,
2015-09-29,10.2899,0.1752,,
2015-09-30,10.2962,0.1985,,
2015-10-01,10.2995,0.1994,,
2015-10-02,10.2995,0.1994,,
2015-10-03,10.2995,0.1994,,
2015-10-04,10.2995,0.1994,,
2015-10-05,10.3084,0.286,,
2015-10-06,10.3105,0.3065,,
2015-10-07,10.3126,0.1787,,
2015-10-08,10.3147,0.1554,,
2015-10-09,10.3174,0.13,,
2015-10-10,10.3174,0.13,,
2015-10-11,10.3174,0.13,,
2015-10-12,10.3232,0.1863,,
2015-10-13,10.3253,0.1261,,
2015-10-14,10.3272,0.0989,,
2015-10-15,10.3292,0.1183,,
2015-10-16,10.3306,0.0271,,
2015-10-17,10.3306,0.0271,,
2015-10-18,10.3306,0.0271,,
2015-10-19,10.3358,0.0775,,
2015-10-20,10.3387,0.0261,,
2015-10-21,10.3402,-0.0358,,
2015-10-22,10.3402,-0.0358,,
2015-10-23,10.3453,0.0135,,
2015-10-24,10.3453,0.0135,,
2015-10-25,10.3453,0.0135,,
2015-10-26,10.3515,0.0735,,
2015-10-27,10.3532,-0.029,,
2015-10-28,10.26,-0.9557,,
2015-10-29,10.261,0.0097,,
2015-10-30,10.2626,-0.0497,,
2015-10-31,10.2626,-0.0497,,
2015-11-01,10.2626,-0.0497,,
2015-11-02,10.2679,0.0019,,
2015-11-03,10.2699,-0.0681,,
2015-11-04,10.271,-0.0574,,
2015-11-05,10.2728,-0.1244,,
2015-11-06,10.2745,-0.1613,,
2015-11-07,10.2745,-0.1613,,
2015-11-08,10.2745,-0.1613,,
2015-11-09,10.2795,-0.1127,,
2015-11-10,10.2816,-0.2426,,
2015-11-11,10.2816,-0.2426,,
2015-11-12,10.2816,-0.2426,,
2015-11-13,10.2887,-0.2056,,
2015-11-14,10.2887,-0.2056,,
2015-11-15,10.2887,-0.2056,,
2015-11-16,10.2954,-0.1406,,
2015-11-17,10.2975,-0.2016,,
2015-11-18,10.2999,-0.2006,,
2015-11-19,10.3018,-0.2015,,
2015-11-20,10.3035,-0.2449,,
2015-11-21,10.3035,-0.2449,,
2015-11-22,10.3035,-0.2449,,
2015-11-23,10.3098,-0.184,,
2015-11-24,10.3111,-0.2631,,
2015-11-25,10.3111,-0.2631,,
2015-11-26,10.26,0.0,,
2015-11-27,10.2612,-0.039,,
2015-11-28,10.2612,-0.039,,
2015-11-29,10.2612,-0.039,,
2015-11-30,10.2668,0.0156,,
2015-12-01,10.2687,-0.0496,,
2015-12-02,10.2713,-0.0613,,
2015-12-03,10.2739,-0.0681,,
2015-12-04,10.2756,-0.0933,,
2015-12-05,10.2756,-0.0933,,
2015-12-06,10.2756,-0.0933,,
2015-12-07,10.2795,-0.0554,,
2015-12-08,10.2805,-0.1156,,
2015-12-09,10.2807,-0.1428,,
2015-12-10,10.2824,-0.1379,,
2015-12-11,10.2812,-0.1864,,
2015-12-12,10.2812,-0.1864,,
2015-12-13,10.2812,-0.1864,,
2015-12-14,10.2866,-0.134,,
2015-12-15,10.2881,-0.1824,,
2015-12-16,10.2908,-0.1174,,
2015-12-17,10.2933,-0.099,,
2015-12-18,10.2958,-0.1125,,
2015-12-19,10.2958,-0.1125,,
2015-12-20,10.2958,-0.1125,,
2015-12-21,10.3022,-0.0504,,
2015-12-22,10.3045,-0.095,,
2015-12-23,10.3055,-0.1386,,
2015-12-24,10.3055,-0.1386,,
2015-12-25,10.3055,-0.1386,,
2015-12-26,10.3055,-0.1386,,
2015-12-27,10.3055,-0.1386,,
2015-12-28,10.3163,-0.0339,,
2015-12-29,10.3184,-0.0804,,
2015-12-30,10.26,-0.6748,,
2015-12-31,10.2638,0.037,,
2016-01-01,10.267,0.0146,-0.0444,
2016-01-02,10.267,0.0146,-0.0444,
2016-01-03,10.267,0.0146,-0.0444,
2016-01-04,10.2742,0.0847,-0.0315,
2016-01-05,10.2763,0.0409,-0.0246,
2016-01-06,10.2787,0.0516,-0.0169,
2016-01-07,10.281,0.0457,-0.0343,
2016-01-08,10.2837,0.0253,-0.0479,
2016-01-09,10.2837,0.0253,-0.0479,
2016-01-10,10.2837,0.0253,-0.0479,
2016-01-11,10.29,0.0866,-0.0375,
2016-01-12,10.2909,0.0224,-0.0346,
2016-01-13,10.2915,-0.0049,-0.0327,
2016-01-14,10.2927,-0.0087,-0.0524,
2016-01-15,10.2941,-0.1009,-0.0744,
2016-01-16,10.2941,-0.1009,-0.0744,
2016-01-17,10.2941,-0.1009,-0.0744,
2016-01-18,10.3001,-0.0427,-0.0624,
2016-01-19,10.302,-0.097,-0.0562,
2016-01-20,10.3026,-0.0979,-0.0543,
2016-01-21,10.3052,-0.0902,-0.0678,
2016-01-22,10.3078,-0.1182,-0.0807,
2016-01-23,10.3078,-0.1182,-0.0807,
2016-01-24,10.3078,-0.1182,-0.0807,
2016-01-25,10.3137,-0.061,-0.0617,
2016-01-26,10.3137,-0.061,-0.0617,
2016-01-27,10.26,-0.6728,-0.2354,
2016-01-28,10.2601,0.001,-0.265,
2016-01-29,10.2618,-0.0234,0.0026,
2016-01-30,10.2618,-0.0234,0.0026,
2016-01-31,10.2618,-0.0234,0.0026,
2016-02-01,10.2685,0.0419,0.0179,
2016-02-02,10.27,-0.0156,0.0227,
2016-02-03,10.271,-0.0058,0.026,
2016-02-04,10.2727,-0.0029,0.0127,
2016-02-05,10.2752,0.0068,0.0013,
2016-02-06,10.2752,0.0068,0.0013,
2016-02-07,10.2752,0.0068,0.0013,
2016-02-08,10.2816,0.0691,0.0152,
2016-02-09,10.2838,0.0496,0.0224,
2016-02-10,10.2859,0.0496,0.0292,
2016-02-11,10.2877,0.0622,0.013,
2016-02-12,10.2883,0.0418,0.0026,
2016-02-13,10.2883,0.0418,0.0026,
2016-02-14,10.2883,0.0418,0.0026,
2016-02-15,10.2931,0.0885,0.0126,
2016-02-16,10.2949,0.0379,0.0185,
2016-02-17,10.2965,0.0534,0.0236,
2016-02-18,10.2982,-0.0214,-0.0181,
2016-02-19,10.2982,-0.0214,-0.0181,
2016-02-20,10.2982,-0.0214,-0.0181,
2016-02-21,10.2982,-0.0214,-0.0181,
2016-02-22,10.3048,0.0427,-0.0055,
2016-02-23,10.3024,-0.0621,-0.0133,
2016-02-24,10.26,-0.5033,-0.1506,
2016-02-25,10.2598,-0.0019,-0.1742,
2016-02-26,10.2609,-0.0409,-0.0042,
2016-02-27,10.2609,-0.0409,-0.0042,
2016-02-28,10.2609,-0.0409,-0.0042,
2016-02-29,10.2757,0.1033,0.0354,
2016-03-01,10.2799,0.0779,0.049,
2016-03-02,10.2849,0.108,0.0652,
2016-03-03,10.2869,0.0691,0.0477,
2016-03-04,10.2895,0.0632,0.0178,
2016-03-05,10.2895,0.0632,0.0178,
2016-03-06,10.2895,0.0632,0.0178,
2016-03-07,10.2895,0.0632,0.0178,
2016-03-08,10.2984,0.0739,0.0467,
2016-03-09,10.2987,0.0661,0.0476,
2016-03-10,10.2998,0.0612,0.0272,
2016-03-11,10.3018,0.0272,-0.0036,
2016-03-12,10.3018,0.0272,-0.0036,
2016-03-13,10.3018,0.0272,-0.0036,
2016-03-14,10.3127,0.133,0.0239,
2016-03-15,10.3198,0.13,0.0469,
2016-03-16,10.323,0.1407,0.0572,
2016-03-17,10.3291,0.1775,0.0523,
2016-03-18,10.3328,0.1667,0.0287,
2016-03-19,10.3328,0.1667,0.0287,
2016-03-20,10.3328,0.1667,0.0287,
2016-03-21,10.3419,0.255,0.0474,
2016-03-22,10.3437,0.2102,0.0532,
2016-03-23,10.3431,0.751,0.2468,
2016-03-24,10.3431,0.751,0.2468,
2016-03-25,10.3431,0.751,0.2468,
2016-03-26,10.3431,0.751,0.2468,
2016-03-27,10.3431,0.751,0.2468,
2016-03-28,10.3524,0.8416,0.2768,
2016-03-29,10.3571,0.8137,0.292,
2016-03-30,10.26,-0.3041,-0.0224,
2016-03-31,10.2848,-0.0632,-0.0431,
2016-04-01,10.2848,-0.0632,-0.0431,
2016-04-02,10.2848,-0.0632,-0.0431,
2016-04-03,10.2848,-0.0632,-0.0431,
2016-04-04,10.2999,0.0836,0.0023,
2016-04-05,10.3068,0.0,0.0246,
2016-04-06,10.3074,-0.0165,0.0265,
2016-04-07,10.313,-0.032,0.0133,
2016-04-08,10.313,-0.032,0.0133,
2016-04-09,10.313,-0.032,0.0133,
2016-04-10,10.313,-0.032,0.0133,
2016-04-11,10.3209,0.0446,0.0178,
2016-04-12,10.3238,0.0116,0.0271,
2016-04-13,10.3266,-0.0339,-0.0268,
2016-04-14,10.3266,-0.0339,-0.0268,
2016-04-15,10.3266,-0.0339,-0.0268,
2016-04-16,10.3266,-0.0339,-0.0268,
2016-04-17,10.3266,-0.0339,-0.0268,
2016-04-18,10.3372,0.0116,0.0074,
2016-04-19,10.3372,0.0116,0.0074,
2016-04-20,10.3413,0.0319,0.0206,
2016-04-21,10.3416,0.0174,-0.0052,
2016-04-22,10.3435,-0.0039,0.2705,
2016-04-23,10.3435,-0.0039,0.2705,
2016-04-24,10.3435,-0.0039,0.2705,
2016-04-25,10.3485,0.0445,0.2805,
2016-04-26,10.3502,-0.0019,0.286,
2016-04-27,10.26,-0.8887,-0.0062,
2016-04-28,10.2608,0.0078,-0.0279,
2016-04-29,10.2623,0.0234,-0.0659,
2016-04-30,10.2623,0.0234,-0.0659,
2016-05-01,10.2623,0.0234,-0.0659,
2016-05-02,10.266,0.0595,-0.0477,
2016-05-03,10.2656,0.0556,-0.049,
2016-05-04,10.2687,-0.0117,-0.0389,
2016-05-05,10.271,0.0058,-0.0765,
2016-05-06,10.2726,0.0049,-0.1236,
2016-05-07,10.2726,0.0049,-0.1236,
2016-05-08,10.2726,0.0049,-0.1236,
2016-05-09,10.2793,0.0701,-0.12,
2016-05-10,10.2824,0.0224,-0.11,
2016-05-11,10.285,0.0146,-0.1016,
2016-05-12,10.2884,0.0194,-0.1106,
2016-05-13,10.2897,-0.0369,-0.1608,
2016-05-14,10.2897,-0.0369,-0.1608,
2016-05-15,10.2897,-0.0369,-0.1608,
2016-05-16,10.2955,0.0194,-0.1684,
2016-05-17,10.2976,-0.0233,-0.1616,
2016-05-18,10.3002,-0.0378,-0.1532,
2016-05-19,10.3017,-0.0534,-0.1683,
2016-05-20,10.3032,-0.126,-0.1786,
2016-05-21,10.3032,-0.126,-0.1786,
2016-05-22,10.3032,-0.126,-0.1786,
2016-05-23,10.3097,-0.063,-0.1647,
2016-05-24,10.3118,-0.1211,-0.1579,
2016-05-25,10.26,-0.6555,-0.3254,
2016-05-26,10.2619,0.0185,-0.3394,
2016-05-27,10.264,-0.0292,0.0075,
2016-05-28,10.264,-0.0292,0.0075,
2016-05-29,10.264,-0.0292,0.0075,
2016-05-30,10.2695,0.0243,0.0201,
2016-05-31,10.2706,-0.1021,0.0237,
2016-06-01,10.2728,-0.0856,0.0308,
2016-06-02,10.2749,-0.0943,0.0153,
2016-06-03,10.2772,-0.1234,-0.0029,
2016-06-04,10.2772,-0.1234,-0.0029,
2016-06-05,10.2772,-0.1234,-0.0029,
2016-06-06,10.284,-0.0573,0.0133,
2016-06-07,10.288,-0.0845,0.0263,
2016-06-08,10.2919,-0.0641,0.0389,
2016-06-09,10.2936,-0.0689,0.0262,
2016-06-10,10.296,-0.0786,0.0211,
2016-06-11,10.296,-0.0786,0.0211,
2016-06-12,10.296,-0.0786,0.0211,
2016-06-13,10.3012,-0.0281,0.0285,
2016-06-14,10.3025,-0.0805,0.0327,
2016-06-15,10.3045,-0.0834,0.0392,
2016-06-16,10.3075,-0.0805,0.0236,
2016-06-17,10.3097,-0.1172,0.0149,
2016-06-18,10.3097,-0.1172,0.0149,
2016-06-19,10.3097,-0.1172,0.0149,
2016-06-20,10.3148,-0.0678,0.0233,
2016-06-21,10.3181,-0.1113,0.0339,
2016-06-22,10.3214,-0.1007,0.0446,
2016-06-23,10.324,0.6238,0.0385,
2016-06-24,10.3257,0.5894,0.2045,
2016-06-25,10.3257,0.5894,0.2045,
2016-06-26,10.3257,0.5894,0.2045,
2016-06-27,10.3316,0.6468,0.1862,
2016-06-28,10.3334,0.6193,0.192,
2016-06-29,10.26,-0.1382,-0.0458,
2016-06-30,10.2635,-0.1518,-0.0344,
2016-07-01,10.2672,-0.1818,-0.058,
2016-07-02,10.2672,-0.1818,-0.058,
2016-07-03,10.2672,-0.1818,-0.058,
2016-07-04,10.2749,-0.1069,-0.0428,
2016-07-05,10.2796,-0.1641,-0.0275,
2016-07-06,10.2796,-0.1641,-0.0275,
2016-07-07,10.2846,-0.1379,-0.024,
2016-07-08,10.2893,-0.1349,-0.0227,
2016-07-09,10.2893,-0.1349,-0.0227,
2016-07-10,10.2893,-0.1349,-0.0227,
2016-07-11,10.2985,-0.0456,0.0029,
2016-07-12,10.3051,-0.0398,0.0243,
2016-07-13,10.3103,-0.0204,0.0411,
2016-07-14,10.314,-0.0097,0.0359,
2016-07-15,10.3166,-0.0417,0.2455,
2016-07-16,10.3166,-0.0417,0.2455,
2016-07-17,10.3166,-0.0417,0.2455,
2016-07-18,10.3238,0.0281,0.2623,
2016-07-19,10.3261,-0.0136,0.2697,
2016-07-20,10.3304,-0.0048,0.2836,
2016-07-21,10.333,-0.0068,0.28,
2016-07-22,10.3357,-0.03,0.3969,
2016-07-23,10.3357,-0.03,0.3969,
2016-07-24,10.3357,-0.03,0.3969,
2016-07-25,10.3422,0.0329,0.3908,
2016-07-26,10.3459,-0.0029,0.4027,
2016-07-27,10.26,-0.882,0.1241,
2016-07-28,10.2646,0.0448,0.1064,
2016-07-29,10.2674,0.0214,0.0748,
2016-07-30,10.2674,0.0214,0.0748,
2016-07-31,10.2674,0.0214,0.0748,
2016-08-01,10.2749,0.0945,0.0858,
2016-08-02,10.2767,0.0282,0.0916,
2016-08-03,10.2779,0.0175,0.0955,
2016-08-04,10.2804,0.0165,0.0747,
2016-08-05,10.2822,0.0195,0.0561,
2016-08-06,10.2822,0.0195,0.0561,
2016-08-07,10.2822,0.0195,0.0561,
2016-08-08,10.289,0.0856,0.0782,
2016-08-09,10.2935,0.0651,0.0928,
2016-08-10,10.2969,0.0748,0.1038,
2016-08-11,10.3059,0.1438,0.1083,
2016-08-12,10.3072,0.1175,0.1005,
2016-08-13,10.3072,0.1175,0.1005,
2016-08-14,10.3072,0.1175,0.1005,
2016-08-15,10.3072,0.1175,0.1005,
2016-08-16,10.3149,0.132,0.1254,
2016-08-17,10.3149,0.132,0.1254,
2016-08-18,10.3175,0.1174,0.1211,
2016-08-19,10.3198,0.0941,0.0715,
2016-08-20,10.3198,0.0941,0.0715,
2016-08-21,10.3198,0.0941,0.0715,
2016-08-22,10.3261,0.1552,0.0782,
2016-08-23,10.3271,0.1455,0.0815,
2016-08-24,10.3299,0.1483,0.0905,
2016-08-25,10.3325,0.7066,0.0733,
2016-08-26,10.3353,0.6858,0.2366,
2016-08-27,10.3353,0.6858,0.2366,
2016-08-28,10.3353,0.6858,0.2366,
2016-08-29,10.3409,0.7404,0.2429,
2016-08-30,10.3427,0.704,0.2487,
2016-08-31,10.26,-0.1197,-0.0192,
2016-09-01,10.2635,-0.0973,-0.0422,
2016-09-02,10.2662,-0.0973,-0.177,
2016-09-03,10.2662,-0.0973,-0.177,
2016-09-04,10.2662,-0.0973,-0.177,
2016-09-05,10.2662,-0.0973,-0.177,
2016-09-06,10.2749,-0.0652,-0.1488,
2016-09-07,10.2784,-0.0525,-0.1375,
2016-09-08,10.2812,-0.0418,-0.1284,
2016-09-09,10.284,-0.0214,-0.1957,
2016-09-10,10.284,-0.0214,-0.1957,
2016-09-11,10.284,-0.0214,-0.1957,
2016-09-12,10.2889,-0.0282,-0.1888,
2016-09-13,10.2889,-0.0282,-0.1888,
2016-09-14,10.2915,-0.0204,-0.1804,
2016-09-15,10.2941,0.0175,-0.2019,
2016-09-16,10.2968,-0.0155,-0.2615,
2016-09-17,10.2968,-0.0155,-0.2615,
2016-09-18,10.2968,-0.0155,-0.2615,
2016-09-19,10.302,0.035,-0.261,
2016-09-20,10.3041,-0.0087,-0.2543,
2016-09-21,10.3056,-0.0233,-0.2494,
2016-09-22,10.3084,0.4717,-0.2609,
2016-09-23,10.3121,0.4941,0.1586,
2016-09-24,10.3121,0.4941,0.1586,
2016-09-25,10.3121,0.4941,0.1586,
2016-09-26,10.3199,0.5701,0.1734,
2016-09-27,10.3245,0.5277,0.1883,
2016-09-28,10.26,-0.2906,-0.0208,
2016-09-29,10.2595,-0.3564,-0.0519,
2016-09-30,10.2666,-0.3194,-0.0626,
2016-10-01,10.2666,-0.3194,-0.0626,
2016-10-02,10.2666,-0.3194,-0.0626,
2016-10-03,10.2761,-0.2272,-0.0444,
2016-10-04,10.2806,-0.2697,-0.0298,
2016-10-05,10.2925,-0.1746,0.0087,
2016-10-06,10.2972,-0.1493,-0.0084,
2016-10-07,10.2985,-0.1832,-0.0682,
2016-10-08,10.2985,-0.1832,-0.0682,
2016-10-09,10.2985,-0.1832,-0.0682,
2016-10-10,10.3042,-0.2044,-0.0559,
2016-10-11,10.3042,-0.2044,-0.0559,
2016-10-12,10.3042,-0.2044,-0.0559,
2016-10-13,10.3096,-0.1704,-0.0636,
2016-10-14,10.3099,-0.2004,-0.0768,
2016-10-15,10.3099,-0.2004,-0.0768,
2016-10-16,10.3099,-0.2004,-0.0768,
2016-10-17,10.3145,-0.1558,-0.0697,
2016-10-18,10.3167,-0.1848,-0.0626,
2016-10-19,10.3178,-0.2022,-0.0591,
2016-10-20,10.319,-0.205,-0.079,
2016-10-21,10.3203,-0.2417,-0.0954,
2016-10-22,10.3203,-0.2417,-0.0954,
2016-10-23,10.3203,-0.2417,-0.0954,
2016-10-24,10.327,-0.1769,-0.0835,
2016-10-25,10.327,-0.2367,-0.0835,
2016-10-26,10.26,-0.9002,-0.3,
2016-10-27,10.2603,0.0029,-0.3225,
2016-10-28,10.2624,-0.0019,-0.0107,
2016-10-29,10.2624,-0.0019,-0.0107,
2016-10-30,10.2624,-0.0019,-0.0107,
2016-10-31,10.2624,-0.0019,-0.0107,
2016-11-01,10.2702,0.0224,0.0146,
2016-11-02,10.272,0.0204,0.0205,
2016-11-03,10.2725,0.0146,0.0221,
2016-11-04,10.2737,-0.0078,-0.0013,
2016-11-05,10.2737,-0.0078,-0.0013,
2016-11-06,10.2737,-0.0078,-0.0013,
2016-11-07,10.2789,0.0428,0.0104,
2016-11-08,10.2807,0.0117,0.0162,
2016-11-09,10.2904,0.0856,0.0477,
2016-11-10,10.2958,0.1381,0.0476,
2016-11-11,10.2984,0.0943,0.0625,
2016-11-12,10.2984,0.0943,0.0625,
2016-11-13,10.2984,0.0943,0.0625,
2016-11-14,10.2984,0.0943,0.0625,
2016-11-15,10.3163,0.203,0.1205,
2016-11-16,10.3276,0.2923,0.157,
2016-11-17,10.3312,0.3039,0.1378,
2016-11-18,10.3335,0.2912,0.1099,
2016-11-19,10.3335,0.2912,0.1099,
2016-11-20,10.3335,0.2912,0.1099,
2016-11-21,10.3436,0.3892,0.1364,
2016-11-22,10.3476,0.3666,0.1493,
2016-11-23,10.3511,0.3879,0.1606,
2016-11-24,10.3578,0.4529,0.1514,
2016-11-25,10.3597,0.9599,0.3111,
2016-11-26,10.3597,0.9599,0.3111,
2016-11-27,10.3597,0.9599,0.3111,
2016-11-28,10.3564,0.9278,0.2901,
2016-11-29,10.354,0.8493,0.2823,
2016-11-30,10.26,-0.0847,-0.0221,
2016-12-01,10.2622,-0.0886,-0.0367,
2016-12-02,10.2623,-0.1294,-0.0798,
2016-12-03,10.2623,-0.1294,-0.0798,
2016-12-04,10.2623,-0.1294,-0.0798,
2016-12-05,10.2682,-0.072,-0.0665,
2016-12-06,10.2707,-0.0856,-0.0584,
2016-12-07,10.2513,-0.284,-0.1213,
2016-12-08,10.2469,-0.3288,-0.1443,
2016-12-09,10.2518,-0.286,-0.154,
2016-12-10,10.2518,-0.286,-0.154,
2016-12-11,10.2518,-0.286,-0.154,
2016-12-12,10.2518,-0.286,-0.154,
2016-12-13,10.2603,-0.2557,-0.1264,
2016-12-14,10.2632,-0.242,-0.117,
2016-12-15,10.2629,-0.2711,-0.1448,
2016-12-16,10.261,-0.338,-0.1764,
2016-12-17,10.261,-0.338,-0.1764,
2016-12-18,10.261,-0.338,-0.1764,
2016-12-19,10.2675,-0.2749,-0.1673,
2016-12-20,10.2688,-0.3242,-0.1631,
2016-12-21,10.2716,-0.3193,-0.154,
2016-12-22,10.2732,-0.3134,-0.1682,
2016-12-23,10.2745,-0.3008,0.0471,
2016-12-24,10.2745,-0.3008,0.0471,
2016-12-25,10.2745,-0.3008,0.0471,
2016-12-26,10.2783,-0.2639,0.0558,
2016-12-27,10.2785,-0.3664,0.0565,
2016-12-28,10.26,-0.566,-0.0036,
2016-12-29,10.2634,0.0331,-0.0101,
2016-12-30,10.2678,0.0078,-0.0383,
2016-12-31,10.2678,0.0078,-0.0383,
2017-01-01,10.2678,0.0078,-0.0383,
2017-01-02,10.2794,0.1208,-0.0097,
2017-01-03,10.284,0.0954,0.0052,
2017-01-04,10.2891,0.1246,0.0217,
2017-01-05,10.2927,0.1362,0.0097,
2017-01-06,10.2959,0.1186,0.0227,
2017-01-07,10.2959,0.1186,0.0227,
2017-01-08,10.2959,0.1186,0.0227,
2017-01-09,10.301,0.1682,0.0256,
2017-01-10,10.3033,0.1293,0.033,
2017-01-11,10.3059,0.1458,0.0414,
2017-01-12,10.3088,0.1681,0.0259,
2017-01-13,10.3106,0.1603,0.0032,
2017-01-14,10.3106,0.1603,0.0032,
2017-01-15,10.3106,0.1603,0.0032,
2017-01-16,10.3157,0.2098,0.0142,
2017-01-17,10.3179,0.1728,0.0213,
2017-01-18,10.3205,0.1796,0.0297,
2017-01-19,10.3219,0.1873,0.0116,
2017-01-20,10.3244,0.161,-0.011,
2017-01-21,10.3244,0.161,-0.011,
2017-01-22,10.3244,0.161,-0.011,
2017-01-23,10.3287,0.2028,-0.0039,
2017-01-24,10.3303,0.161,0.0013,
2017-01-25,10.26,0.0,-0.2431,
2017-01-26,10.26,0.0,-0.2431,
2017-01-27,10.2636,0.0175,0.0182,
2017-01-28,10.2636,0.0175,0.0182,
2017-01-29,10.2636,0.0175,0.0182,
2017-01-30,10.2716,0.0955,0.0419,
2017-01-31,10.2744,0.0575,0.051,
2017-02-01,10.2776,0.074,0.0614,
2017-02-02,10.2805,0.0925,0.048,
2017-02-03,10.2836,0.0818,0.0169,
2017-02-04,10.2836,0.0818,0.0169,
2017-02-05,10.2836,0.0818,0.0169,
2017-02-06,10.2898,0.1421,0.0344,
2017-02-07,10.293,0.1109,0.0447,
2017-02-08,10.2777,-0.0593,-0.0049,
2017-02-09,10.2763,-0.0933,-0.0311,
2017-02-10,10.284,-0.0418,-0.0152,
2017-02-11,10.284,-0.0418,-0.0152,
2017-02-12,10.284,-0.0418,-0.0152,
2017-02-13,10.2921,0.0369,0.0042,
2017-02-14,10.2952,0.0204,0.0143,
2017-02-15,10.2979,0.0291,0.023,
2017-02-16,10.3008,0.0418,0.0097,
2017-02-17,10.3025,0.0418,-0.0129,
2017-02-18,10.3025,0.0418,-0.0129,
2017-02-19,10.3025,0.0418,-0.0129,
2017-02-20,10.3082,0.033,-0.0039,
2017-02-21,10.3082,0.033,-0.0039,
2017-02-22,10.26,-0.4116,-0.16,
2017-02-23,10.2618,0.0088,0.0058,
2017-02-24,10.2618,0.0088,0.0058,
2017-02-25,10.2618,0.0088,0.0058,
2017-02-26,10.2618,0.0088,0.0058,
2017-02-27,10.2713,0.1014,0.0214,
2017-02-28,10.2737,-0.0195,0.0292,
2017-03-01,10.2745,-0.0525,0.0318,
2017-03-02,10.2769,-0.0778,0.0237,
2017-03-03,10.2799,-0.0933,0.0052,
2017-03-04,10.2799,-0.0933,0.0052,
2017-03-05,10.2799,-0.0933,0.0052,
2017-03-06,10.284,-0.0535,-0.0026,
2017-03-07,10.2844,-0.0496,-0.0013,
2017-03-08,10.2852,-0.1282,0.0013,
2017-03-09,10.2839,-0.1437,-0.0304,
2017-03-10,10.284,-0.1728,-0.0754,
2017-03-11,10.284,-0.1728,-0.0754,
2017-03-12,10.284,-0.1728,-0.0754,
2017-03-13,10.284,-0.1728,-0.0754,
2017-03-14,10.2921,-0.1998,-0.0492,
2017-03-15,10.2956,-0.2345,-0.0379,
2017-03-16,10.2991,-0.2315,-0.0265,
2017-03-17,10.2999,-0.3184,-0.0853,
2017-03-18,10.2999,-0.3184,-0.0853,
2017-03-19,10.2999,-0.3184,-0.0853,
2017-03-20,10.3057,-0.2623,-0.0843,
2017-03-21,10.3087,-0.321,-0.0746,
2017-03-22,10.3127,-0.2997,-0.0617,
2017-03-23,10.3156,-0.2659,-0.0832,
2017-03-24,10.3169,-0.2533,0.1748,
2017-03-25,10.3169,-0.2533,0.1748,
2017-03-26,10.3169,-0.2533,0.1748,
2017-03-27,10.3228,-0.2859,0.1587,
2017-03-28,10.3228,-0.2859,0.1587,
2017-03-29,10.26,-0.9375,-0.0448,
2017-03-30,10.2633,0.0322,-0.0341,
2017-03-31,10.2688,-0.1556,-0.0571,
2017-04-01,10.2688,-0.1556,-0.0571,
2017-04-02,10.2688,-0.1556,-0.0571,
2017-04-03,10.2763,-0.2291,-0.0434,
2017-04-04,10.2763,-0.2291,-0.0434,
2017-04-05,10.2803,-0.2571,-0.0305,
2017-04-06,10.2784,-0.2814,-0.0596,
2017-04-07,10.2784,-0.3355,-0.0816,
2017-04-08,10.2784,-0.3355,-0.0816,
2017-04-09,10.2784,-0.3355,-0.0816,
2017-04-10,10.2847,-0.2744,-0.0686,
2017-04-11,10.288,-0.3188,-0.0579,
2017-04-12,10.2911,-0.3167,-0.0479,
2017-04-13,10.2952,-0.3041,-0.0827,
2017-04-14,10.2952,-0.3041,-0.0827,
2017-04-15,10.2952,-0.3041,-0.0827,
2017-04-16,10.2952,-0.3041,-0.0827,
2017-04-17,10.3019,-0.2392,-0.0611,
2017-04-18,10.3033,-0.3279,-0.0566,
2017-04-19,10.3056,-0.3057,-0.0491,
2017-04-20,10.3088,-0.3143,-0.0675,
2017-04-21,10.3089,-0.3345,-0.081,
2017-04-22,10.3089,-0.3345,-0.081,
2017-04-23,10.3089,-0.3345,-0.081,
2017-04-24,10.3145,-0.2804,-0.0787,
2017-04-25,10.3166,-0.3083,-0.0719,
2017-04-26,10.26,-0.8715,-0.255,
2017-04-27,10.2617,0.0166,-0.2711,
2017-04-28,10.2641,0.0175,-0.0023,
2017-04-29,10.2641,0.0175,-0.0023,
2017-04-30,10.2641,0.0175,-0.0023,
2017-05-01,10.2641,0.0175,-0.0023,
2017-05-02,10.2706,0.0448,0.0188,
2017-05-03,10.2723,0.0653,0.0243,
2017-05-04,10.274,0.0516,0.0071,
2017-05-05,10.2763,0.036,-0.0107,
2017-05-06,10.2763,0.036,-0.0107,
2017-05-07,10.2763,0.036,-0.0107,
2017-05-08,10.2818,0.0896,-0.0003,
2017-05-09,10.2837,0.0126,0.0058,
2017-05-10,10.2837,0.0126,0.0058,
2017-05-11,10.2874,0.0233,-0.0052,
2017-05-12,10.2877,-0.0194,-0.0275,
2017-05-13,10.2877,-0.0194,-0.0275,
2017-05-14,10.2877,-0.0194,-0.0275,
2017-05-15,10.2951,0.0525,-0.0126,
2017-05-16,10.2964,0.0087,-0.0084,
2017-05-17,10.2979,0.0029,-0.0036,
2017-05-18,10.3001,-0.001,-0.0207,
2017-05-19,10.3017,-0.0146,-0.0456,
2017-05-20,10.3017,-0.0146,-0.0456,
2017-05-21,10.3017,-0.0146,-0.0456,
2017-05-22,10.3084,0.0505,-0.0343,
2017-05-23,10.3105,0.0078,-0.0275,
2017-05-24,10.3129,0.0107,-0.0197,
2017-05-25,10.3153,0.539,-0.0362,
2017-05-26,10.3185,0.531,0.1799,
2017-05-27,10.3185,0.531,0.1799,
2017-05-28,10.3185,0.531,0.1799,
2017-05-29,10.3236,0.5807,0.1795,
2017-05-30,10.3256,0.5463,0.186,
2017-05-31,10.26,-0.1032,-0.0266,
2017-06-01,10.2638,-0.0876,-0.0351,
2017-06-02,10.2672,-0.0973,-0.0739,
2017-06-03,10.2672,-0.0973,-0.0739,
2017-06-04,10.2672,-0.0973,-0.0739,
2017-06-05,10.2728,-0.0428,-0.0658,
2017-06-06,10.275,-0.0875,-0.0586,
2017-06-07,10.281,-0.068,-0.0392,
2017-06-08,10.2912,-0.0068,-0.0259,
2017-06-09,10.2943,-0.0165,-0.0434,
2017-06-10,10.2943,-0.0165,-0.0434,
2017-06-11,10.2943,-0.0165,-0.0434,
2017-06-12,10.2998,0.0369,-0.0323,
2017-06-13,10.3031,0.0184,-0.0217,
2017-06-14,10.3046,0.0204,-0.0168,
2017-06-15,10.308,0.034,-0.0213,
2017-06-16,10.3087,-0.0097,-0.0336,
2017-06-17,10.3087,-0.0097,-0.0336,
2017-06-18,10.3087,-0.0097,-0.0336,
2017-06-19,10.3142,0.0436,-0.022,
2017-06-20,10.316,0.0116,-0.0162,
2017-06-21,10.3184,0.0029,-0.0084,
2017-06-22,10.3206,-0.0078,-0.0197,
2017-06-23,10.3225,-0.031,0.1782,
2017-06-24,10.3225,-0.031,0.1782,
2017-06-25,10.3225,-0.031,0.1782,
2017-06-26,10.3225,-0.031,0.1782,
2017-06-27,10.3278,-0.0368,0.1954,
2017-06-28,10.26,-0.7103,-0.0244,
2017-06-29,10.2611,0.0107,-0.0461,
2017-06-30,10.2622,-0.0487,-0.0765,
2017-07-01,10.2622,-0.0487,-0.0765,
2017-07-02,10.2622,-0.0487,-0.0765,
2017-07-03,10.2644,-0.0273,-0.0775,
2017-07-04,10.2679,-0.0681,-0.0661,
2017-07-05,10.2711,-0.0827,-0.0558,
2017-07-06,10.2751,-0.0438,-0.0651,
2017-07-07,10.278,-0.1098,-0.068,
2017-07-08,10.278,-0.1098,-0.068,
2017-07-09,10.278,-0.1098,-0.068,
2017-07-10,10.2859,-0.033,-0.012,
2017-07-11,10.2889,-0.0932,-0.0023,
2017-07-12,10.2924,-0.1232,0.0091,
2017-07-13,10.2961,-0.1377,0.0065,
2017-07-14,10.2982,-0.1784,-0.0269,
2017-07-15,10.2982,-0.1784,-0.0269,
2017-07-16,10.2982,-0.1784,-0.0269,
2017-07-17,10.3051,-0.1115,-0.0136,
2017-07-18,10.3085,-0.1482,-0.0026,
2017-07-19,10.3124,-0.1327,0.01,
2017-07-20,10.3137,-0.1617,-0.0087,
2017-07-21,10.3182,-0.1693,-0.0213,
2017-07-22,10.3182,-0.1693,-0.0213,
2017-07-23,10.3182,-0.1693,-0.0213,
2017-07-24,10.3236,-0.1171,-0.0119,
2017-07-25,10.3256,-0.1605,-0.0055,
2017-07-26,10.26,-0.8303,-0.2177,
2017-07-27,10.2626,0.0253,-0.2299,
2017-07-28,10.2647,-0.0263,0.0091,
2017-07-29,10.2647,-0.0263,0.0091,
2017-07-30,10.2647,-0.0263,0.0091,
2017-07-31,10.2702,0.0273,0.0231,
2017-08-01,10.2725,-0.0234,0.0305,
2017-08-02,10.2764,-0.0029,0.0432,
2017-08-03,10.2813,0.0331,0.0324,
2017-08-04,10.283,0.0078,0.025,
2017-08-05,10.283,0.0078,0.025,
2017-08-06,10.283,0.0078,0.025,
2017-08-07,10.2886,0.0622,0.037,
2017-08-08,10.2911,0.0204,0.0451,
2017-08-09,10.2928,-0.0068,0.0506,
2017-08-10,10.2941,-0.0272,0.0321,
2017-08-11,10.2948,-0.1203,0.0097,
2017-08-12,10.2948,-0.1203,0.0097,
2017-08-13,10.2948,-0.1203,0.0097,
2017-08-14,10.2995,-0.0747,0.0249,
2017-08-15,10.2995,-0.0747,0.0249,
2017-08-16,10.3015,-0.1299,0.0314,
2017-08-17,10.3015,-0.1299,0.0314,
2017-08-18,10.3062,-0.1318,-0.0081,
2017-08-19,10.3062,-0.1318,-0.0081,
2017-08-20,10.3062,-0.1318,-0.0081,
2017-08-21,10.3117,-0.0785,-0.0029,
2017-08-22,10.314,-0.1172,0.0045,
2017-08-23,10.3154,-0.1133,0.009,
2017-08-24,10.3172,-0.1751,0.1826,
2017-08-25,10.3172,-0.1751,0.1826,
2017-08-26,10.3172,-0.1751,0.1826,
2017-08-27,10.3172,-0.1751,0.1826,
2017-08-28,10.3239,-0.1103,0.2042,
2017-08-29,10.3261,-0.1431,0.2114,
2017-08-30,10.26,-0.7996,-0.0029,
2017-08-31,10.263,0.0292,-0.0243,
2017-09-01,10.2681,0.0185,-0.0331,
2017-09-02,10.2681,0.0185,-0.0331,
2017-09-03,10.2681,0.0185,-0.0331,
2017-09-04,10.273,0.0662,-0.0246,
2017-09-05,10.2749,0.0847,-0.0185,
2017-09-06,10.2768,0.0185,-0.0123,
2017-09-07,10.278,-0.0039,-0.0301,
2017-09-08,10.279,-0.0486,-0.0479,
2017-09-09,10.279,-0.0486,-0.0479,
2017-09-10,10.279,-0.0486,-0.0479,
2017-09-11,10.284,0.0,-0.0402,
2017-09-12,10.2851,-0.0369,-0.0366,
2017-09-13,10.2858,-0.0301,-0.0343,
2017-09-14,10.2873,-0.0408,-0.0557,
2017-09-15,10.2883,-0.0825,-0.0802,
2017-09-16,10.2883,-0.0825,-0.0802,
2017-09-17,10.2883,-0.0825,-0.0802,
2017-09-18,10.2926,-0.0408,-0.0763,
2017-09-19,10.2941,-0.0767,-0.0715,
2017-09-20,10.2956,-0.0825,-0.0666,
2017-09-21,10.2919,-0.1329,-0.1008,
2017-09-22,10.2922,-0.193,0.097,
2017-09-23,10.2922,-0.193,0.097,
2017-09-24,10.2922,-0.193,0.097,
2017-09-25,10.2989,-0.128,0.11,
2017-09-26,10.3011,-0.1822,0.1171,
2017-09-27,10.26,-0.6247,-0.0162,
2017-09-28,10.2624,0.0234,-0.0308,
2017-09-29,10.2643,-0.0224,-0.0477,
2017-09-30,10.2643,-0.0224,-0.0477,
2017-10-01,10.2643,-0.0224,-0.0477,
2017-10-02,10.2643,-0.0224,-0.0477,
2017-10-03,10.275,-0.0107,-0.013,
2017-10-04,10.2757,-0.0477,-0.0107,
2017-10-05,10.2759,-0.1613,-0.0101,
2017-10-06,10.2777,-0.202,-0.0755,
2017-10-07,10.2777,-0.202,-0.0755,
2017-10-08,10.2777,-0.202,-0.0755,
2017-10-09,10.2829,-0.1515,-0.0683,
2017-10-10,10.2854,-0.1824,-0.0602,
2017-10-11,10.2876,-0.1611,-0.0531,
2017-10-12,10.2901,-0.1368,-0.0718,
2017-10-13,10.2932,-0.162,-0.1018,
2017-10-14,10.2932,-0.162,-0.1018,
2017-10-15,10.2932,-0.162,-0.1018,
2017-10-16,10.2987,-0.1086,-0.094,
2017-10-17,10.301,-0.1309,-0.0866,
2017-10-18,10.303,-0.1676,-0.132,
2017-10-19,10.303,-0.1676,-0.132,
2017-10-20,10.303,-0.1676,-0.132,
2017-10-21,10.303,-0.1676,-0.132,
2017-10-22,10.303,-0.1676,-0.132,
2017-10-23,10.3105,-0.095,-0.1077,
2017-10-24,10.3124,-0.1414,-0.1016,
2017-10-25,10.26,-0.6488,-0.2711,
2017-10-26,10.2615,0.0146,-0.3057,
2017-10-27,10.2631,0.0068,0.0006,
2017-10-28,10.2631,0.0068,0.0006,
2017-10-29,10.2631,0.0068,0.0006,
2017-10-30,10.2679,0.0536,0.0006,
2017-10-31,10.2698,0.0721,0.0068,
2017-11-01,10.2717,0.0146,0.013,
2017-11-02,10.2734,0.0136,-0.0114,
2017-11-03,10.2754,0.0165,-0.0331,
2017-11-04,10.2754,0.0165,-0.0331,
2017-11-05,10.2754,0.0165,-0.0331,
2017-11-06,10.2806,0.0672,-0.034,
2017-11-07,10.2816,0.0263,-0.0308,
2017-11-08,10.2831,0.0233,-0.0259,
2017-11-09,10.2851,-0.0515,-0.0528,
2017-11-10,10.2867,-0.1136,-0.068,
2017-11-11,10.2867,-0.1136,-0.068,
2017-11-12,10.2867,-0.1136,-0.068,
2017-11-13,10.2924,-0.0583,-0.0566,
2017-11-14,10.2905,-0.0767,-0.0628,
2017-11-15,10.2925,-0.2307,-0.0563,
2017-11-16,10.2911,-0.3534,-0.0879,
2017-11-17,10.2942,-0.3803,-0.1037,
2017-11-18,10.2942,-0.3803,-0.1037,
2017-11-19,10.2942,-0.3803,-0.1037,
2017-11-20,10.3025,-0.3,-0.0849,
2017-11-21,10.305,-0.3732,-0.0769,
2017-11-22,10.3043,-0.4185,-0.0791,
2017-11-23,10.3035,-0.4599,-0.1014,
2017-11-24,10.3046,-0.5319,0.1392,
2017-11-25,10.3046,-0.5319,0.1392,
2017-11-26,10.3046,-0.5319,0.1392,
2017-11-27,10.3099,-0.4807,0.1449,
2017-11-28,10.3115,-0.4335,0.1501,
2017-11-29,10.26,-0.9079,-0.0169,
2017-11-30,10.2629,0.0058,-0.0668,
2017-12-01,10.2629,0.0058,-0.0668,
2017-12-02,10.2629,0.0058,-0.0668,
2017-12-03,10.2629,0.0058,-0.0668,
2017-12-04,10.2696,0.0711,-0.0506,
2017-12-05,10.2703,0.0205,-0.0483,
2017-12-06,10.272,0.0127,-0.0428,
2017-12-07,10.2734,0.2156,-0.0616,
2017-12-08,10.2759,0.2351,-0.0716,
2017-12-09,10.2759,0.2351,-0.0716,
2017-12-10,10.2759,0.2351,-0.0716,
2017-12-11,10.2786,0.2614,-0.0706,
2017-12-12,10.2793,0.2682,-0.0683,
2017-12-13,10.2794,0.1862,-0.068,
2017-12-14,10.2798,0.1617,-0.0877,
2017-12-15,10.2797,0.1822,-0.0874,
2017-12-16,10.2797,0.1822,-0.0874,
2017-12-17,10.2797,0.1822,-0.0874,
2017-12-18,10.2852,0.2358,-0.0718,
2017-12-19,10.2863,0.1831,-0.0683,
2017-12-20,10.2853,0.1607,-0.0715,
2017-12-21,10.2836,0.1168,-0.0993,
2017-12-22,10.2851,0.1032,-0.1122,
2017-12-23,10.2851,0.1032,-0.1122,
2017-12-24,10.2851,0.1032,-0.1122,
2017-12-25,10.2851,0.1032,-0.1122,
2017-12-26,10.29,0.1138,-0.0963,
2017-12-27,10.26,-0.18,-0.1935,
2017-12-28,10.2594,-0.0058,-0.2177,
2017-12-29,10.2648,-0.0292,0.0058,
2017-12-30,10.2648,-0.0292,0.0058,
2017-12-31,10.2648,-0.0292,0.0058,
2018-01-01,10.2726,0.0467,0.023,-0.0113
2018-01-02,10.2751,-0.0418,0.0312,-0.0109
2018-01-03,10.2759,-0.0788,0.0338,-0.0156
2018-01-04,10.2745,-0.1419,0.0078,-0.0183
2018-01-05,10.2787,-0.1671,-0.0013,-0.0297
2018-01-06,10.2787,-0.1671,-0.0013,-0.0297
2018-01-07,10.2787,-0.1671,-0.0013,-0.0297
2018-01-08,10.2844,-0.1117,0.0107,-0.0229
2018-01-09,10.2856,-0.1495,0.0146,-0.0251
2018-01-10,10.2844,-0.1834,0.0107,-0.0334
2018-01-11,10.2852,-0.2009,-0.011,-0.0319
2018-01-12,10.2856,-0.2425,-0.0524,-0.0507
2018-01-13,10.2856,-0.2425,-0.0524,-0.0507
2018-01-14,10.2856,-0.2425,-0.0524,-0.0507
2018-01-15,10.2918,-0.1823,-0.0411,-0.0442
2018-01-16,10.2901,-0.2482,-0.0466,-0.0524
2018-01-17,10.2947,-0.2249,-0.0317,-0.0479
2018-01-18,10.2961,-0.2364,-0.0514,-0.0452
2018-01-19,10.2976,-0.2596,-0.0627,-0.0597
2018-01-20,10.2976,-0.2596,-0.0627,-0.0597
2018-01-21,10.2976,-0.2596,-0.0627,-0.0597
2018-01-22,10.3016,-0.2208,-0.0595,-0.0558
2018-01-23,10.304,-0.2391,-0.0517,-0.0558
2018-01-24,10.3052,-0.243,-0.0478,-0.0535
2018-01-25,10.3059,0.4121,0.1427,-0.0753
2018-01-26,10.3059,0.4121,0.1427,-0.0753
2018-01-27,10.3059,0.4121,0.1427,-0.0753
2018-01-28,10.3059,0.4121,0.1427,-0.0753
2018-01-29,10.3121,0.4725,0.1553,0.1014
2018-01-30,10.3123,0.3962,0.156,0.0998
2018-01-31,10.26,-0.1402,-0.0136,-0.0058
2018-02-01,10.2561,-0.2092,-0.0503,-0.0134
2018-02-02,10.2587,-0.2421,-0.0435,-0.0224
2018-02-03,10.2587,-0.2421,-0.0435,-0.0224
2018-02-04,10.2587,-0.2421,-0.0435,-0.0224
2018-02-05,10.2639,-0.1916,-0.0344,-0.0167
2018-02-06,10.2667,-0.2245,-0.0253,-0.0158
2018-02-07,10.2705,-0.2186,-0.013,-0.0125
2018-02-08,10.2741,-0.035,-0.0149,-0.0054
2018-02-09,10.2758,-0.0797,-0.0191,-0.0191
2018-02-10,10.2758,-0.0797,-0.0191,-0.0191
2018-02-11,10.2758,-0.0797,-0.0191,-0.0191
2018-02-12,10.2816,-0.102,-0.0078,-0.0115
2018-02-13,10.2816,-0.102,-0.0078,-0.0115
2018-02-14,10.2864,-0.0855,0.0078,-0.0054
2018-02-15,10.2862,-0.1136,-0.0155,-0.0058
2018-02-16,10.2879,-0.1417,-0.0405,-0.0264
2018-02-17,10.2879,-0.1417,-0.0405,-0.0264
2018-02-18,10.2879,-0.1417,-0.0405,-0.0264
2018-02-19,10.2879,-0.1417,-0.0405,-0.0264
2018-02-20,10.2923,-0.1542,-0.0262,-0.0223
2018-02-21,10.2938,-0.1397,-0.0214,-0.0247
2018-02-22,10.292,0.3119,-0.0544,-0.0282
2018-02-23,10.2951,0.3245,0.1048,-0.039
2018-02-24,10.2951,0.3245,0.1048,-0.039
2018-02-25,10.2951,0.3245,0.1048,-0.039
2018-02-26,10.3003,0.3752,0.1142,0.0784
2018-02-27,10.301,0.2892,0.1164,0.0755
2018-02-28,10.26,-0.1334,-0.0166,-0.0094
2018-03-01,10.2612,-0.1819,-0.0707,-0.0284
2018-03-02,10.2612,-0.1819,-0.0707,-0.0284
2018-03-03,10.2612,-0.1819,-0.0707,-0.0284
2018-03-04,10.2612,-0.1819,-0.0707,-0.0284
2018-03-05,10.2692,-0.1041,-0.0448,-0.0187
2018-03-06,10.2731,-0.106,-0.0321,-0.0171
2018-03-07,10.2799,-0.0438,-0.01,-0.008
2018-03-08,10.2835,-0.0165,-0.0237,-0.001
2018-03-09,10.2859,0.0185,-0.0321,-0.0159
2018-03-10,10.2859,0.0185,-0.0321,-0.0159
2018-03-11,10.2859,0.0185,-0.0321,-0.0159
2018-03-12,10.2949,0.106,-0.0133,-0.0047
2018-03-13,10.2991,0.1468,0.0003,-0.0074
2018-03-14,10.3012,0.0884,0.0071,-0.008
2018-03-15,10.3054,0.0952,-0.0032,0.0002
2018-03-16,10.3119,0.1165,-0.0036,-0.0074
2018-03-17,10.3119,0.1165,-0.0036,-0.0074
2018-03-18,10.3119,0.1165,-0.0036,-0.0074
2018-03-19,10.3171,0.167,0.0048,-0.0048
2018-03-20,10.3179,0.1184,0.0074,-0.0116
2018-03-21,10.3182,0.0922,0.0084,-0.0174
2018-03-22,10.3199,0.0698,-0.0068,-0.0141
2018-03-23,10.321,0.0397,0.1887,0.1186
2018-03-24,10.321,0.0397,0.1887,0.1186
2018-03-25,10.321,0.0397,0.1887,0.1186
2018-03-26,10.3247,0.0756,0.1902,0.1258
2018-03-27,10.3331,0.0998,0.2174,0.1286
2018-03-28,10.26,-0.0857,-0.1015,-0.0656
2018-03-29,10.26,-0.0857,-0.1015,-0.0656
2018-03-30,10.26,-0.0857,-0.1015,-0.0656
2018-03-31,10.26,-0.0857,-0.1015,-0.0656
2018-04-01,10.26,-0.0857,-0.1015,-0.0656
2018-04-02,10.26,-0.0857,-0.1015,-0.0656
2018-04-03,10.2745,-0.0175,-0.0544,-0.0459
2018-04-04,10.2768,0.0049,-0.047,-0.0435
2018-04-05,10.2828,0.0243,-0.0777,-0.0319
2018-04-06,10.286,0.0739,-0.088,-0.0388
2018-04-07,10.286,0.0739,-0.088,-0.0388
2018-04-08,10.286,0.0739,-0.088,-0.0388
2018-04-09,10.2921,0.1333,-0.0783,-0.0326
2018-04-10,10.2913,0.0642,-0.0808,-0.0342
2018-04-11,10.2897,0.0165,-0.086,-0.0499
2018-04-12,10.291,-0.001,-0.1021,-0.0474
2018-04-13,10.2925,-0.0262,-0.1144,-0.0704
2018-04-14,10.2925,-0.0262,-0.1144,-0.0704
2018-04-15,10.2925,-0.0262,-0.1144,-0.0704
2018-04-16,10.2974,0.0214,-0.1056,-0.0618
2018-04-17,10.2988,-0.0301,-0.1011,-0.07
2018-04-18,10.2983,-0.0485,-0.1027,-0.0709
2018-04-19,10.2969,-0.0844,-0.1263,-0.0736
2018-04-20,10.2939,-0.1455,-0.1556,-0.1025
2018-04-21,10.2939,-0.1455,-0.1556,-0.1025
2018-04-22,10.2939,-0.1455,-0.1556,-0.1025
2018-04-23,10.297,-0.1154,-0.1514,-0.0964
2018-04-24,10.2976,-0.1638,-0.1494,0.0732
2018-04-25,10.26,-0.5486,-0.2711,-0.0037
2018-04-26,10.2586,-0.0136,-0.2965,-0.0064
2018-04-27,10.2594,-0.0458,-0.0016,-0.0452
2018-04-28,10.2594,-0.0458,-0.0016,-0.0452
2018-04-29,10.2594,-0.0458,-0.0016,-0.0452
2018-04-30,10.2594,-0.0458,-0.0016,-0.0452
2018-05-01,10.2594,-0.0458,-0.0016,-0.0452
2018-05-02,10.2711,0.0049,0.0364,-0.0187
2018-05-03,10.2719,-0.0039,0.039,-0.0171
2018-05-04,10.2728,-0.0341,0.0071,-0.0455
2018-05-05,10.2728,-0.0341,0.0071,-0.0455
2018-05-06,10.2728,-0.0341,0.0071,-0.0455
2018-05-07,10.2796,0.0321,0.0243,-0.0437
2018-05-08,10.28,-0.0175,0.0256,-0.0598
2018-05-09,10.2791,-0.0447,0.0227,-0.0724
2018-05-10,10.2787,-0.0486,-0.0045,-0.0732
2018-05-11,10.2792,-0.0826,-0.0369,-0.0987
2018-05-12,10.2792,-0.0826,-0.0369,-0.0987
2018-05-13,10.2792,-0.0826,-0.0369,-0.0987
2018-05-14,10.2834,-0.0418,-0.0327,-0.1062
2018-05-15,10.2822,-0.1253,-0.0366,-0.1111
2018-05-16,10.2798,-0.1612,-0.0444,-0.1316
2018-05-17,10.2793,-0.1806,-0.067,-0.1326
2018-05-18,10.2825,-0.1864,-0.1029,-0.1447
2018-05-19,10.2825,-0.1864,-0.1029,-0.1447
2018-05-20,10.2825,-0.1864,-0.1029,-0.1447
2018-05-21,10.2868,-0.1446,-0.0951,-0.1384
2018-05-22,10.2882,-0.196,-0.0906,-0.1363
2018-05-23,10.2901,-0.1979,-0.0844,-0.1368
2018-05-24,10.2916,-0.2065,-0.1057,-0.1339
2018-05-25,10.2953,-0.2248,0.1051,-0.1424
2018-05-26,10.2953,-0.2248,0.1051,-0.1424
2018-05-27,10.2953,-0.2248,0.1051,-0.1424
2018-05-28,10.303,-0.1502,0.1167,0.0837
2018-05-29,10.3075,-0.156,0.1313,0.0891
2018-05-30,10.26,-0.6353,-0.0227,-0.0064
2018-05-31,10.2588,-0.0117,-0.0724,-0.0088
2018-06-01,10.2594,-0.076,-0.0892,-0.0263
2018-06-02,10.2594,-0.076,-0.0892,-0.0263
2018-06-03,10.2594,-0.076,-0.0892,-0.0263
2018-06-04,10.2645,-0.0263,-0.0823,-0.0216
2018-06-05,10.267,-0.0565,-0.0742,-0.0216
2018-06-06,10.2701,-0.0477,-0.0642,-0.0191
2018-06-07,10.2696,-0.1109,-0.0878,-0.02
2018-06-08,10.2718,-0.2186,-0.0981,-0.028
2018-06-09,10.2718,-0.2186,-0.0981,-0.028
2018-06-10,10.2718,-0.2186,-0.0981,-0.028
2018-06-11,10.2776,-0.1622,-0.0858,-0.0194
2018-06-12,10.2795,-0.1971,-0.0796,-0.0194
2018-06-13,10.2832,-0.1931,-0.0677,-0.0179
2018-06-14,10.2863,-0.1776,-0.0793,-0.0119
2018-06-15,10.2889,-0.1921,-0.0993,-0.0315
2018-06-16,10.2889,-0.1921,-0.0993,-0.0315
2018-06-17,10.2889,-0.1921,-0.0993,-0.0315
2018-06-18,10.2967,-0.1164,-0.0811,-0.0223
2018-06-19,10.3,-0.1377,-0.0705,-0.0099
2018-06-20,10.3034,-0.1221,-0.0595,-0.0082
2018-06-21,10.3067,-0.1134,-0.074,-0.0017
2018-06-22,10.3091,-0.1298,0.1495,-0.0091
2018-06-23,10.3091,-0.1298,0.1495,-0.0091
2018-06-24,10.3091,-0.1298,0.1495,-0.0091
2018-06-25,10.3152,-0.0707,0.1621,0.1074
2018-06-26,10.3172,-0.0513,0.1686,0.1062
2018-06-27,10.26,-0.6565,-0.0169,-0.0275
2018-06-28,10.2602,0.0019,-0.0312,-0.0271
2018-06-29,10.2632,0.0097,-0.0616,-0.0325
2018-06-30,10.2632,0.0097,-0.0616,-0.0325
2018-07-01,10.2632,0.0097,-0.0616,-0.0325
2018-07-02,10.271,0.0858,-0.0483,-0.013
2018-07-03,10.2737,0.0906,-0.0396,-0.0222
2018-07-04,10.2779,0.0974,-0.0259,-0.0198
2018-07-05,10.2799,0.0857,-0.0434,-0.0159
2018-07-06,10.2821,0.0399,-0.0602,-0.0222
2018-07-07,10.2821,0.0399,-0.0602,-0.0222
2018-07-08,10.2821,0.0399,-0.0602,-0.0222
2018-07-09,10.2884,0.1012,-0.0479,-0.0132
2018-07-10,10.2914,0.0535,-0.0382,-0.0095
2018-07-11,10.2932,0.0418,-0.0324,-0.0085
2018-07-12,10.2966,0.0408,-0.0408,-0.0019
2018-07-13,10.3,0.0175,-0.0585,0.1572
2018-07-14,10.3,0.0175,-0.0585,0.1572
2018-07-15,10.3,0.0175,-0.0585,0.1572
2018-07-16,10.3051,0.067,-0.0511,0.1574
2018-07-17,10.3083,0.0311,-0.0407,0.1311
2018-07-18,10.3101,0.0155,-0.0349,0.1307
2018-07-19,10.3117,-0.0068,-0.051,0.1338
2018-07-20,10.3138,-0.0426,-0.0713,0.1635
2018-07-21,10.3138,-0.0426,-0.0713,0.1635
2018-07-22,10.3138,-0.0426,-0.0713,0.1635
2018-07-23,10.3195,0.0126,-0.0623,0.2222
2018-07-24,10.3214,-0.0213,-0.0561,0.2102
2018-07-25,10.26,-0.6353,-0.2547,0.0744
2018-07-26,10.2631,0.0302,-0.2685,0.0805
2018-07-27,10.2656,0.0088,0.0091,0.0572
2018-07-28,10.2656,0.0088,0.0091,0.0572
2018-07-29,10.2656,0.0088,0.0091,0.0572
2018-07-30,10.2719,0.0701,0.0218,0.0609
2018-07-31,10.2748,0.0448,0.0312,0.0593
