2014-06-11,10.0169,,,
2014-06-12,10.0192,,,
2014-06-13,10.0204,,,
2014-06-14,10.0226,,,
2014-06-15,10.0249,,,
2014-06-16,10.0264,,,
2014-06-17,10.0288,,,
2014-06-18,10.0291,,,
2014-06-19,10.0318,,,
2014-06-20,10.034,,,
2014-06-21,10.0362,,,
2014-06-22,10.0384,,,
2014-06-23,10.0414,,,
2014-06-24,10.0437,,,
2014-06-25,10.0467,,,
2014-06-26,10.0489,,,
2014-06-27,10.052,,,
2014-06-28,10.0543,,,
2014-06-29,10.0565,,,
2014-06-30,10.0597,,,
2014-07-01,10.0644,,,
2014-07-02,10.0657,,,
2014-07-03,10.0682,,,
2014-07-04,10.0714,,,
2014-07-05,10.0737,,,
2014-07-06,10.0759,,,
2014-07-07,10.0784,,,
2014-07-08,10.0798,,,
2014-07-09,10.0795,,,
2014-07-10,10.0802,,,
2014-07-11,10.0692,,,
2014-07-12,10.0715,,,
2014-07-13,10.0738,,,
2014-07-14,10.0767,,,
2014-07-15,10.0779,,,
2014-07-16,10.0829,,,
2014-07-17,10.0858,,,
2014-07-18,10.0881,,,
2014-07-19,10.0904,,,
2014-07-20,10.0927,,,
2014-07-21,10.0946,,,
2014-07-22,10.099,,,
2014-07-23,10.1016,,,
2014-07-24,10.1019,,,
2014-07-25,10.1053,,,
2014-07-26,10.1076,,,
2014-07-27,10.1099,,,
2014-07-28,10.1128,,,
2014-07-29,10.1151,,,
2014-07-30,10.1163,,,
2014-07-31,10.1184,,,
2014-08-01,10.118,,,
2014-08-02,10.1203,,,
2014-08-03,10.1226,,,
2014-08-04,10.1264,,,
2014-08-05,10.129,,,
2014-08-06,10.1311,,,
2014-08-07,10.1331,,,
2014-08-08,10.1345,,,
2014-08-09,10.1368,,,
2014-08-10,10.1392,,,
2014-08-11,10.1411,,,
2014-08-12,10.1439,,,
2014-08-13,10.1454,,,
2014-08-14,10.1478,,,
2014-08-15,10.1501,,,
2014-08-16,10.1525,,,
2014-08-17,10.1548,,,
2014-08-18,10.1572,,,
2014-08-19,10.1601,,,
2014-08-20,10.162,,,
2014-08-21,10.1654,,,
2014-08-22,10.1685,,,
2014-08-23,10.1709,,,
2014-08-24,10.1732,,,
2014-08-25,10.1761,,,
2014-08-26,10.178,,,
2014-08-27,10.1796,,,
2014-08-28,10.1821,,,
2014-08-29,10.1845,,,
2014-08-30,10.1868,,,
2014-08-31,10.1892,,,
2014-09-01,10.1911,,,
2014-09-02,10.1934,,,
2014-09-03,10.1961,,,
2014-09-04,10.1987,,,
2014-09-05,10.2009,,,
2014-09-06,10.2033,,,
2014-09-07,10.2057,,,
2014-09-08,10.2082,,,
2014-09-09,10.2106,,,
2014-09-10,10.2125,,,
2014-09-11,10.2154,,,
2014-09-12,10.2172,,,
2014-09-13,10.2195,,,
2014-09-14,10.2219,,,
2014-09-15,10.2244,,,
2014-09-16,10.2268,,,
2014-09-17,10.2303,,,
2014-09-18,10.2341,,,
2014-09-19,10.2378,,,
2014-09-20,10.2401,,,
2014-09-21,10.2425,,,
2014-09-22,10.2455,,,
2014-09-23,10.247,,,
2014-09-24,10.2495,,,
2014-09-25,10.2515,,,
2014-09-26,10.2548,,,
2014-09-27,10.2572,,,
2014-09-28,10.2595,,,
2014-09-29,10.2628,,,
2014-09-30,10.267,,,
2014-10-01,10.2713,,,
2014-10-02,10.2737,,,
2014-10-03,10.276,,,
2014-10-04,10.2784,,,
2014-10-05,10.2808,,,
2014-10-06,10.2831,,,
2014-10-07,10.2898,,,
2014-10-08,10.2939,,,
2014-10-09,10.2963,,,
2014-10-10,10.2987,,,
2014-10-11,10.301,,,
2014-10-12,10.3034,,,
2014-10-13,10.3072,,,
2014-10-14,10.3104,,,
2014-10-15,10.3127,,,
2014-10-16,10.3171,,,
2014-10-17,10.3211,,,
2014-10-18,10.3234,,,
2014-10-19,10.3257,,,
2014-10-20,10.3287,,,
2014-10-21,10.3328,,,
2014-10-22,10.3345,,,
2014-10-23,10.3369,,,
2014-10-24,10.3392,,,
2014-10-25,10.3415,,,
2014-10-26,10.3439,,,
2014-10-27,10.3466,,,
2014-10-28,10.3491,,,
2014-10-29,10.3534,,,
2014-10-30,10.3564,,,
2014-10-31,10.3602,,,
2014-11-01,10.3625,,,
2014-11-02,10.3648,,,
2014-11-03,10.3699,,,
2014-11-04,10.3722,,,
2014-11-05,10.3768,,,
2014-11-06,10.3791,,,
2014-11-07,10.3826,,,
2014-11-08,10.3849,,,
2014-11-09,10.3872,,,
2014-11-10,10.3911,,,
2014-11-11,10.3931,,,
2014-11-12,10.3952,,,
2014-11-13,10.3974,,,
2014-11-14,10.3999,,,
2014-11-15,10.4022,,,
2014-11-16,10.4045,,,
2014-11-17,10.4071,,,
2014-11-18,10.4096,,,
2014-11-19,10.4118,,,
2014-11-20,10.415,,,
2014-11-21,10.4183,,,
2014-11-22,10.4206,,,
2014-11-23,10.4229,,,
2014-11-24,10.4244,,,
2014-11-25,10.4269,,,
2014-11-26,10.4293,,,
2014-11-27,10.4313,,,
2014-11-28,10.4338,,,
2014-11-29,10.4362,,,
2014-11-30,10.4385,,,
2014-12-01,10.4419,,,
2014-12-02,10.4439,,,
2014-12-03,10.4473,,,
2014-12-04,10.4496,,,
2014-12-05,10.4518,,,
2014-12-06,10.4541,,,
2014-12-07,10.4565,,,
2014-12-08,10.4589,,,
2014-12-09,10.4613,,,
2014-12-10,10.4636,,,
2014-12-11,10.4662,,,
2014-12-12,10.4678,,,
2014-12-13,10.4702,,,
2014-12-14,10.4725,,,
2014-12-15,10.4747,,,
2014-12-16,10.4756,,,
2014-12-17,10.4766,,,
2014-12-18,10.4788,,,
2014-12-19,10.48,,,
2014-12-20,10.4823,,,
2014-12-21,10.4847,,,
2014-12-22,10.4859,,,
2014-12-23,10.4866,,,
2014-12-24,10.4877,,,
2014-12-25,10.4901,,,
2014-12-26,10.4922,,,
2014-12-27,10.4946,,,
2014-12-28,10.497,,,
2014-12-29,10.4994,,,
2014-12-30,10.5026,,,
2014-12-31,10.5058,,,
2015-01-01,10.5099,,,
2015-01-02,10.5133,,,
2015-01-03,10.5157,,,
2015-01-04,10.5181,,,
2015-01-05,10.521,,,
2015-01-06,10.5227,,,
2015-01-07,10.5253,,,
2015-01-08,10.5273,,,
2015-01-09,10.5289,,,
2015-01-10,10.5313,,,
2015-01-11,10.5336,,,
2015-01-12,10.5367,,,
2015-01-13,10.539,,,
2015-01-14,10.5415,,,
2015-01-15,10.5479,,,
2015-01-16,10.5501,,,
2015-01-17,10.5525,,,
2015-01-18,10.5548,,,
2015-01-19,10.5564,,,
2015-01-20,10.5572,,,
2015-01-21,10.5584,,,
2015-01-22,10.5606,,,
2015-01-23,10.5633,,,
2015-01-24,10.5657,,,
2015-01-25,10.568,,,
2015-01-26,10.5704,,,
2015-01-27,10.5726,,,
2015-01-28,10.5747,,,
2015-01-29,10.5769,,,
2015-01-30,10.5789,,,
2015-01-31,10.5813,,,
2015-02-01,10.5837,,,
2015-02-02,10.5859,,,
2015-02-03,10.5877,,,
2015-02-04,10.5899,,,
2015-02-05,10.5921,,,
2015-02-06,10.5931,,,
2015-02-07,10.5955,,,
2015-02-08,10.5979,,,
2015-02-09,10.5976,,,
2015-02-10,10.5997,,,
2015-02-11,10.5999,,,
2015-02-12,10.5976,,,
2015-02-13,10.6009,,,
2015-02-14,10.6034,,,
2015-02-15,10.606,,,
2015-02-16,10.6084,,,
2015-02-17,10.6109,,,
2015-02-18,10.6134,,,
2015-02-19,10.6159,,,
2015-02-20,10.6195,,,
2015-02-21,10.622,,,
2015-02-22,10.6245,,,
2015-02-23,10.6292,,,
2015-02-24,10.6325,,,
2015-02-25,10.6365,,,
2015-02-26,10.639,,,
2015-02-27,10.6412,,,
2015-02-28,10.6437,,,
2015-03-01,10.6461,,,
2015-03-02,10.6487,,,
2015-03-03,10.6514,,,
2015-03-04,10.6598,,,
2015-03-05,10.6626,,,
2015-03-06,10.665,,,
2015-03-07,10.6674,,,
2015-03-08,10.6698,,,
2015-03-09,10.6716,,,
2015-03-10,10.6735,,,
2015-03-11,10.6757,,,
2015-03-12,10.6779,,,
2015-03-13,10.6805,,,
2015-03-14,10.683,,,
2015-03-15,10.6854,,,
2015-03-16,10.6878,,,
2015-03-17,10.6905,,,
2015-03-18,10.6926,,,
2015-03-19,10.6949,,,
2015-03-20,10.6972,,,
2015-03-21,10.6997,,,
2015-03-22,10.7021,,,
2015-03-23,10.7034,,,
2015-03-24,10.7046,,,
2015-03-25,10.7074,,,
2015-03-26,10.7104,,,
2015-03-27,10.7129,,,
2015-03-28,10.7154,,,
2015-03-29,10.7179,,,
2015-03-30,10.7207,,,
2015-03-31,10.7366,,,
2015-04-01,10.7389,,,
2015-04-02,10.7412,,,
2015-04-03,10.7435,,,
2015-04-04,10.7457,,,
2015-04-05,10.748,,,
2015-04-06,10.7504,,,
2015-04-07,10.7527,,,
2015-04-08,10.755,,,
2015-04-09,10.7573,,,
2015-04-10,10.7597,,,
2015-04-11,10.762,,,
2015-04-12,10.7643,,,
2015-04-13,10.7666,,,
2015-04-14,10.7689,,,
2015-04-15,10.7713,,,
2015-04-16,10.7736,,,
2015-04-17,10.7759,,,
2015-04-18,10.7782,,,
2015-04-19,10.7806,,,
2015-04-20,10.7829,,,
2015-04-21,10.7852,,,
2015-04-22,10.7875,,,
2015-04-23,10.7898,,,
2015-04-24,10.7922,,,
2015-04-25,10.7945,,,
2015-04-26,10.7968,,,
2015-04-27,10.7991,,,
2015-04-28,10.8015,,,
2015-04-29,10.8038,,,
2015-04-30,10.8061,,,
2015-05-01,10.8084,,,
2015-05-02,10.8107,,,
2015-05-03,10.8131,,,
2015-05-04,10.8154,,,
2015-05-05,10.8177,,,
2015-05-06,10.82,,,
2015-05-07,10.8224,,,
2015-05-08,10.8247,,,
2015-05-09,10.827,,,
2015-05-10,10.8293,,,
2015-05-11,10.8316,,,
2015-05-12,10.834,,,
2015-05-13,10.8363,,,
2015-05-14,10.8386,,,
2015-05-15,10.8409,,,
2015-05-16,10.8433,,,
2015-05-17,10.8456,,,
2015-05-18,10.8479,,,
2015-05-19,10.8502,,,
2015-05-20,10.8525,,,
2015-05-21,10.8549,,,
2015-05-22,10.8572,,,
2015-05-23,10.8595,,,
2015-05-24,10.8618,,,
2015-05-25,10.8642,,,
2015-05-26,10.8665,,,
2015-05-27,10.8688,,,
2015-05-28,10.8711,,,
2015-05-29,10.8734,,,
2015-05-30,10.8758,,,
2015-05-31,10.8781,,,
2015-06-01,10.8804,,,
2015-06-02,10.8827,,,
2015-06-03,10.8851,,,
2015-06-04,10.8874,,,
2015-06-05,10.8941,,,
2015-06-06,10.8942,,,
2015-06-07,10.8941,,,
2015-06-08,10.8961,,,
2015-06-09,10.8983,,,
2015-06-10,10.897,,,
2015-06-11,10.8967,8.7832,,
2015-06-12,10.8988,8.7791,,
2015-06-13,10.901,8.7881,,
2015-06-14,10.9033,8.7871,,
2015-06-15,10.8974,8.7033,,
2015-06-16,10.8972,8.6851,,
2015-06-17,10.9013,8.6999,,
2015-06-18,10.9089,8.7725,,
2015-06-19,10.9127,8.7811,,
2015-06-20,10.9151,8.7811,,
2015-06-21,10.9174,8.7802,,
2015-06-22,10.9199,8.7813,,
2015-06-23,10.9207,8.7567,,
2015-06-24,10.9243,8.7677,,
2015-06-25,10.9226,8.7183,,
2015-06-26,10.9237,8.7054,,
2015-06-27,10.9261,8.6958,,
2015-06-28,10.9285,8.6948,,
2015-06-29,10.9306,8.6919,,
2015-06-30,10.9338,8.6891,,
2015-07-01,10.9371,8.6712,,
2015-07-02,10.941,8.6959,,
2015-07-03,10.9469,8.7275,,
2015-07-04,10.9493,8.7168,,
2015-07-05,10.9516,8.7148,,
2015-07-06,10.9565,8.7397,,
2015-07-07,10.9613,8.7603,,
2015-07-08,10.964,8.772,,
2015-07-09,10.9643,8.7782,,
2015-07-10,10.9681,8.8084,,
2015-07-11,10.9705,8.9511,,
2015-07-12,10.9729,8.95,,
2015-07-13,10.9735,8.9311,,
2015-07-14,10.9783,8.9474,,
2015-07-15,10.9825,8.9761,,
2015-07-16,10.9838,8.9349,,
2015-07-17,10.9864,8.9294,,
2015-07-18,10.9888,8.9283,,
2015-07-19,10.9911,8.9263,,
2015-07-20,10.9935,8.9253,,
2015-07-21,10.9965,8.9345,,
2015-07-22,11.0006,8.9276,,
2015-07-23,11.003,8.9233,,
2015-07-24,11.0067,8.9567,,
2015-07-25,11.009,8.9428,,
2015-07-26,11.0114,8.9418,,
2015-07-27,11.0142,8.9447,,
2015-07-28,11.0178,8.9491,,
2015-07-29,11.0235,8.9806,,
2015-07-30,11.025,8.9825,,
2015-07-31,11.0297,9.0064,,
2015-08-01,11.0321,9.0344,,
2015-08-02,11.0344,9.0323,,
2015-08-03,11.0378,9.0412,,
2015-08-04,11.038,9.0022,,
2015-08-05,11.0402,8.996,,
2015-08-06,11.0439,9.0099,,
2015-08-07,11.0464,9.013,,
2015-08-08,11.0488,9.0217,,
2015-08-09,11.0512,9.0206,,
2015-08-10,11.0541,9.0234,,
2015-08-11,11.0574,9.0355,,
2015-08-12,11.062,9.0508,,
2015-08-13,11.0678,9.0918,,
2015-08-14,11.0704,9.0916,,
2015-08-15,11.0727,9.0896,,
2015-08-16,11.0751,9.0874,,
2015-08-17,11.0781,9.0923,,
2015-08-18,11.0805,9.0901,,
2015-08-19,11.0826,9.0796,,
2015-08-20,11.0848,9.0809,,
2015-08-21,11.0865,9.0611,,
2015-08-22,11.0889,9.0515,,
2015-08-23,11.0913,9.0493,,
2015-08-24,11.0884,8.9962,,
2015-08-25,11.0909,8.9897,,
2015-08-26,11.0932,8.9919,,
2015-08-27,11.0975,9.0171,,
2015-08-28,11.1001,9.0158,,
2015-08-29,11.1025,9.0137,,
2015-08-30,11.1049,9.0126,,
2015-08-31,11.1069,9.0066,,
2015-09-01,11.1103,9.0196,,
2015-09-02,11.1106,8.998,,
2015-09-03,11.1065,8.9289,,
2015-09-04,11.1053,8.8894,,
2015-09-05,11.1076,8.8884,,
2015-09-06,11.11,8.8863,,
2015-09-07,11.1101,8.8617,,
2015-09-08,11.1121,8.8546,,
2015-09-09,11.1174,8.881,,
2015-09-10,11.1095,8.7834,,
2015-09-11,11.1115,8.7721,,
2015-09-12,11.1139,8.7764,,
2015-09-13,11.1163,8.7754,,
2015-09-14,11.1173,8.7596,,
2015-09-15,11.1204,8.7634,,
2015-09-16,11.1215,8.7486,,
2015-09-17,11.1239,8.7348,,
2015-09-18,11.13,8.7541,,
2015-09-19,11.1324,8.7382,,
2015-09-20,11.1348,8.7372,,
2015-09-21,11.1388,8.7508,,
2015-09-22,11.1423,8.7531,,
2015-09-23,11.1445,8.7587,,
2015-09-24,11.1496,8.7819,,
2015-09-25,11.152,8.7841,,
2015-09-26,11.1544,8.7725,,
2015-09-27,11.1568,8.7704,,
2015-09-28,11.1622,8.7987,,
2015-09-29,11.1871,9.0063,,
2015-09-30,11.1987,9.0747,,
2015-10-01,11.2007,9.0485,,
2015-10-02,11.203,9.0454,,
2015-10-03,11.2053,9.0434,,
2015-10-04,11.2077,9.0413,,
2015-10-05,11.2137,9.0742,,
2015-10-06,11.2145,9.0576,,
2015-10-07,11.2189,9.0293,,
2015-10-08,11.2218,9.0141,,
2015-10-09,11.2222,8.9926,,
2015-10-10,11.2245,8.9895,,
2015-10-11,11.2268,8.9875,,
2015-10-12,11.2285,8.9786,,
2015-10-13,11.233,8.9821,,
2015-10-14,11.2396,9.0123,,
2015-10-15,11.242,9.0112,,
2015-10-16,11.2465,9.0083,,
2015-10-17,11.2488,8.9884,,
2015-10-18,11.2511,8.9864,,
2015-10-19,11.2545,8.995,,
2015-10-20,11.2577,8.9944,,
2015-10-21,11.2584,8.9579,,
2015-10-22,11.2607,8.9622,,
2015-10-23,11.2657,8.9853,,
2015-10-24,11.268,8.9833,,
2015-10-25,11.2704,8.9823,,
2015-10-26,11.2722,8.9744,,
2015-10-27,11.274,8.9633,,
2015-10-28,11.2769,8.965,,
2015-10-29,11.2783,8.9333,,
2015-10-30,11.2788,8.9066,,
2015-10-31,11.2811,8.8888,,
2015-11-01,11.2834,8.8869,,
2015-11-02,11.2857,8.8849,,
2015-11-03,11.2866,8.84,,
2015-11-04,11.2881,8.8303,,
2015-11-05,11.2889,8.7898,,
2015-11-06,11.2904,8.7801,,
2015-11-07,11.2927,8.7656,,
2015-11-08,11.295,8.7637,,
2015-11-09,11.2958,8.7473,,
2015-11-10,11.2979,8.7267,,
2015-11-11,11.3002,8.7279,,
2015-11-12,11.3026,8.729,,
2015-11-13,11.307,8.7483,,
2015-11-14,11.3093,8.7443,,
2015-11-15,11.3117,8.7433,,
2015-11-16,11.3155,8.7558,,
2015-11-17,11.3184,8.7565,,
2015-11-18,11.3204,8.7496,,
2015-11-19,11.3228,8.7497,,
2015-11-20,11.324,8.7278,,
2015-11-21,11.3263,8.7154,,
2015-11-22,11.3287,8.7145,,
2015-11-23,11.3307,8.7097,,
2015-11-24,11.3327,8.7132,,
2015-11-25,11.335,8.7092,,
2015-11-26,11.3372,8.7053,,
2015-11-27,11.3381,8.6931,,
2015-11-28,11.3405,8.69,,
2015-11-29,11.3428,8.6871,,
2015-11-30,11.3431,8.666,,
2015-12-01,11.3457,8.6555,,
2015-12-02,11.3482,8.6586,,
2015-12-03,11.3513,8.653,,
2015-12-04,11.3519,8.6348,,
2015-12-05,11.3543,8.6349,,
2015-12-06,11.3567,8.6339,,
2015-12-07,11.356,8.6023,,
2015-12-08,11.3544,8.5621,,
2015-12-09,11.3545,8.5381,,
2015-12-10,11.3549,8.5181,,
2015-12-11,11.3502,8.4462,,
2015-12-12,11.3526,8.4526,,
2015-12-13,11.355,8.4507,,
2015-12-14,11.3507,8.3858,,
2015-12-15,11.3509,8.3649,,
2015-12-16,11.3554,8.3986,,
2015-12-17,11.3586,8.4188,,
2015-12-18,11.3625,8.4332,,
2015-12-19,11.3649,8.4437,,
2015-12-20,11.3674,8.4438,,
2015-12-21,11.3699,8.4428,,
2015-12-22,11.3727,8.4571,,
2015-12-23,11.372,8.4432,,
2015-12-24,11.3744,8.4547,,
2015-12-25,11.3769,8.4537,,
2015-12-26,11.3793,8.4549,,
2015-12-27,11.3817,8.4529,,
2015-12-28,11.3824,8.4348,,
2015-12-29,11.3839,8.4243,,
2015-12-30,11.3868,8.4189,,
2015-12-31,11.3928,8.443,,
2016-01-01,11.3974,8.4444,,
2016-01-02,11.3998,8.4322,,
2016-01-03,11.4022,8.4303,,
2016-01-04,11.4069,8.4502,,
2016-01-05,11.4072,8.4232,,
2016-01-06,11.4109,8.4408,,
2016-01-07,11.4141,8.4444,,
2016-01-08,11.4167,8.4485,,
2016-01-09,11.4191,8.4548,,
2016-01-10,11.4215,8.4529,,
2016-01-11,11.4244,8.4567,,
2016-01-12,11.4225,8.4068,,
2016-01-13,11.422,8.3784,,
2016-01-14,11.4221,8.3536,,
2016-01-15,11.4216,8.2832,,
2016-01-16,11.4241,8.2843,,
2016-01-17,11.4265,8.2824,,
2016-01-18,11.4285,8.2778,,
2016-01-19,11.431,8.285,,
2016-01-20,11.4319,8.2853,,
2016-01-21,11.4357,8.309,,
2016-01-22,11.4373,8.3016,,
2016-01-23,11.4398,8.2976,,
2016-01-24,11.4422,8.2957,,
2016-01-25,11.4453,8.3015,,
2016-01-26,11.4478,8.3005,,
2016-01-27,11.4487,8.2865,,
2016-01-28,11.4486,8.2641,,
2016-01-29,11.4489,8.2444,,
2016-01-30,11.4513,8.2466,,
2016-01-31,11.4538,8.2457,,
2016-02-01,11.4571,8.2523,,
2016-02-02,11.4583,8.2412,,
2016-02-03,11.4579,8.219,,
2016-02-04,11.4604,8.2201,,
2016-02-05,11.4618,8.2108,,
2016-02-06,11.4642,8.2233,,
2016-02-07,11.4667,8.2224,,
2016-02-08,11.4693,8.2224,,
2016-02-09,11.4726,8.2566,,
2016-02-10,11.4753,8.2606,,
2016-02-11,11.478,8.284,,
2016-02-12,11.4787,8.3141,,
2016-02-13,11.4812,8.304,,
2016-02-14,11.4838,8.303,,
2016-02-15,11.4884,8.3198,,
2016-02-16,11.4908,8.3179,,
2016-02-17,11.4921,8.3047,,
2016-02-18,11.4934,8.2914,,
2016-02-19,11.4959,8.2895,,
2016-02-20,11.4984,8.2763,,
2016-02-21,11.5009,8.2743,,
2016-02-22,11.5018,8.2573,,
2016-02-23,11.4967,8.1615,,
2016-02-24,11.4951,8.1129,,
2016-02-25,11.4928,8.0506,,
2016-02-26,11.4955,8.0506,,
2016-02-27,11.498,8.0517,,
2016-02-28,11.5,8.0451,,
2016-02-29,11.5135,8.1476,,
2016-03-01,11.5182,8.1653,,
2016-03-02,11.5233,8.1858,,
2016-03-03,11.5273,8.1381,,
2016-03-04,11.5303,8.1378,,
2016-03-05,11.5327,8.136,,
2016-03-06,11.5351,8.1341,,
2016-03-07,11.5375,8.1323,,
2016-03-08,11.5399,8.1365,,
2016-03-09,11.5427,8.1435,,
2016-03-10,11.5453,8.1456,,
2016-03-11,11.5469,8.1383,,
2016-03-12,11.5494,8.1354,,
2016-03-13,11.5519,8.1335,,
2016-03-14,11.5589,8.1747,,
2016-03-15,11.5634,8.1925,,
2016-03-16,11.5676,8.2045,,
2016-03-17,11.5732,8.2356,,
2016-03-18,11.5784,8.2609,,
2016-03-19,11.5808,8.2601,,
2016-03-20,11.5832,8.2572,,
2016-03-21,11.5898,8.2946,,
2016-03-22,11.5904,8.2871,,
2016-03-23,11.5884,8.2563,,
2016-03-24,11.5909,8.2513,,
2016-03-25,11.5934,8.2443,,
2016-03-26,11.5959,8.2424,,
2016-03-27,11.5984,8.2405,,
2016-03-28,11.601,8.2395,,
2016-03-29,11.6045,8.2439,,
2016-03-30,11.6094,8.1292,,
2016-03-31,11.6301,8.2988,,
2016-04-01,11.6325,8.298,,
2016-04-02,11.635,8.298,,
2016-04-03,11.6374,8.2982,,
2016-04-04,11.6529,8.4192,,
2016-04-05,11.6618,8.4778,,
2016-04-06,11.6623,8.4593,,
2016-04-07,11.6676,8.4854,,
2016-04-08,11.67,8.4845,,
2016-04-09,11.6724,8.4826,,
2016-04-10,11.6748,8.4817,,
2016-04-11,11.6774,8.4827,,
2016-04-12,11.6804,8.4874,,
2016-04-13,11.6842,8.4995,,
2016-04-14,11.6865,8.4967,,
2016-04-15,11.6889,8.4958,,
2016-04-16,11.6948,8.5274,,
2016-04-17,11.6972,8.5265,,
2016-04-18,11.7016,8.5431,,
2016-04-19,11.704,8.5422,,
2016-04-20,11.7062,8.5395,,
2016-04-21,11.7071,8.5247,,
2016-04-22,11.7097,8.5256,,
2016-04-23,11.7121,8.5237,,
2016-04-24,11.7145,8.5229,,
2016-04-25,11.7159,8.5127,,
2016-04-26,11.7185,8.5137,,
2016-04-27,11.7187,8.4914,,
2016-04-28,11.7193,8.4739,,
2016-04-29,11.7201,8.4582,,
2016-04-30,11.7223,8.4555,,
2016-05-01,11.7247,8.4546,,
2016-05-02,11.7264,8.4462,,
2016-05-03,11.7286,8.4435,,
2016-05-04,11.7335,8.4658,,
2016-05-05,11.7364,8.4695,,
2016-05-06,11.7376,8.4565,,
2016-05-07,11.74,8.4557,,
2016-05-08,11.7424,8.4548,,
2016-05-09,11.7457,8.4622,,
2016-05-10,11.7486,8.466,,
2016-05-11,11.7503,8.4576,,
2016-05-12,11.753,8.4595,,
2016-05-13,11.7559,8.4633,,
2016-05-14,11.7583,8.4624,,
2016-05-15,11.7607,8.4605,,
2016-05-16,11.764,8.468,,
2016-05-17,11.7662,8.4652,,
2016-05-18,11.7699,8.4763,,
2016-05-19,11.7723,8.4755,,
2016-05-20,11.7744,8.4708,,
2016-05-21,11.7768,8.47,,
2016-05-22,11.7792,8.4691,,
2016-05-23,11.781,8.4627,,
2016-05-24,11.7843,8.4691,,
2016-05-25,11.7865,8.4664,,
2016-05-26,11.7889,8.4655,,
2016-05-27,11.7909,8.461,,
2016-05-28,11.7933,8.4601,,
2016-05-29,11.7956,8.4573,,
2016-05-30,11.7972,8.4491,,
2016-05-31,11.7991,8.4436,,
2016-06-01,11.8021,8.4483,,
2016-06-02,11.805,8.451,,
2016-06-03,11.8081,8.4566,,
2016-06-04,11.8105,8.4119,,
2016-06-05,11.8129,8.4329,,
2016-06-06,11.8161,8.4633,,
2016-06-07,11.8184,8.4645,,
2016-06-08,11.8209,8.4655,,
2016-06-09,11.8234,8.5014,,
2016-06-10,11.8257,8.5255,,
2016-06-11,11.8281,8.5266,,
2016-06-12,11.8304,8.5258,,
2016-06-13,11.8327,8.524,,
2016-06-14,11.8347,8.6011,,
2016-06-15,11.8375,8.6288,,
2016-06-16,11.8404,8.6146,,
2016-06-17,11.8426,8.5591,,
2016-06-18,11.845,8.5433,,
2016-06-19,11.8473,8.5405,,
2016-06-20,11.8499,8.5414,,
2016-06-21,11.8521,8.5367,,
2016-06-22,11.8552,8.5571,,
2016-06-23,11.8581,8.5479,,
2016-06-24,11.8602,8.584,,
2016-06-25,11.8626,8.5951,,
2016-06-26,11.865,8.5932,,
2016-06-27,11.8677,8.594,,
2016-06-28,11.8695,8.5896,,
2016-06-29,11.8727,8.5871,,
2016-06-30,11.875,8.5754,,
2016-07-01,11.8787,8.5705,,
2016-07-02,11.8811,8.5339,,
2016-07-03,11.8834,8.5311,,
2016-07-04,11.8877,8.5476,,
2016-07-05,11.8925,8.5429,,
2016-07-06,11.8948,8.5163,,
2016-07-07,11.8979,8.5179,,
2016-07-08,11.9002,8.5359,,
2016-07-09,11.9025,8.5193,,
2016-07-10,11.9049,8.5174,,
2016-07-11,11.9094,8.5347,,
2016-07-12,11.9147,8.577,,
2016-07-13,11.9177,8.5569,,
2016-07-14,11.9219,8.5536,,
2016-07-15,11.9242,8.5617,,
2016-07-16,11.9265,8.5569,,
2016-07-17,11.9288,8.5542,,
2016-07-18,11.9383,8.6179,,
2016-07-19,11.9434,8.6406,,
2016-07-20,11.9461,8.6355,,
2016-07-21,11.9484,8.6159,,
2016-07-22,11.9508,8.614,,
2016-07-23,11.9531,8.5984,,
2016-07-24,11.9554,8.5966,,
2016-07-25,11.9577,8.5938,,
2016-07-26,11.9655,8.637,,
2016-07-27,11.9667,8.6124,,
2016-07-28,11.9692,8.5789,,
2016-07-29,11.9716,8.5859,,
2016-07-30,11.9739,8.5605,,
2016-07-31,11.9762,8.5578,,
2016-08-01,11.9786,8.5569,,
2016-08-02,11.9818,8.5524,,
2016-08-03,11.9842,8.5722,,
2016-08-04,11.9874,8.5796,,
2016-08-05,11.9906,8.5722,,
2016-08-06,11.9929,8.5684,,
2016-08-07,11.9952,8.5656,,
2016-08-08,11.9971,8.5593,,
2016-08-09,12.0,8.557,,
2016-08-10,12.002,8.5427,,
2016-08-11,12.0101,8.5708,,
2016-08-12,12.0131,8.541,,
2016-08-13,12.0154,8.5363,,
2016-08-14,12.0177,8.5345,,
2016-08-15,12.02,8.5318,,
2016-08-16,12.0219,8.5195,,
2016-08-17,12.0242,8.5168,,
2016-08-18,12.0261,8.5133,,
2016-08-19,12.0306,8.5324,,
2016-08-20,12.0329,8.5365,,
2016-08-21,12.0352,8.5338,,
2016-08-22,12.0373,8.5292,,
2016-08-23,12.0381,8.5648,,
2016-08-24,12.0391,8.5494,,
2016-08-25,12.0406,8.5404,,
2016-08-26,12.0429,8.519,,
2016-08-27,12.0452,8.5143,,
2016-08-28,12.0475,8.5116,,
2016-08-29,12.0503,8.5134,,
2016-08-30,12.0521,8.51,,
2016-08-31,12.0543,8.4966,,
2016-09-01,12.0577,8.5243,,
2016-09-02,12.0607,8.5914,,
2016-09-03,12.063,8.6238,,
2016-09-04,12.0653,8.622,,
2016-09-05,12.0676,8.6193,,
2016-09-06,12.07,8.6399,,
2016-09-07,12.0742,8.6581,,
2016-09-08,12.0775,8.636,,
2016-09-09,12.08,8.7358,,
2016-09-10,12.0822,8.736,,
2016-09-11,12.0845,8.7332,,
2016-09-12,12.0865,8.7277,,
2016-09-13,12.0888,8.7386,,
2016-09-14,12.0912,8.7299,,
2016-09-15,12.0936,8.7407,,
2016-09-16,12.0957,8.7361,,
2016-09-17,12.098,8.6972,,
2016-09-18,12.1003,8.6944,,
2016-09-19,12.1027,8.6926,,
2016-09-20,12.107,8.6921,,
2016-09-21,12.1088,8.6742,,
2016-09-22,12.1116,8.6778,,
2016-09-23,12.1143,8.6523,,
2016-09-24,12.1166,8.6496,,
2016-09-25,12.1189,8.6468,,
2016-09-26,12.1236,8.6656,,
2016-09-27,12.1285,8.6569,,
2016-09-28,12.1322,8.4481,,
2016-09-29,12.1336,8.3483,,
2016-09-30,12.14,8.3861,,
2016-10-01,12.1422,8.3835,,
2016-10-02,12.1444,8.3809,,
2016-10-03,12.1496,8.404,,
2016-10-04,12.154,8.3853,,
2016-10-05,12.1622,8.4507,,
2016-10-06,12.1682,8.4616,,
2016-10-07,12.1703,8.4523,,
2016-10-08,12.1725,8.468,,
2016-10-09,12.1747,8.4654,,
2016-10-10,12.1762,8.4566,,
2016-10-11,12.1784,8.4597,,
2016-10-12,12.1806,8.4359,,
2016-10-13,12.1825,8.3891,,
2016-10-14,12.1831,8.3713,,
2016-10-15,12.1853,8.3475,,
2016-10-16,12.1875,8.3449,,
2016-10-17,12.1878,8.3254,,
2016-10-18,12.1894,8.3069,,
2016-10-19,12.1882,8.2655,,
2016-10-20,12.1904,8.2783,,
2016-10-21,12.1933,8.2819,,
2016-10-22,12.1955,8.2534,,
2016-10-23,12.1977,8.2508,,
2016-10-24,12.1998,8.2464,,
2016-10-25,12.2006,8.2362,,
2016-10-26,12.2022,8.2331,,
2016-10-27,12.2036,8.2177,,
2016-10-28,12.2059,8.2246,,
2016-10-29,12.2082,8.2402,,
2016-10-30,12.2104,8.2377,,
2016-10-31,12.2127,8.236,,
2016-11-01,12.2148,8.2325,,
2016-11-02,12.2169,8.2425,,
2016-11-03,12.2189,8.2459,,
2016-11-04,12.2211,8.2577,,
2016-11-05,12.2234,8.2637,,
2016-11-06,12.2257,8.262,,
2016-11-07,12.2279,8.2594,,
2016-11-08,12.2303,8.273,,
2016-11-09,12.2366,8.3086,,
2016-11-10,12.2408,8.3237,,
2016-11-11,12.2445,8.3335,,
2016-11-12,12.2467,8.3108,,
2016-11-13,12.2489,8.3082,,
2016-11-14,12.2511,8.3047,,
2016-11-15,12.2613,8.3584,,
2016-11-16,12.2697,8.4049,,
2016-11-17,12.2723,8.4087,,
2016-11-18,12.2764,8.4219,,
2016-11-19,12.2785,8.429,,
2016-11-20,12.2806,8.4255,,
2016-11-21,12.2851,8.4423,,
2016-11-22,12.2901,8.4673,,
2016-11-23,12.294,8.4825,,
2016-11-24,12.3003,8.5161,,
2016-11-25,12.3024,8.5136,,
2016-11-26,12.3045,8.5235,,
2016-11-27,12.3065,8.5181,,
2016-11-28,12.3027,8.4626,,
2016-11-29,12.3044,8.4748,,
2016-11-30,12.3075,8.4772,,
2016-12-01,12.3094,8.4701,,
2016-12-02,12.3099,8.4448,,
2016-12-03,12.312,8.4576,,
2016-12-04,12.3141,8.4532,,
2016-12-05,12.3164,8.4505,,
2016-12-06,12.3188,8.4783,,
2016-12-07,12.3115,8.4293,,
2016-12-08,12.3123,8.4354,,
2016-12-09,12.3161,8.4651,,
2016-12-10,12.3182,8.5285,,
2016-12-11,12.3204,8.5249,,
2016-12-12,12.3225,8.5205,,
2016-12-13,12.3256,8.5889,,
2016-12-14,12.3282,8.6099,,
2016-12-15,12.3298,8.5809,,
2016-12-16,12.329,8.5433,,
2016-12-17,12.3312,8.5254,,
2016-12-18,12.3334,8.5219,,
2016-12-19,12.3356,8.5173,,
2016-12-20,12.3378,8.5128,,
2016-12-21,12.3398,8.5037,,
2016-12-22,12.342,8.5297,,
2016-12-23,12.3441,8.5253,,
2016-12-24,12.3462,8.5199,,
2016-12-25,12.3483,8.5155,,
2016-12-26,12.3498,8.5058,,
2016-12-27,12.3509,8.5088,,
2016-12-28,12.3522,8.5059,,
2016-12-29,12.3543,8.4967,,
2016-12-30,12.3568,8.4615,,
2016-12-31,12.3591,8.4379,,
2017-01-01,12.3613,8.4344,,
2017-01-02,12.3643,8.4378,,
2017-01-03,12.3684,8.4291,,
2017-01-04,12.3711,8.4499,,
2017-01-05,12.3739,8.4393,,
2017-01-06,12.376,8.4273,,
2017-01-07,12.3782,8.4219,,
2017-01-08,12.3803,8.4175,,
2017-01-09,12.3822,8.4113,,
2017-01-10,12.3839,8.3987,,
2017-01-11,12.3851,8.4272,,
2017-01-12,12.3873,8.4512,,
2017-01-13,12.3883,8.459,,
2017-01-14,12.3905,8.483,,
2017-01-15,12.3928,8.4794,,
2017-01-16,12.3952,8.4777,,
2017-01-17,12.3971,8.4753,,
2017-01-18,12.4006,8.4822,,
2017-01-19,12.4037,8.5008,,
2017-01-20,12.4066,8.4901,,
2017-01-21,12.4088,8.4941,,
2017-01-22,12.4109,8.4888,,
2017-01-23,12.4131,8.4853,,
2017-01-24,12.4154,8.476,,
2017-01-25,12.418,8.475,,
2017-01-26,12.4202,8.4857,,
2017-01-27,12.4227,8.5085,,
2017-01-28,12.4249,8.5248,,
2017-01-29,12.4271,8.5213,,
2017-01-30,12.429,8.5142,,
2017-01-31,12.4316,8.5056,,
2017-02-01,12.4347,8.5213,,
2017-02-02,12.4379,8.5531,,
2017-02-03,12.441,8.5564,,
2017-02-04,12.4431,8.5615,,
2017-02-05,12.4452,8.5571,,
2017-02-06,12.4484,8.5613,,
2017-02-07,12.4509,8.5585,,
2017-02-08,12.448,8.502,,
2017-02-09,12.4503,8.4965,,
2017-02-10,12.4535,8.4989,,
2017-02-11,12.4557,8.5114,,
2017-02-12,12.458,8.5078,,
2017-02-13,12.4611,8.5102,,
2017-02-14,12.464,8.492,,
2017-02-15,12.4659,8.4859,,
2017-02-16,12.4683,8.4945,,
2017-02-17,12.4706,8.5023,,
2017-02-18,12.4728,8.4978,,
2017-02-19,12.4749,8.4925,,
2017-02-20,12.4772,8.4889,,
2017-02-21,12.4794,8.4995,,
2017-02-22,12.4821,8.5712,,
2017-02-23,12.4848,8.6098,,
2017-02-24,12.487,8.6506,,
2017-02-25,12.4892,8.6443,,
2017-02-26,12.4914,8.6398,,
2017-02-27,12.4952,8.6539,,
2017-02-28,12.4982,8.5526,,
2017-03-01,12.5007,8.53,,
2017-03-02,12.5033,8.5045,,
2017-03-03,12.505,8.4816,,
2017-03-04,12.5071,8.4716,,
2017-03-05,12.5091,8.4664,,
2017-03-06,12.51,8.4516,,
2017-03-07,12.5118,8.4446,,
2017-03-08,12.5143,8.4437,,
2017-03-09,12.5169,8.44,,
2017-03-10,12.5191,8.4346,,
2017-03-11,12.5213,8.4386,,
2017-03-12,12.5235,8.4342,,
2017-03-13,12.5257,8.4298,,
2017-03-14,12.5277,8.3814,,
2017-03-15,12.5304,8.3626,,
2017-03-16,12.5327,8.3431,,
2017-03-17,12.5355,8.3149,,
2017-03-18,12.5376,8.2844,,
2017-03-19,12.5397,8.2801,,
2017-03-20,12.5421,8.2784,,
2017-03-21,12.5464,8.2538,,
2017-03-22,12.5492,8.2724,,
2017-03-23,12.5513,8.3092,,
2017-03-24,12.5531,8.3013,,
2017-03-25,12.5552,8.2961,,
2017-03-26,12.5573,8.2909,,
2017-03-27,12.5593,8.2848,,
2017-03-28,12.5615,8.2795,,
2017-03-29,12.5629,8.2589,,
2017-03-30,12.5655,8.2356,,
2017-03-31,12.5694,8.0765,,
2017-04-01,12.5715,8.0722,,
2017-04-02,12.5735,8.0662,,
2017-04-03,12.5754,8.0602,,
2017-04-04,12.5775,7.9345,,
2017-04-05,12.5795,7.8693,,
2017-04-06,12.581,7.8775,,
2017-04-07,12.5837,7.8517,,
2017-04-08,12.5858,7.8475,,
2017-04-09,12.5879,7.8433,,
2017-04-10,12.59,7.8391,,
2017-04-11,12.5921,7.8331,,
2017-04-12,12.5942,7.8234,,
2017-04-13,12.5962,7.8054,,
2017-04-14,12.5981,7.8005,,
2017-04-15,12.6032,7.822,,
2017-04-16,12.6051,7.7838,,
2017-04-17,12.6073,7.7805,,
2017-04-18,12.6094,7.7579,,
2017-04-19,12.6115,7.7538,,
2017-04-20,12.6137,7.7523,,
2017-04-21,12.6158,7.762,,
2017-04-22,12.6179,7.756,,
2017-04-23,12.6201,7.7527,,
2017-04-24,12.6222,7.7485,,
2017-04-25,12.6244,7.7544,,
2017-04-26,12.6265,7.7484,,
2017-04-27,12.6287,7.7654,,
2017-04-28,12.6307,7.7769,,
2017-04-29,12.6327,7.7866,,
2017-04-30,12.6348,7.7843,,
2017-05-01,12.6368,7.7793,,
2017-05-02,12.6389,7.7816,,
2017-05-03,12.6411,7.7801,,
2017-05-04,12.6432,7.753,,
2017-05-05,12.6453,7.7443,,
2017-05-06,12.6475,7.752,,
2017-05-07,12.6496,7.7479,,
2017-05-08,12.6518,7.7446,,
2017-05-09,12.6539,7.7322,,
2017-05-10,12.6561,7.7243,,
2017-05-11,12.6582,7.7266,,
2017-05-12,12.6603,7.7197,,
2017-05-13,12.6624,7.711,,
2017-05-14,12.6645,7.7069,,
2017-05-15,12.6667,7.7036,,
2017-05-16,12.6689,7.6921,,
2017-05-17,12.671,7.6898,,
2017-05-18,12.6731,7.6738,,
2017-05-19,12.6753,7.6705,,
2017-05-20,12.6774,7.6692,,
2017-05-21,12.6795,7.6651,,
2017-05-22,12.6817,7.6618,,
2017-05-23,12.6838,7.6632,,
2017-05-24,12.6859,7.6509,,
2017-05-25,12.688,7.6486,,
2017-05-26,12.6899,7.6428,,
2017-05-27,12.6918,7.6406,,
2017-05-28,12.6937,7.6348,,
2017-05-29,12.6958,7.6317,,
2017-05-30,12.6979,7.6349,,
2017-05-31,12.7001,7.6362,,
2017-06-01,12.7022,7.6266,,
2017-06-02,12.7043,7.618,,
2017-06-03,12.7064,7.6075,,
2017-06-04,12.7086,7.6043,,
2017-06-05,12.7107,7.6002,,
2017-06-06,12.7128,7.5888,,
2017-06-07,12.7159,7.5941,,
2017-06-08,12.7181,7.5899,,
2017-06-09,12.7198,7.5816,,
2017-06-10,12.7216,7.5759,27.0014,
2017-06-11,12.7233,7.5684,26.9892,
2017-06-12,12.7254,7.5653,26.9949,
2017-06-13,12.7274,7.5612,26.987,
2017-06-14,12.7293,7.5591,26.9768,
2017-06-15,12.7318,7.5548,26.9828,
2017-06-16,12.7338,7.5454,26.9723,
2017-06-17,12.736,7.544,26.9905,
2017-06-18,12.7381,7.5399,26.9772,
2017-06-19,12.7397,7.5325,26.9653,
2017-06-20,12.7419,7.5275,26.9594,
2017-06-21,12.743,7.5168,26.9425,
2017-06-22,12.7451,7.5064,26.9255,
2017-06-23,12.7464,7.4911,26.9094,
2017-06-24,12.7485,7.4898,26.8924,
2017-06-25,12.7506,7.4857,26.8855,
2017-06-26,12.7527,7.4817,26.8673,
2017-06-27,12.7549,7.4758,26.8601,
2017-06-28,12.757,7.4771,26.8533,
2017-06-29,12.7591,7.4659,26.8338,
2017-06-30,12.761,7.4611,26.7935,
2017-07-01,12.7631,7.4453,26.7979,
2017-07-02,12.7653,7.4421,26.7883,
2017-07-03,12.7674,7.4389,26.7689,
2017-07-04,12.7693,7.4161,26.7588,
2017-07-05,12.7722,7.3971,26.7599,
2017-07-06,12.7757,7.4058,26.7632,
2017-07-07,12.7776,7.3937,26.7644,
2017-07-08,12.7795,7.389,26.787,
2017-07-09,12.7814,7.3842,26.7971,
2017-07-10,12.7836,7.381,26.9575,
2017-07-11,12.7865,7.3648,26.9573,
2017-07-12,12.7889,7.3372,26.9521,
2017-07-13,12.7928,7.3429,26.9543,
2017-07-14,12.7954,7.3269,26.9649,
2017-07-15,12.7975,7.3238,26.9228,
2017-07-16,12.7997,7.3215,26.9081,
2017-07-17,12.8043,7.3394,26.9248,
2017-07-18,12.8076,7.2816,26.9286,
2017-07-19,12.8115,7.2684,26.9383,
2017-07-20,12.814,7.2651,26.9392,
2017-07-21,12.8165,7.2654,26.9086,
2017-07-22,12.8186,7.2614,26.8967,
2017-07-23,12.8207,7.2584,26.9137,
2017-07-24,12.8227,7.2545,26.8908,
2017-07-25,12.825,7.2531,26.8847,
2017-07-26,12.8272,7.2015,26.8776,
2017-07-27,12.8292,7.2075,26.861,
2017-07-28,12.8311,7.201,26.8509,
2017-07-29,12.8332,7.197,26.8567,
2017-07-30,12.8353,7.194,26.8511,
2017-07-31,12.8376,7.1926,26.8788,
2017-08-01,12.8398,7.1895,26.8717,
2017-08-02,12.8421,7.1801,26.8656,
2017-08-03,12.8447,7.1803,26.8437,
2017-08-04,12.8473,7.1734,26.8368,
2017-08-05,12.8493,7.1614,26.8303,
2017-08-06,12.8513,7.1576,26.825,
2017-08-07,12.8535,7.1554,26.8291,
2017-08-08,12.8556,7.1559,26.8211,
2017-08-09,12.8569,7.1408,26.8039,
2017-08-10,12.8589,7.1396,26.7999,
2017-08-11,12.8609,7.084,26.7846,
2017-08-12,12.863,7.0748,26.7865,
2017-08-13,12.8651,7.0718,26.7772,
2017-08-14,12.8672,7.0687,26.7692,
2017-08-15,12.8693,7.0657,26.7599,
2017-08-16,12.8713,7.0654,26.7509,
2017-08-17,12.8734,7.0624,26.7416,
2017-08-18,12.875,7.0588,26.7212,
2017-08-19,12.877,7.0354,26.7172,
2017-08-20,12.879,7.0316,26.6945,
2017-08-21,12.882,7.036,26.6854,
2017-08-22,12.8842,7.0356,26.6771,
2017-08-23,12.8863,7.046,26.6691,
2017-08-24,12.8878,7.0495,26.6477,
2017-08-25,12.89,7.0545,26.6457,
2017-08-26,12.8921,7.0515,26.6464,
2017-08-27,12.8942,7.0485,26.636,
2017-08-28,12.8963,7.0454,26.6267,
2017-08-29,12.8983,7.0372,26.6178,
2017-08-30,12.8997,7.0328,26.6017,
2017-08-31,12.9018,7.0307,26.5987,
2017-09-01,12.9038,7.0171,26.5898,
2017-09-02,12.9057,7.0062,26.5749,
2017-09-03,12.9076,7.0016,26.5612,
2017-09-04,12.9095,6.9969,26.5526,
2017-09-05,12.9122,6.9989,26.5493,
2017-09-06,12.9141,6.9934,26.5381,
2017-09-07,12.9159,6.9711,26.5248,
2017-09-08,12.9178,6.9576,26.5136,
2017-09-09,12.92,6.9536,26.5116,
2017-09-10,12.9221,6.9515,26.4963,
2017-09-11,12.9242,6.9486,26.4945,
2017-09-12,12.9265,6.9499,26.4886,
2017-09-13,12.9286,6.9469,26.4794,
2017-09-14,12.9307,6.9431,26.469,
2017-09-15,12.9329,6.94,26.4609,
2017-09-16,12.935,6.9388,26.4381,
2017-09-17,12.9372,6.9367,26.4127,
2017-09-18,12.9393,6.9337,26.3875,
2017-09-19,12.9407,6.9241,26.3728,
2017-09-20,12.9422,6.8985,26.3578,
2017-09-21,12.9432,6.8909,26.3306,
2017-09-22,12.9422,6.8579,26.3023,
2017-09-23,12.9443,6.8514,26.292,
2017-09-24,12.9465,6.8493,26.2888,
2017-09-25,12.9492,6.8513,26.2745,
2017-09-26,12.9515,6.8288,26.2674,
2017-09-27,12.9532,6.7997,26.2557,
2017-09-28,12.9546,6.7787,26.2287,
2017-09-29,12.957,6.7861,26.2004,
2017-09-30,12.9591,6.7471,26.1681,
2017-10-01,12.9613,6.7459,26.16,
2017-10-02,12.9634,6.7438,26.1522,
2017-10-03,12.9671,6.7286,26.1587,
2017-10-04,12.9697,6.7114,26.1546,
2017-10-05,12.9734,6.6698,26.1623,
2017-10-06,12.9753,6.6329,26.0987,
2017-10-07,12.9774,6.6317,26.0688,
2017-10-08,12.9796,6.6305,26.0608,
2017-10-09,12.9822,6.6326,26.0567,
2017-10-10,12.9847,6.64,26.0528,
2017-10-11,12.9872,6.6413,26.0477,
2017-10-12,12.9901,6.6458,26.0294,
2017-10-13,12.9923,6.6472,26.0116,
2017-10-14,12.9945,6.66,26.0048,
2017-10-15,12.9966,6.658,25.9714,
2017-10-16,12.9987,6.656,25.943,
2017-10-17,13.0009,6.6714,25.9362,
2017-10-18,13.0031,6.6755,25.9295,
2017-10-19,13.0053,6.704,25.9142,
2017-10-20,13.0074,6.702,25.8846,
2017-10-21,13.0096,6.6947,25.8851,
2017-10-22,13.0117,6.6926,25.8762,
2017-10-23,13.0139,6.6914,25.8695,
2017-10-24,13.0155,6.6862,25.857,
2017-10-25,13.0177,6.6972,25.8491,
2017-10-26,13.0197,6.6996,25.8355,
2017-10-27,13.0218,6.7046,25.8254,
2017-10-28,13.0239,6.7017,25.7935,
2017-10-29,13.0261,6.6996,25.7783,
2017-10-30,13.0276,6.6927,25.7466,
2017-10-31,13.0296,6.6889,25.738,
2017-11-01,13.0324,6.6935,25.7371,
2017-11-02,13.0348,6.6948,25.6984,
2017-11-03,13.0376,6.7003,25.6975,
2017-11-04,13.0398,6.6991,25.663,
2017-11-05,13.042,6.697,25.6564,
2017-11-06,13.0442,6.6949,25.6352,
2017-11-07,13.0463,6.6929,25.6276,
2017-11-08,13.0487,6.6916,25.6229,
2017-11-09,13.0508,6.6538,25.5959,
2017-11-10,13.0528,6.6336,25.591,
2017-11-11,13.055,6.6193,25.5868,
2017-11-12,13.0572,6.6181,25.5814,
2017-11-13,13.0589,6.6128,25.5676,
2017-11-14,13.061,6.6108,25.56,
2017-11-15,13.0636,6.5434,25.5572,
2017-11-16,13.0658,6.4883,25.547,
2017-11-17,13.0681,6.4845,25.5389,
2017-11-18,13.0703,6.4669,25.5335,
2017-11-19,13.0725,6.4666,25.5161,
2017-11-20,13.0748,6.4671,25.4984,
2017-11-21,13.0772,6.4476,25.4937,
2017-11-22,13.0796,6.4239,25.4891,
2017-11-23,13.0819,6.4088,25.4931,
2017-11-24,13.084,6.3714,25.4831,
2017-11-25,13.0862,6.3711,25.4753,
2017-11-26,13.0884,6.3708,25.4724,
2017-11-27,13.0905,6.3706,25.4624,
2017-11-28,13.0922,6.4173,25.4499,
2017-11-29,13.0937,6.4148,25.4366,
2017-11-30,13.0958,6.405,25.4159,
2017-12-01,13.098,6.4065,25.4129,
2017-12-02,13.1002,6.42,25.3932,
2017-12-03,13.1024,6.4198,25.3866,
2017-12-04,13.1046,6.4195,25.3813,
2017-12-05,13.1062,6.4126,25.369,
2017-12-06,13.1083,6.4089,25.3603,
2017-12-07,13.1093,6.4801,25.3411,
2017-12-08,13.1114,6.4903,25.3324,
2017-12-09,13.1136,6.4753,25.3259,
2017-12-10,13.1159,6.4758,25.3167,
2017-12-11,13.1176,6.4706,25.3138,
2017-12-12,13.1193,6.4662,25.3013,
2017-12-13,13.1208,6.4516,25.2881,
2017-12-14,13.1227,6.4446,25.28,
2017-12-15,13.1249,6.4486,25.2902,
2017-12-16,13.1271,6.4734,25.2992,
2017-12-17,13.1294,6.473,25.2949,
2017-12-18,13.1311,6.4678,25.2968,
2017-12-19,13.1326,6.461,25.2836,
2017-12-20,13.1323,6.4396,25.252,
2017-12-21,13.1334,6.4312,25.2482,
2017-12-22,13.1356,6.4301,25.2608,
2017-12-23,13.1379,6.4306,25.2696,
2017-12-24,13.1402,6.4311,25.2629,
2017-12-25,13.1425,6.4317,25.2597,
2017-12-26,13.144,6.4309,25.2454,
2017-12-27,13.1458,6.436,25.2339,
2017-12-28,13.1488,6.4491,25.2338,
2017-12-29,13.152,6.4569,25.2261,
2017-12-30,13.1543,6.4539,25.2099,
2017-12-31,13.1566,6.4527,25.1829,
2018-01-01,13.1592,6.4548,25.1672,
2018-01-02,13.1605,6.4395,25.151,
2018-01-03,13.1616,6.4131,25.1329,
2018-01-04,13.1628,6.3996,25.1098,
2018-01-05,13.166,6.4014,25.12,
2018-01-06,13.1683,6.4019,25.1109,
2018-01-07,13.1706,6.4016,25.109,
2018-01-08,13.1729,6.4021,25.1118,
2018-01-09,13.1753,6.4052,25.1061,
2018-01-10,13.1771,6.4051,25.0959,
2018-01-11,13.1792,6.4117,25.079,
2018-01-12,13.1799,6.3985,25.0584,
2018-01-13,13.1823,6.4093,25.0515,
2018-01-14,13.1847,6.4097,24.9983,
2018-01-15,13.1866,6.4053,24.9903,
2018-01-16,13.1884,6.3993,24.9789,
2018-01-17,13.1891,6.3886,24.9583,
2018-01-18,13.1914,6.3771,24.9612,
2018-01-19,13.1936,6.3683,24.9725,
2018-01-20,13.1959,6.3619,24.9801,
2018-01-21,13.1983,6.3624,24.9768,
2018-01-22,13.2001,6.3589,24.9619,
2018-01-23,13.2023,6.3578,24.9543,
2018-01-24,13.2034,6.347,24.9375,
2018-01-25,13.2061,6.3464,24.9347,
2018-01-26,13.2085,6.3469,24.9314,
2018-01-27,13.2109,6.3448,24.9293,
2018-01-28,13.2133,6.3453,24.926,
2018-01-29,13.2158,6.3466,24.926,
2018-01-30,13.2188,6.3545,24.926,
2018-01-31,13.2219,6.3572,24.927,
2018-02-01,13.2241,6.3484,24.9218,
2018-02-02,13.2263,6.3387,24.9214,
2018-02-03,13.2286,6.3307,24.9171,
2018-02-04,13.231,6.332,24.9139,
2018-02-05,13.2336,6.335,24.9266,
2018-02-06,13.2361,6.3277,24.9219,
2018-02-07,13.2383,6.324,24.9144,
2018-02-08,13.2415,6.3745,24.9481,
2018-02-09,13.2443,6.3774,24.9498,
2018-02-10,13.2467,6.3693,24.97,
2018-02-11,13.2491,6.3698,25.0198,
2018-02-12,13.2519,6.3726,25.0073,
2018-02-13,13.2543,6.3654,25.0005,
2018-02-14,13.257,6.3623,24.9953,
2018-02-15,13.2597,6.3678,24.9925,
2018-02-16,13.2619,6.3649,24.9837,
2018-02-17,13.2643,6.3646,24.9769,
2018-02-18,13.2666,6.3642,24.9692,
2018-02-19,13.269,6.3656,24.9494,
2018-02-20,13.2714,6.3652,24.9426,
2018-02-21,13.2735,6.3633,24.9329,
2018-02-22,13.2759,6.3595,24.9003,
2018-02-23,13.2781,6.3541,24.8822,
2018-02-24,13.2805,6.3546,24.8578,
2018-02-25,13.2829,6.3551,24.851,
2018-02-26,13.2856,6.358,24.8506,
2018-02-27,13.2881,6.3456,24.8447,
2018-02-28,13.29,6.3353,24.8344,
2018-03-01,13.2924,6.3332,24.8265,
2018-03-02,13.2947,6.3295,24.8165,
2018-03-03,13.297,6.3335,24.7397,
2018-03-04,13.2993,6.334,24.7285,
2018-03-05,13.302,6.3386,24.7257,
2018-03-06,13.3049,6.3541,24.7249,
2018-03-07,13.3084,6.3668,24.7296,
2018-03-08,13.3107,6.3639,24.7301,
2018-03-09,13.3132,6.3618,24.7313,
2018-03-10,13.3155,6.3615,24.7272,
2018-03-11,13.3179,6.362,24.724,
2018-03-12,13.3206,6.3648,24.7189,
2018-03-13,13.323,6.3653,24.7122,
2018-03-14,13.3255,6.3683,24.7075,
2018-03-15,13.3282,6.3669,24.7048,
2018-03-16,13.3311,6.3705,24.7004,
2018-03-17,13.3334,6.3651,24.6975,
2018-03-18,13.3356,6.3649,24.6912,
2018-03-19,13.338,6.3662,24.6868,
2018-03-20,13.34,6.3618,24.6764,
2018-03-21,13.3422,6.3429,24.669,
2018-03-22,13.3444,6.3367,24.6744,
2018-03-23,13.3464,6.3348,24.6791,
2018-03-24,13.3487,6.3379,24.668,
2018-03-25,13.351,6.3384,24.6545,
2018-03-26,13.3533,6.3389,24.6469,
2018-03-27,13.3558,6.3419,24.6412,
2018-03-28,13.3596,6.3535,24.6476,
2018-03-29,13.3618,6.3592,24.6355,
2018-03-30,13.364,6.3547,24.4714,
2018-03-31,13.3662,6.3392,24.4653,
2018-04-01,13.3684,6.3389,24.4591,
2018-04-02,13.3707,6.3403,24.4539,
2018-04-03,13.3729,6.3417,24.4488,
2018-04-04,13.3753,6.3431,24.4445,
2018-04-05,13.3776,6.3444,24.4382,
2018-04-06,13.3799,6.3501,24.4329,
2018-04-07,13.3822,6.3455,24.4277,
2018-04-08,13.3845,6.346,24.4225,
2018-04-09,13.3868,6.3466,24.4161,
2018-04-10,13.3891,6.3471,24.4109,
2018-04-11,13.3914,6.3476,24.4057,
2018-04-12,13.3937,6.3482,24.4005,
2018-04-13,13.3959,6.3487,24.3943,
2018-04-14,13.398,6.3494,24.3861,
2018-04-15,13.4002,6.3238,24.38,
2018-04-16,13.4025,6.326,24.3748,
2018-04-17,13.4048,6.3257,24.3696,
2018-04-18,13.4072,6.327,24.3641,
2018-04-19,13.4095,6.3276,24.3589,
2018-04-20,13.4118,6.3272,24.3537,
2018-04-21,13.4141,6.3278,24.3486,
2018-04-22,13.4165,6.3291,24.3443,
2018-04-23,13.4188,6.3288,24.3379,
2018-04-24,13.4211,6.3293,24.3328,
2018-04-25,13.4234,6.329,24.3276,
2018-04-26,13.4257,6.3295,24.3224,
2018-04-27,13.428,6.3292,24.3161,
2018-04-28,13.4303,6.3306,24.3109,
2018-04-29,13.4325,6.3312,24.3048,
2018-04-30,13.4348,6.3317,24.2996,
2018-05-01,13.4371,6.3331,24.2944,
2018-05-02,13.4393,6.3328,24.2872,
2018-05-03,13.4416,6.3325,24.282,
2018-05-04,13.4439,6.333,24.2769,
2018-05-05,13.4461,6.3328,24.2708,
2018-05-06,13.4484,6.3325,24.2645,
2018-05-07,13.4507,6.333,24.2593,
2018-05-08,13.453,6.3327,24.2542,
2018-05-09,13.4553,6.3332,24.249,
2018-05-10,13.4575,6.3321,24.243,
2018-05-11,13.4595,6.3303,24.2339,
2018-05-12,13.4614,6.3277,24.2251,
2018-05-13,13.4633,6.325,24.2162,
2018-05-14,13.4655,6.3248,24.2102,
2018-05-15,13.4677,6.3237,24.203,
2018-05-16,13.4698,6.3218,24.196,
2018-05-17,13.472,6.3215,24.1899,
2018-05-18,13.4741,6.3205,24.183,
2018-05-19,13.4763,6.3194,24.1769,
2018-05-20,13.4785,6.3191,24.1697,
2018-05-21,13.4806,6.3181,24.1628,
2018-05-22,13.4828,6.317,24.1567,
2018-05-23,13.485,6.3167,24.1507,
2018-05-24,13.4871,6.3157,24.1426,
2018-05-25,13.4889,6.3123,24.1329,
2018-05-26,13.4907,6.3105,24.1232,
2018-05-27,13.4925,6.3088,24.1135,
2018-05-28,13.4946,6.3094,24.1065,
2018-05-29,13.4967,6.3084,24.0985,
2018-05-30,13.4988,6.3073,24.0915,
2018-05-31,13.5009,6.3055,24.0846,
2018-06-01,13.5031,6.3052,24.0786,
2018-06-02,13.5052,6.3042,24.0705,
2018-06-03,13.5074,6.3039,24.0645,
2018-06-04,13.5094,6.3012,24.0066,
2018-06-05,13.5115,6.3002,24.0247,
2018-06-06,13.5135,6.2984,24.0442,
2018-06-07,13.5156,6.289,24.0407,
2018-06-08,13.5174,6.2847,24.0322,
2018-06-09,13.5192,6.2847,24.0635,
2018-06-10,13.5209,6.283,24.0825,
2018-06-11,13.5231,6.2861,24.0788,
